account_symbol,symbol,decision_session,decision_time_utc,action,target_weight,status,reason,strategy_id,experiment_id,raw_signal,metadata,rebalance_status
AAPL,AAPL,2024-01-05,2024-01-05T21:00:00+00:00,SELL,0.0,cached,exact cache hit,tradingagents,M0_original_prompt_2024H1,SELL,"{'wall_clock_seconds': 0.010507249971851707, 'run_context': {'mode': 'historical', 'as_of': '2024-01-05T21:00:00+00:00'}, 'market_history_visibility': {'first_session': '2023-01-04', 'last_session': '2024-01-05', 'last_observation_time_utc': '2024-01-05T21:00:00+00:00', 'row_count': 253, 'sha256': '73b40cb0e01d776ab36f6ee1605ff2a854ba3b2750642d3ac54dcfb677551edc'}, 'report_path': 'strategy/cases/AAPL/2024-01-05/reports', 'source_audit_path': 'strategy/cases/AAPL/2024-01-05/source_audit.json', 'cache_key': '94d238f4fd28505fab42f1867c8c6ac59e7cd3d063da133bf04a3a2e1cb9a8ed', 'cache_status': 'hit', 'model_config': {'llm_provider': 'deepseek', 'quick_think_llm': 'deepseek-v4-flash', 'deep_think_llm': 'deepseek-v4-flash', 'backend_url': None, 'deepseek_thinking': 'disabled', 'temperature': 0.0, 'llm_max_retries': None, 'selected_analysts': ['market', 'social', 'news', 'fundamentals'], 'output_language': 'English', 'research_depth': 'medium', 'max_debate_rounds': 3, 'max_risk_discuss_rounds': 3, 'max_recur_limit': 100, 'news_article_limit': 20, 'global_news_article_limit': 10, 'global_news_lookback_days': 7, 'global_news_queries': ['Federal Reserve interest rates inflation', 'S&P 500 earnings GDP economic outlook', 'geopolitical risk trade war sanctions', 'ECB Bank of England BOJ central bank policy', 'oil commodities supply chain energy'], 'data_vendors': {'core_stock_apis': 'yfinance', 'technical_indicators': 'yfinance', 'fundamental_data': 'yfinance', 'news_data': 'yfinance', 'macro_data': 'fred', 'prediction_markets': 'polymarket'}, 'tool_vendors': {}, 'benchmark_ticker': None, 'benchmark_map': {'.NS': '^NSEI', '.BO': '^BSESN', '.T': '^N225', '.HK': '^HSI', '.L': '^FTSE', '.TO': '^GSPTSE', '.AX': '^AXJO', '.SS': '000001.SS', '.SZ': '399001.SZ', '': 'SPY'}, 'memory_mode': 'experiment', 'memory_log_max_entries': None, 'memory_holding_horizon_sessions': 5, 'memory_outcome_price_mode': 'adjusted_close', 'checkpoint_enabled': False, 'point_in_time': True, 'execution_data_source': 'snapshot', 'graph_config_sha256': '5b1b6e1c132c13f9830b377ba9d54bf0c792b087e9917af5f0ada9cc895d661e'}, 'decision_prefix_sha256': '12174bea7513895204879e64958486ac888c62aabaf7a79b961ccb5179e4e59f'}",noop
AAPL,AAPL,2024-01-12,2024-01-12T21:00:00+00:00,HOLD,0.0,cached,exact cache hit,tradingagents,M0_original_prompt_2024H1,HOLD,"{'wall_clock_seconds': 0.010405540990177542, 'run_context': {'mode': 'historical', 'as_of': '2024-01-12T21:00:00+00:00'}, 'market_history_visibility': {'first_session': '2023-01-04', 'last_session': '2024-01-12', 'last_observation_time_utc': '2024-01-12T21:00:00+00:00', 'row_count': 258, 'sha256': 'ac61fa3f408ba364f94814f51b8e58e8b2a6765f49c7d5dd112afa104bb7bfd7'}, 'report_path': 'strategy/cases/AAPL/2024-01-12/reports', 'source_audit_path': 'strategy/cases/AAPL/2024-01-12/source_audit.json', 'cache_key': '358264ee5634e2ac9fe71464ecf9291a6f27dc20bbbfe0ea8a67ebc1271ede1f', 'cache_status': 'hit', 'model_config': {'llm_provider': 'deepseek', 'quick_think_llm': 'deepseek-v4-flash', 'deep_think_llm': 'deepseek-v4-flash', 'backend_url': None, 'deepseek_thinking': 'disabled', 'temperature': 0.0, 'llm_max_retries': None, 'selected_analysts': ['market', 'social', 'news', 'fundamentals'], 'output_language': 'English', 'research_depth': 'medium', 'max_debate_rounds': 3, 'max_risk_discuss_rounds': 3, 'max_recur_limit': 100, 'news_article_limit': 20, 'global_news_article_limit': 10, 'global_news_lookback_days': 7, 'global_news_queries': ['Federal Reserve interest rates inflation', 'S&P 500 earnings GDP economic outlook', 'geopolitical risk trade war sanctions', 'ECB Bank of England BOJ central bank policy', 'oil commodities supply chain energy'], 'data_vendors': {'core_stock_apis': 'yfinance', 'technical_indicators': 'yfinance', 'fundamental_data': 'yfinance', 'news_data': 'yfinance', 'macro_data': 'fred', 'prediction_markets': 'polymarket'}, 'tool_vendors': {}, 'benchmark_ticker': None, 'benchmark_map': {'.NS': '^NSEI', '.BO': '^BSESN', '.T': '^N225', '.HK': '^HSI', '.L': '^FTSE', '.TO': '^GSPTSE', '.AX': '^AXJO', '.SS': '000001.SS', '.SZ': '399001.SZ', '': 'SPY'}, 'memory_mode': 'experiment', 'memory_log_max_entries': None, 'memory_holding_horizon_sessions': 5, 'memory_outcome_price_mode': 'adjusted_close', 'checkpoint_enabled': False, 'point_in_time': True, 'execution_data_source': 'snapshot', 'graph_config_sha256': '5b1b6e1c132c13f9830b377ba9d54bf0c792b087e9917af5f0ada9cc895d661e'}, 'decision_prefix_sha256': 'a99457aaffaf2b487f10076bc2f865d1fc815982851eae4c637a37057ade1395'}",noop
AAPL,AAPL,2024-01-19,2024-01-19T21:00:00+00:00,HOLD,0.0,cached,exact cache hit,tradingagents,M0_original_prompt_2024H1,HOLD,"{'wall_clock_seconds': 0.011005583975929767, 'run_context': {'mode': 'historical', 'as_of': '2024-01-19T21:00:00+00:00'}, 'market_history_visibility': {'first_session': '2023-01-04', 'last_session': '2024-01-19', 'last_observation_time_utc': '2024-01-19T21:00:00+00:00', 'row_count': 262, 'sha256': '69738cb072abf816687cc610cdbc2addc18f7e9001cc5e2a36fe47a7c01f3923'}, 'report_path': 'strategy/cases/AAPL/2024-01-19/reports', 'source_audit_path': 'strategy/cases/AAPL/2024-01-19/source_audit.json', 'cache_key': 'c89fa8fddecb90b450e7b9b4930562354c7917653fb68842d4a0fe8f6e96b659', 'cache_status': 'hit', 'model_config': {'llm_provider': 'deepseek', 'quick_think_llm': 'deepseek-v4-flash', 'deep_think_llm': 'deepseek-v4-flash', 'backend_url': None, 'deepseek_thinking': 'disabled', 'temperature': 0.0, 'llm_max_retries': None, 'selected_analysts': ['market', 'social', 'news', 'fundamentals'], 'output_language': 'English', 'research_depth': 'medium', 'max_debate_rounds': 3, 'max_risk_discuss_rounds': 3, 'max_recur_limit': 100, 'news_article_limit': 20, 'global_news_article_limit': 10, 'global_news_lookback_days': 7, 'global_news_queries': ['Federal Reserve interest rates inflation', 'S&P 500 earnings GDP economic outlook', 'geopolitical risk trade war sanctions', 'ECB Bank of England BOJ central bank policy', 'oil commodities supply chain energy'], 'data_vendors': {'core_stock_apis': 'yfinance', 'technical_indicators': 'yfinance', 'fundamental_data': 'yfinance', 'news_data': 'yfinance', 'macro_data': 'fred', 'prediction_markets': 'polymarket'}, 'tool_vendors': {}, 'benchmark_ticker': None, 'benchmark_map': {'.NS': '^NSEI', '.BO': '^BSESN', '.T': '^N225', '.HK': '^HSI', '.L': '^FTSE', '.TO': '^GSPTSE', '.AX': '^AXJO', '.SS': '000001.SS', '.SZ': '399001.SZ', '': 'SPY'}, 'memory_mode': 'experiment', 'memory_log_max_entries': None, 'memory_holding_horizon_sessions': 5, 'memory_outcome_price_mode': 'adjusted_close', 'checkpoint_enabled': False, 'point_in_time': True, 'execution_data_source': 'snapshot', 'graph_config_sha256': '5b1b6e1c132c13f9830b377ba9d54bf0c792b087e9917af5f0ada9cc895d661e'}, 'decision_prefix_sha256': '88826003832ff1b4bd9e1c19bb3c83a96134bc8bbf8e715ea58368c233899437'}",noop
AAPL,AAPL,2024-01-26,2024-01-26T21:00:00+00:00,HOLD,0.0,cached,exact cache hit,tradingagents,M0_original_prompt_2024H1,HOLD,"{'wall_clock_seconds': 0.009185167029500008, 'run_context': {'mode': 'historical', 'as_of': '2024-01-26T21:00:00+00:00'}, 'market_history_visibility': {'first_session': '2023-01-04', 'last_session': '2024-01-26', 'last_observation_time_utc': '2024-01-26T21:00:00+00:00', 'row_count': 267, 'sha256': '9d0ea586209695d18a3be0f9a9c09a91a7fc85b6eefd0e668f9200425ef2d94f'}, 'report_path': 'strategy/cases/AAPL/2024-01-26/reports', 'source_audit_path': 'strategy/cases/AAPL/2024-01-26/source_audit.json', 'cache_key': 'c6dcec1d6f765137cbca4e2a55acc95094622d055b9566a67eb44e279bad8d11', 'cache_status': 'hit', 'model_config': {'llm_provider': 'deepseek', 'quick_think_llm': 'deepseek-v4-flash', 'deep_think_llm': 'deepseek-v4-flash', 'backend_url': None, 'deepseek_thinking': 'disabled', 'temperature': 0.0, 'llm_max_retries': None, 'selected_analysts': ['market', 'social', 'news', 'fundamentals'], 'output_language': 'English', 'research_depth': 'medium', 'max_debate_rounds': 3, 'max_risk_discuss_rounds': 3, 'max_recur_limit': 100, 'news_article_limit': 20, 'global_news_article_limit': 10, 'global_news_lookback_days': 7, 'global_news_queries': ['Federal Reserve interest rates inflation', 'S&P 500 earnings GDP economic outlook', 'geopolitical risk trade war sanctions', 'ECB Bank of England BOJ central bank policy', 'oil commodities supply chain energy'], 'data_vendors': {'core_stock_apis': 'yfinance', 'technical_indicators': 'yfinance', 'fundamental_data': 'yfinance', 'news_data': 'yfinance', 'macro_data': 'fred', 'prediction_markets': 'polymarket'}, 'tool_vendors': {}, 'benchmark_ticker': None, 'benchmark_map': {'.NS': '^NSEI', '.BO': '^BSESN', '.T': '^N225', '.HK': '^HSI', '.L': '^FTSE', '.TO': '^GSPTSE', '.AX': '^AXJO', '.SS': '000001.SS', '.SZ': '399001.SZ', '': 'SPY'}, 'memory_mode': 'experiment', 'memory_log_max_entries': None, 'memory_holding_horizon_sessions': 5, 'memory_outcome_price_mode': 'adjusted_close', 'checkpoint_enabled': False, 'point_in_time': True, 'execution_data_source': 'snapshot', 'graph_config_sha256': '5b1b6e1c132c13f9830b377ba9d54bf0c792b087e9917af5f0ada9cc895d661e'}, 'decision_prefix_sha256': 'b07869e1ece3ca33909100b6f0f39b2f4030cf05fa6aebf3f4985d0db11a372d'}",noop
AAPL,AAPL,2024-02-02,2024-02-02T21:00:00+00:00,HOLD,0.0,cached,exact cache hit,tradingagents,M0_original_prompt_2024H1,HOLD,"{'wall_clock_seconds': 0.009476917039137334, 'run_context': {'mode': 'historical', 'as_of': '2024-02-02T21:00:00+00:00'}, 'market_history_visibility': {'first_session': '2023-01-04', 'last_session': '2024-02-02', 'last_observation_time_utc': '2024-02-02T21:00:00+00:00', 'row_count': 272, 'sha256': '2f4bd6f7c00ab341d98f4dd187085c1984b27c4a623f1cd60f2c616484e74a38'}, 'report_path': 'strategy/cases/AAPL/2024-02-02/reports', 'source_audit_path': 'strategy/cases/AAPL/2024-02-02/source_audit.json', 'cache_key': '5d75c93d1dc06a78e01a93a84392b231a33d3fef978057163e27fc20ed8ef328', 'cache_status': 'hit', 'model_config': {'llm_provider': 'deepseek', 'quick_think_llm': 'deepseek-v4-flash', 'deep_think_llm': 'deepseek-v4-flash', 'backend_url': None, 'deepseek_thinking': 'disabled', 'temperature': 0.0, 'llm_max_retries': None, 'selected_analysts': ['market', 'social', 'news', 'fundamentals'], 'output_language': 'English', 'research_depth': 'medium', 'max_debate_rounds': 3, 'max_risk_discuss_rounds': 3, 'max_recur_limit': 100, 'news_article_limit': 20, 'global_news_article_limit': 10, 'global_news_lookback_days': 7, 'global_news_queries': ['Federal Reserve interest rates inflation', 'S&P 500 earnings GDP economic outlook', 'geopolitical risk trade war sanctions', 'ECB Bank of England BOJ central bank policy', 'oil commodities supply chain energy'], 'data_vendors': {'core_stock_apis': 'yfinance', 'technical_indicators': 'yfinance', 'fundamental_data': 'yfinance', 'news_data': 'yfinance', 'macro_data': 'fred', 'prediction_markets': 'polymarket'}, 'tool_vendors': {}, 'benchmark_ticker': None, 'benchmark_map': {'.NS': '^NSEI', '.BO': '^BSESN', '.T': '^N225', '.HK': '^HSI', '.L': '^FTSE', '.TO': '^GSPTSE', '.AX': '^AXJO', '.SS': '000001.SS', '.SZ': '399001.SZ', '': 'SPY'}, 'memory_mode': 'experiment', 'memory_log_max_entries': None, 'memory_holding_horizon_sessions': 5, 'memory_outcome_price_mode': 'adjusted_close', 'checkpoint_enabled': False, 'point_in_time': True, 'execution_data_source': 'snapshot', 'graph_config_sha256': '5b1b6e1c132c13f9830b377ba9d54bf0c792b087e9917af5f0ada9cc895d661e'}, 'decision_prefix_sha256': 'ad7cdad4b836c5b6d3a94211bb36b99621a3051744e7d6d002ba1f045ccbc5d3'}",noop
AAPL,AAPL,2024-02-09,2024-02-09T21:00:00+00:00,HOLD,0.0,cached,exact cache hit,tradingagents,M0_original_prompt_2024H1,HOLD,"{'wall_clock_seconds': 0.009162249974906445, 'run_context': {'mode': 'historical', 'as_of': '2024-02-09T21:00:00+00:00'}, 'market_history_visibility': {'first_session': '2023-01-04', 'last_session': '2024-02-09', 'last_observation_time_utc': '2024-02-09T21:00:00+00:00', 'row_count': 277, 'sha256': 'b379bde7dd1389c386c63e5f691dbbb5b10d7a29313b1650731e4b6dc1c079bb'}, 'report_path': 'strategy/cases/AAPL/2024-02-09/reports', 'source_audit_path': 'strategy/cases/AAPL/2024-02-09/source_audit.json', 'cache_key': '8aa03bfb4e8cd6907fb633cc56ab1f15d2a183e0b60acd142a259e0c2537af4b', 'cache_status': 'hit', 'model_config': {'llm_provider': 'deepseek', 'quick_think_llm': 'deepseek-v4-flash', 'deep_think_llm': 'deepseek-v4-flash', 'backend_url': None, 'deepseek_thinking': 'disabled', 'temperature': 0.0, 'llm_max_retries': None, 'selected_analysts': ['market', 'social', 'news', 'fundamentals'], 'output_language': 'English', 'research_depth': 'medium', 'max_debate_rounds': 3, 'max_risk_discuss_rounds': 3, 'max_recur_limit': 100, 'news_article_limit': 20, 'global_news_article_limit': 10, 'global_news_lookback_days': 7, 'global_news_queries': ['Federal Reserve interest rates inflation', 'S&P 500 earnings GDP economic outlook', 'geopolitical risk trade war sanctions', 'ECB Bank of England BOJ central bank policy', 'oil commodities supply chain energy'], 'data_vendors': {'core_stock_apis': 'yfinance', 'technical_indicators': 'yfinance', 'fundamental_data': 'yfinance', 'news_data': 'yfinance', 'macro_data': 'fred', 'prediction_markets': 'polymarket'}, 'tool_vendors': {}, 'benchmark_ticker': None, 'benchmark_map': {'.NS': '^NSEI', '.BO': '^BSESN', '.T': '^N225', '.HK': '^HSI', '.L': '^FTSE', '.TO': '^GSPTSE', '.AX': '^AXJO', '.SS': '000001.SS', '.SZ': '399001.SZ', '': 'SPY'}, 'memory_mode': 'experiment', 'memory_log_max_entries': None, 'memory_holding_horizon_sessions': 5, 'memory_outcome_price_mode': 'adjusted_close', 'checkpoint_enabled': False, 'point_in_time': True, 'execution_data_source': 'snapshot', 'graph_config_sha256': '5b1b6e1c132c13f9830b377ba9d54bf0c792b087e9917af5f0ada9cc895d661e'}, 'decision_prefix_sha256': '65d33ae93c33f1e25b72e8424d6f9bcc678fba80178fc3f3cae0dd5fe939b506'}",noop
AAPL,AAPL,2024-02-16,2024-02-16T21:00:00+00:00,HOLD,0.0,cached,exact cache hit,tradingagents,M0_original_prompt_2024H1,HOLD,"{'wall_clock_seconds': 0.008916958002373576, 'run_context': {'mode': 'historical', 'as_of': '2024-02-16T21:00:00+00:00'}, 'market_history_visibility': {'first_session': '2023-01-04', 'last_session': '2024-02-16', 'last_observation_time_utc': '2024-02-16T21:00:00+00:00', 'row_count': 282, 'sha256': 'a45bb8896410ab8df3fc861bdffa43425e4adf86f83e43c59104f8e1fa10d497'}, 'report_path': 'strategy/cases/AAPL/2024-02-16/reports', 'source_audit_path': 'strategy/cases/AAPL/2024-02-16/source_audit.json', 'cache_key': '5f79333ad9d2f0664704360b2af6ebd7951a8b3910fc59c6ff263c56451ea86a', 'cache_status': 'hit', 'model_config': {'llm_provider': 'deepseek', 'quick_think_llm': 'deepseek-v4-flash', 'deep_think_llm': 'deepseek-v4-flash', 'backend_url': None, 'deepseek_thinking': 'disabled', 'temperature': 0.0, 'llm_max_retries': None, 'selected_analysts': ['market', 'social', 'news', 'fundamentals'], 'output_language': 'English', 'research_depth': 'medium', 'max_debate_rounds': 3, 'max_risk_discuss_rounds': 3, 'max_recur_limit': 100, 'news_article_limit': 20, 'global_news_article_limit': 10, 'global_news_lookback_days': 7, 'global_news_queries': ['Federal Reserve interest rates inflation', 'S&P 500 earnings GDP economic outlook', 'geopolitical risk trade war sanctions', 'ECB Bank of England BOJ central bank policy', 'oil commodities supply chain energy'], 'data_vendors': {'core_stock_apis': 'yfinance', 'technical_indicators': 'yfinance', 'fundamental_data': 'yfinance', 'news_data': 'yfinance', 'macro_data': 'fred', 'prediction_markets': 'polymarket'}, 'tool_vendors': {}, 'benchmark_ticker': None, 'benchmark_map': {'.NS': '^NSEI', '.BO': '^BSESN', '.T': '^N225', '.HK': '^HSI', '.L': '^FTSE', '.TO': '^GSPTSE', '.AX': '^AXJO', '.SS': '000001.SS', '.SZ': '399001.SZ', '': 'SPY'}, 'memory_mode': 'experiment', 'memory_log_max_entries': None, 'memory_holding_horizon_sessions': 5, 'memory_outcome_price_mode': 'adjusted_close', 'checkpoint_enabled': False, 'point_in_time': True, 'execution_data_source': 'snapshot', 'graph_config_sha256': '5b1b6e1c132c13f9830b377ba9d54bf0c792b087e9917af5f0ada9cc895d661e'}, 'decision_prefix_sha256': '259b194bb886a61186c3db8d6184c9d2af65f1a088c1d318cca2a7eb13d8a5a4'}",noop
AAPL,AAPL,2024-02-23,2024-02-23T21:00:00+00:00,HOLD,0.0,cached,exact cache hit,tradingagents,M0_original_prompt_2024H1,HOLD,"{'wall_clock_seconds': 0.011068583989981562, 'run_context': {'mode': 'historical', 'as_of': '2024-02-23T21:00:00+00:00'}, 'market_history_visibility': {'first_session': '2023-01-04', 'last_session': '2024-02-23', 'last_observation_time_utc': '2024-02-23T21:00:00+00:00', 'row_count': 286, 'sha256': '715fce9dc6ead05c70b49f67276cf27baa5b6bf2e3e95e71bbb1110602bd97b7'}, 'report_path': 'strategy/cases/AAPL/2024-02-23/reports', 'source_audit_path': 'strategy/cases/AAPL/2024-02-23/source_audit.json', 'cache_key': '0a18cdac113979b524b575aed6442907496de5ade1cde3e6f0e0ab19f9b7d229', 'cache_status': 'hit', 'model_config': {'llm_provider': 'deepseek', 'quick_think_llm': 'deepseek-v4-flash', 'deep_think_llm': 'deepseek-v4-flash', 'backend_url': None, 'deepseek_thinking': 'disabled', 'temperature': 0.0, 'llm_max_retries': None, 'selected_analysts': ['market', 'social', 'news', 'fundamentals'], 'output_language': 'English', 'research_depth': 'medium', 'max_debate_rounds': 3, 'max_risk_discuss_rounds': 3, 'max_recur_limit': 100, 'news_article_limit': 20, 'global_news_article_limit': 10, 'global_news_lookback_days': 7, 'global_news_queries': ['Federal Reserve interest rates inflation', 'S&P 500 earnings GDP economic outlook', 'geopolitical risk trade war sanctions', 'ECB Bank of England BOJ central bank policy', 'oil commodities supply chain energy'], 'data_vendors': {'core_stock_apis': 'yfinance', 'technical_indicators': 'yfinance', 'fundamental_data': 'yfinance', 'news_data': 'yfinance', 'macro_data': 'fred', 'prediction_markets': 'polymarket'}, 'tool_vendors': {}, 'benchmark_ticker': None, 'benchmark_map': {'.NS': '^NSEI', '.BO': '^BSESN', '.T': '^N225', '.HK': '^HSI', '.L': '^FTSE', '.TO': '^GSPTSE', '.AX': '^AXJO', '.SS': '000001.SS', '.SZ': '399001.SZ', '': 'SPY'}, 'memory_mode': 'experiment', 'memory_log_max_entries': None, 'memory_holding_horizon_sessions': 5, 'memory_outcome_price_mode': 'adjusted_close', 'checkpoint_enabled': False, 'point_in_time': True, 'execution_data_source': 'snapshot', 'graph_config_sha256': '5b1b6e1c132c13f9830b377ba9d54bf0c792b087e9917af5f0ada9cc895d661e'}, 'decision_prefix_sha256': '86d2acf711c8d3d859bd116b8ea1e1b94928aa54f9fd714ca4e748dedd60cb49'}",noop
AAPL,AAPL,2024-03-01,2024-03-01T21:00:00+00:00,SELL,0.0,cached,exact cache hit,tradingagents,M0_original_prompt_2024H1,SELL,"{'wall_clock_seconds': 0.011089999985415488, 'run_context': {'mode': 'historical', 'as_of': '2024-03-01T21:00:00+00:00'}, 'market_history_visibility': {'first_session': '2023-01-04', 'last_session': '2024-03-01', 'last_observation_time_utc': '2024-03-01T21:00:00+00:00', 'row_count': 291, 'sha256': '5416ec99c64c894964fee48fccaa8d1052453acaba5762560e649d8de46c6751'}, 'report_path': 'strategy/cases/AAPL/2024-03-01/reports', 'source_audit_path': 'strategy/cases/AAPL/2024-03-01/source_audit.json', 'cache_key': '63ebe00225cb4bd47b7b1f67236f712402fe64b424e2be07081d187e8775a85e', 'cache_status': 'hit', 'model_config': {'llm_provider': 'deepseek', 'quick_think_llm': 'deepseek-v4-flash', 'deep_think_llm': 'deepseek-v4-flash', 'backend_url': None, 'deepseek_thinking': 'disabled', 'temperature': 0.0, 'llm_max_retries': None, 'selected_analysts': ['market', 'social', 'news', 'fundamentals'], 'output_language': 'English', 'research_depth': 'medium', 'max_debate_rounds': 3, 'max_risk_discuss_rounds': 3, 'max_recur_limit': 100, 'news_article_limit': 20, 'global_news_article_limit': 10, 'global_news_lookback_days': 7, 'global_news_queries': ['Federal Reserve interest rates inflation', 'S&P 500 earnings GDP economic outlook', 'geopolitical risk trade war sanctions', 'ECB Bank of England BOJ central bank policy', 'oil commodities supply chain energy'], 'data_vendors': {'core_stock_apis': 'yfinance', 'technical_indicators': 'yfinance', 'fundamental_data': 'yfinance', 'news_data': 'yfinance', 'macro_data': 'fred', 'prediction_markets': 'polymarket'}, 'tool_vendors': {}, 'benchmark_ticker': None, 'benchmark_map': {'.NS': '^NSEI', '.BO': '^BSESN', '.T': '^N225', '.HK': '^HSI', '.L': '^FTSE', '.TO': '^GSPTSE', '.AX': '^AXJO', '.SS': '000001.SS', '.SZ': '399001.SZ', '': 'SPY'}, 'memory_mode': 'experiment', 'memory_log_max_entries': None, 'memory_holding_horizon_sessions': 5, 'memory_outcome_price_mode': 'adjusted_close', 'checkpoint_enabled': False, 'point_in_time': True, 'execution_data_source': 'snapshot', 'graph_config_sha256': '5b1b6e1c132c13f9830b377ba9d54bf0c792b087e9917af5f0ada9cc895d661e'}, 'decision_prefix_sha256': 'dbf983c86a6c24deb00311933f8c9e57c29242ed2656873905a320e3a0710ccc'}",noop
AAPL,AAPL,2024-03-08,2024-03-08T21:00:00+00:00,HOLD,0.0,cached,exact cache hit,tradingagents,M0_original_prompt_2024H1,HOLD,"{'wall_clock_seconds': 0.009486125025432557, 'run_context': {'mode': 'historical', 'as_of': '2024-03-08T21:00:00+00:00'}, 'market_history_visibility': {'first_session': '2023-01-04', 'last_session': '2024-03-08', 'last_observation_time_utc': '2024-03-08T21:00:00+00:00', 'row_count': 296, 'sha256': '82e83cc97404b16d11f4c025bdfac90652376edb4b46df6746c20e28974c98ef'}, 'report_path': 'strategy/cases/AAPL/2024-03-08/reports', 'source_audit_path': 'strategy/cases/AAPL/2024-03-08/source_audit.json', 'cache_key': 'e78204447c40bf064e3960c6ddf022f8807a998f10ca6734f0756aa459ef0f4c', 'cache_status': 'hit', 'model_config': {'llm_provider': 'deepseek', 'quick_think_llm': 'deepseek-v4-flash', 'deep_think_llm': 'deepseek-v4-flash', 'backend_url': None, 'deepseek_thinking': 'disabled', 'temperature': 0.0, 'llm_max_retries': None, 'selected_analysts': ['market', 'social', 'news', 'fundamentals'], 'output_language': 'English', 'research_depth': 'medium', 'max_debate_rounds': 3, 'max_risk_discuss_rounds': 3, 'max_recur_limit': 100, 'news_article_limit': 20, 'global_news_article_limit': 10, 'global_news_lookback_days': 7, 'global_news_queries': ['Federal Reserve interest rates inflation', 'S&P 500 earnings GDP economic outlook', 'geopolitical risk trade war sanctions', 'ECB Bank of England BOJ central bank policy', 'oil commodities supply chain energy'], 'data_vendors': {'core_stock_apis': 'yfinance', 'technical_indicators': 'yfinance', 'fundamental_data': 'yfinance', 'news_data': 'yfinance', 'macro_data': 'fred', 'prediction_markets': 'polymarket'}, 'tool_vendors': {}, 'benchmark_ticker': None, 'benchmark_map': {'.NS': '^NSEI', '.BO': '^BSESN', '.T': '^N225', '.HK': '^HSI', '.L': '^FTSE', '.TO': '^GSPTSE', '.AX': '^AXJO', '.SS': '000001.SS', '.SZ': '399001.SZ', '': 'SPY'}, 'memory_mode': 'experiment', 'memory_log_max_entries': None, 'memory_holding_horizon_sessions': 5, 'memory_outcome_price_mode': 'adjusted_close', 'checkpoint_enabled': False, 'point_in_time': True, 'execution_data_source': 'snapshot', 'graph_config_sha256': '5b1b6e1c132c13f9830b377ba9d54bf0c792b087e9917af5f0ada9cc895d661e'}, 'decision_prefix_sha256': 'a570428969893b54798a9f7c255373017c7628d9e5de2fd210edac793450baa1'}",noop
AAPL,AAPL,2024-03-15,2024-03-15T20:00:00+00:00,HOLD,0.0,cached,exact cache hit,tradingagents,M0_original_prompt_2024H1,HOLD,"{'wall_clock_seconds': 0.009655583999119699, 'run_context': {'mode': 'historical', 'as_of': '2024-03-15T20:00:00+00:00'}, 'market_history_visibility': {'first_session': '2023-01-04', 'last_session': '2024-03-15', 'last_observation_time_utc': '2024-03-15T20:00:00+00:00', 'row_count': 301, 'sha256': '81d3dc8a2dfe1317a00fc4b04a15f6fa1283d18547f82eef27f92bca8cbf4dab'}, 'report_path': 'strategy/cases/AAPL/2024-03-15/reports', 'source_audit_path': 'strategy/cases/AAPL/2024-03-15/source_audit.json', 'cache_key': '09f7e3e190cf5372f24789883d7cba69e82d91d39e1952d80694f256a73c72a2', 'cache_status': 'hit', 'model_config': {'llm_provider': 'deepseek', 'quick_think_llm': 'deepseek-v4-flash', 'deep_think_llm': 'deepseek-v4-flash', 'backend_url': None, 'deepseek_thinking': 'disabled', 'temperature': 0.0, 'llm_max_retries': None, 'selected_analysts': ['market', 'social', 'news', 'fundamentals'], 'output_language': 'English', 'research_depth': 'medium', 'max_debate_rounds': 3, 'max_risk_discuss_rounds': 3, 'max_recur_limit': 100, 'news_article_limit': 20, 'global_news_article_limit': 10, 'global_news_lookback_days': 7, 'global_news_queries': ['Federal Reserve interest rates inflation', 'S&P 500 earnings GDP economic outlook', 'geopolitical risk trade war sanctions', 'ECB Bank of England BOJ central bank policy', 'oil commodities supply chain energy'], 'data_vendors': {'core_stock_apis': 'yfinance', 'technical_indicators': 'yfinance', 'fundamental_data': 'yfinance', 'news_data': 'yfinance', 'macro_data': 'fred', 'prediction_markets': 'polymarket'}, 'tool_vendors': {}, 'benchmark_ticker': None, 'benchmark_map': {'.NS': '^NSEI', '.BO': '^BSESN', '.T': '^N225', '.HK': '^HSI', '.L': '^FTSE', '.TO': '^GSPTSE', '.AX': '^AXJO', '.SS': '000001.SS', '.SZ': '399001.SZ', '': 'SPY'}, 'memory_mode': 'experiment', 'memory_log_max_entries': None, 'memory_holding_horizon_sessions': 5, 'memory_outcome_price_mode': 'adjusted_close', 'checkpoint_enabled': False, 'point_in_time': True, 'execution_data_source': 'snapshot', 'graph_config_sha256': '5b1b6e1c132c13f9830b377ba9d54bf0c792b087e9917af5f0ada9cc895d661e'}, 'decision_prefix_sha256': '235e8dfa00f8bf0ec640f48016695b24ec3e7d5f0f72225b956c8463d7c95eb0'}",noop
AAPL,AAPL,2024-03-22,2024-03-22T20:00:00+00:00,HOLD,0.0,cached,exact cache hit,tradingagents,M0_original_prompt_2024H1,HOLD,"{'wall_clock_seconds': 0.01007662498159334, 'run_context': {'mode': 'historical', 'as_of': '2024-03-22T20:00:00+00:00'}, 'market_history_visibility': {'first_session': '2023-01-04', 'last_session': '2024-03-22', 'last_observation_time_utc': '2024-03-22T20:00:00+00:00', 'row_count': 306, 'sha256': '46823e8e7231fc7ac61f28a7dbab536b687e26b314af67966b2864752a1184ff'}, 'report_path': 'strategy/cases/AAPL/2024-03-22/reports', 'source_audit_path': 'strategy/cases/AAPL/2024-03-22/source_audit.json', 'cache_key': '15f3e63f92b4589fbcc93c46829c4fb21c13f7399a6ac1efcc4a456afdf4b145', 'cache_status': 'hit', 'model_config': {'llm_provider': 'deepseek', 'quick_think_llm': 'deepseek-v4-flash', 'deep_think_llm': 'deepseek-v4-flash', 'backend_url': None, 'deepseek_thinking': 'disabled', 'temperature': 0.0, 'llm_max_retries': None, 'selected_analysts': ['market', 'social', 'news', 'fundamentals'], 'output_language': 'English', 'research_depth': 'medium', 'max_debate_rounds': 3, 'max_risk_discuss_rounds': 3, 'max_recur_limit': 100, 'news_article_limit': 20, 'global_news_article_limit': 10, 'global_news_lookback_days': 7, 'global_news_queries': ['Federal Reserve interest rates inflation', 'S&P 500 earnings GDP economic outlook', 'geopolitical risk trade war sanctions', 'ECB Bank of England BOJ central bank policy', 'oil commodities supply chain energy'], 'data_vendors': {'core_stock_apis': 'yfinance', 'technical_indicators': 'yfinance', 'fundamental_data': 'yfinance', 'news_data': 'yfinance', 'macro_data': 'fred', 'prediction_markets': 'polymarket'}, 'tool_vendors': {}, 'benchmark_ticker': None, 'benchmark_map': {'.NS': '^NSEI', '.BO': '^BSESN', '.T': '^N225', '.HK': '^HSI', '.L': '^FTSE', '.TO': '^GSPTSE', '.AX': '^AXJO', '.SS': '000001.SS', '.SZ': '399001.SZ', '': 'SPY'}, 'memory_mode': 'experiment', 'memory_log_max_entries': None, 'memory_holding_horizon_sessions': 5, 'memory_outcome_price_mode': 'adjusted_close', 'checkpoint_enabled': False, 'point_in_time': True, 'execution_data_source': 'snapshot', 'graph_config_sha256': '5b1b6e1c132c13f9830b377ba9d54bf0c792b087e9917af5f0ada9cc895d661e'}, 'decision_prefix_sha256': 'c5e38f023736f919cd725de7a6739e16bcfab106abb07f0d78061e42400aa933'}",noop
AAPL,AAPL,2024-03-28,2024-03-28T20:00:00+00:00,SELL,0.0,cached,exact cache hit,tradingagents,M0_original_prompt_2024H1,SELL,"{'wall_clock_seconds': 0.01152095798170194, 'run_context': {'mode': 'historical', 'as_of': '2024-03-28T20:00:00+00:00'}, 'market_history_visibility': {'first_session': '2023-01-04', 'last_session': '2024-03-28', 'last_observation_time_utc': '2024-03-28T20:00:00+00:00', 'row_count': 310, 'sha256': '35ec9f5e4dec50cc531cbd9980c86afc58845d444b96c76016cbfd2cbd969e8a'}, 'report_path': 'strategy/cases/AAPL/2024-03-28/reports', 'source_audit_path': 'strategy/cases/AAPL/2024-03-28/source_audit.json', 'cache_key': '39824cf8e0e4b4aae1b9cbd7640e678f9e3cd13bbdf68ec1a383b6bdf315b942', 'cache_status': 'hit', 'model_config': {'llm_provider': 'deepseek', 'quick_think_llm': 'deepseek-v4-flash', 'deep_think_llm': 'deepseek-v4-flash', 'backend_url': None, 'deepseek_thinking': 'disabled', 'temperature': 0.0, 'llm_max_retries': None, 'selected_analysts': ['market', 'social', 'news', 'fundamentals'], 'output_language': 'English', 'research_depth': 'medium', 'max_debate_rounds': 3, 'max_risk_discuss_rounds': 3, 'max_recur_limit': 100, 'news_article_limit': 20, 'global_news_article_limit': 10, 'global_news_lookback_days': 7, 'global_news_queries': ['Federal Reserve interest rates inflation', 'S&P 500 earnings GDP economic outlook', 'geopolitical risk trade war sanctions', 'ECB Bank of England BOJ central bank policy', 'oil commodities supply chain energy'], 'data_vendors': {'core_stock_apis': 'yfinance', 'technical_indicators': 'yfinance', 'fundamental_data': 'yfinance', 'news_data': 'yfinance', 'macro_data': 'fred', 'prediction_markets': 'polymarket'}, 'tool_vendors': {}, 'benchmark_ticker': None, 'benchmark_map': {'.NS': '^NSEI', '.BO': '^BSESN', '.T': '^N225', '.HK': '^HSI', '.L': '^FTSE', '.TO': '^GSPTSE', '.AX': '^AXJO', '.SS': '000001.SS', '.SZ': '399001.SZ', '': 'SPY'}, 'memory_mode': 'experiment', 'memory_log_max_entries': None, 'memory_holding_horizon_sessions': 5, 'memory_outcome_price_mode': 'adjusted_close', 'checkpoint_enabled': False, 'point_in_time': True, 'execution_data_source': 'snapshot', 'graph_config_sha256': '5b1b6e1c132c13f9830b377ba9d54bf0c792b087e9917af5f0ada9cc895d661e'}, 'decision_prefix_sha256': 'aa993e87f37a97044b590fa19e3c29b65174469c7e68e641e62e486a6764d6ad'}",noop
AAPL,AAPL,2024-04-05,2024-04-05T20:00:00+00:00,HOLD,0.0,cached,exact cache hit,tradingagents,M0_original_prompt_2024H1,HOLD,"{'wall_clock_seconds': 0.008571917016524822, 'run_context': {'mode': 'historical', 'as_of': '2024-04-05T20:00:00+00:00'}, 'market_history_visibility': {'first_session': '2023-01-04', 'last_session': '2024-04-05', 'last_observation_time_utc': '2024-04-05T20:00:00+00:00', 'row_count': 315, 'sha256': '9233690b3b1d1c7dac74228ce7251f12b44b7a6af4edd80dfd8502b0ffc9f820'}, 'report_path': 'strategy/cases/AAPL/2024-04-05/reports', 'source_audit_path': 'strategy/cases/AAPL/2024-04-05/source_audit.json', 'cache_key': '84b7eab89541d002a94be26dfe52a361d04be2f286bcdf6c9436b4ff11b186b5', 'cache_status': 'hit', 'model_config': {'llm_provider': 'deepseek', 'quick_think_llm': 'deepseek-v4-flash', 'deep_think_llm': 'deepseek-v4-flash', 'backend_url': None, 'deepseek_thinking': 'disabled', 'temperature': 0.0, 'llm_max_retries': None, 'selected_analysts': ['market', 'social', 'news', 'fundamentals'], 'output_language': 'English', 'research_depth': 'medium', 'max_debate_rounds': 3, 'max_risk_discuss_rounds': 3, 'max_recur_limit': 100, 'news_article_limit': 20, 'global_news_article_limit': 10, 'global_news_lookback_days': 7, 'global_news_queries': ['Federal Reserve interest rates inflation', 'S&P 500 earnings GDP economic outlook', 'geopolitical risk trade war sanctions', 'ECB Bank of England BOJ central bank policy', 'oil commodities supply chain energy'], 'data_vendors': {'core_stock_apis': 'yfinance', 'technical_indicators': 'yfinance', 'fundamental_data': 'yfinance', 'news_data': 'yfinance', 'macro_data': 'fred', 'prediction_markets': 'polymarket'}, 'tool_vendors': {}, 'benchmark_ticker': None, 'benchmark_map': {'.NS': '^NSEI', '.BO': '^BSESN', '.T': '^N225', '.HK': '^HSI', '.L': '^FTSE', '.TO': '^GSPTSE', '.AX': '^AXJO', '.SS': '000001.SS', '.SZ': '399001.SZ', '': 'SPY'}, 'memory_mode': 'experiment', 'memory_log_max_entries': None, 'memory_holding_horizon_sessions': 5, 'memory_outcome_price_mode': 'adjusted_close', 'checkpoint_enabled': False, 'point_in_time': True, 'execution_data_source': 'snapshot', 'graph_config_sha256': '5b1b6e1c132c13f9830b377ba9d54bf0c792b087e9917af5f0ada9cc895d661e'}, 'decision_prefix_sha256': '5674789c4e43af37df2a0b70a3897553b2b0dd6660cb58eadb63f83c68ac1620'}",noop
AAPL,AAPL,2024-04-12,2024-04-12T20:00:00+00:00,HOLD,0.0,cached,exact cache hit,tradingagents,M0_original_prompt_2024H1,HOLD,"{'wall_clock_seconds': 0.01005141600035131, 'run_context': {'mode': 'historical', 'as_of': '2024-04-12T20:00:00+00:00'}, 'market_history_visibility': {'first_session': '2023-01-04', 'last_session': '2024-04-12', 'last_observation_time_utc': '2024-04-12T20:00:00+00:00', 'row_count': 320, 'sha256': 'd5fa2f4a57cb93d5c27d036f07b7639d08b5b462ef84889a02d9f2b3fd4b8515'}, 'report_path': 'strategy/cases/AAPL/2024-04-12/reports', 'source_audit_path': 'strategy/cases/AAPL/2024-04-12/source_audit.json', 'cache_key': '720adda54078b87a7582e12d1bc9e0e04b016e7547c37be6873a46da6a2f0734', 'cache_status': 'hit', 'model_config': {'llm_provider': 'deepseek', 'quick_think_llm': 'deepseek-v4-flash', 'deep_think_llm': 'deepseek-v4-flash', 'backend_url': None, 'deepseek_thinking': 'disabled', 'temperature': 0.0, 'llm_max_retries': None, 'selected_analysts': ['market', 'social', 'news', 'fundamentals'], 'output_language': 'English', 'research_depth': 'medium', 'max_debate_rounds': 3, 'max_risk_discuss_rounds': 3, 'max_recur_limit': 100, 'news_article_limit': 20, 'global_news_article_limit': 10, 'global_news_lookback_days': 7, 'global_news_queries': ['Federal Reserve interest rates inflation', 'S&P 500 earnings GDP economic outlook', 'geopolitical risk trade war sanctions', 'ECB Bank of England BOJ central bank policy', 'oil commodities supply chain energy'], 'data_vendors': {'core_stock_apis': 'yfinance', 'technical_indicators': 'yfinance', 'fundamental_data': 'yfinance', 'news_data': 'yfinance', 'macro_data': 'fred', 'prediction_markets': 'polymarket'}, 'tool_vendors': {}, 'benchmark_ticker': None, 'benchmark_map': {'.NS': '^NSEI', '.BO': '^BSESN', '.T': '^N225', '.HK': '^HSI', '.L': '^FTSE', '.TO': '^GSPTSE', '.AX': '^AXJO', '.SS': '000001.SS', '.SZ': '399001.SZ', '': 'SPY'}, 'memory_mode': 'experiment', 'memory_log_max_entries': None, 'memory_holding_horizon_sessions': 5, 'memory_outcome_price_mode': 'adjusted_close', 'checkpoint_enabled': False, 'point_in_time': True, 'execution_data_source': 'snapshot', 'graph_config_sha256': '5b1b6e1c132c13f9830b377ba9d54bf0c792b087e9917af5f0ada9cc895d661e'}, 'decision_prefix_sha256': '01301f7a96c7000b5272c01ed2fed987676ae3484106413d985a65239ec725ee'}",noop
AAPL,AAPL,2024-04-19,2024-04-19T20:00:00+00:00,SELL,0.0,cached,exact cache hit,tradingagents,M0_original_prompt_2024H1,SELL,"{'wall_clock_seconds': 0.008954707998782396, 'run_context': {'mode': 'historical', 'as_of': '2024-04-19T20:00:00+00:00'}, 'market_history_visibility': {'first_session': '2023-01-04', 'last_session': '2024-04-19', 'last_observation_time_utc': '2024-04-19T20:00:00+00:00', 'row_count': 325, 'sha256': '9753fdeed5dee67680ad4218837ee75ec6c48acf99e2c3d24e311369b9a7a92d'}, 'report_path': 'strategy/cases/AAPL/2024-04-19/reports', 'source_audit_path': 'strategy/cases/AAPL/2024-04-19/source_audit.json', 'cache_key': '7706bf31dc54035c351e9f134946f74c9c3007558ca8c64db3a7ae6557655571', 'cache_status': 'hit', 'model_config': {'llm_provider': 'deepseek', 'quick_think_llm': 'deepseek-v4-flash', 'deep_think_llm': 'deepseek-v4-flash', 'backend_url': None, 'deepseek_thinking': 'disabled', 'temperature': 0.0, 'llm_max_retries': None, 'selected_analysts': ['market', 'social', 'news', 'fundamentals'], 'output_language': 'English', 'research_depth': 'medium', 'max_debate_rounds': 3, 'max_risk_discuss_rounds': 3, 'max_recur_limit': 100, 'news_article_limit': 20, 'global_news_article_limit': 10, 'global_news_lookback_days': 7, 'global_news_queries': ['Federal Reserve interest rates inflation', 'S&P 500 earnings GDP economic outlook', 'geopolitical risk trade war sanctions', 'ECB Bank of England BOJ central bank policy', 'oil commodities supply chain energy'], 'data_vendors': {'core_stock_apis': 'yfinance', 'technical_indicators': 'yfinance', 'fundamental_data': 'yfinance', 'news_data': 'yfinance', 'macro_data': 'fred', 'prediction_markets': 'polymarket'}, 'tool_vendors': {}, 'benchmark_ticker': None, 'benchmark_map': {'.NS': '^NSEI', '.BO': '^BSESN', '.T': '^N225', '.HK': '^HSI', '.L': '^FTSE', '.TO': '^GSPTSE', '.AX': '^AXJO', '.SS': '000001.SS', '.SZ': '399001.SZ', '': 'SPY'}, 'memory_mode': 'experiment', 'memory_log_max_entries': None, 'memory_holding_horizon_sessions': 5, 'memory_outcome_price_mode': 'adjusted_close', 'checkpoint_enabled': False, 'point_in_time': True, 'execution_data_source': 'snapshot', 'graph_config_sha256': '5b1b6e1c132c13f9830b377ba9d54bf0c792b087e9917af5f0ada9cc895d661e'}, 'decision_prefix_sha256': 'd6e30351f0eb2ab8346008186ce4aa1835315879a8f86020c0af0647066065f7'}",noop
AAPL,AAPL,2024-04-26,2024-04-26T20:00:00+00:00,HOLD,0.0,cached,exact cache hit,tradingagents,M0_original_prompt_2024H1,HOLD,"{'wall_clock_seconds': 0.012698083999566734, 'run_context': {'mode': 'historical', 'as_of': '2024-04-26T20:00:00+00:00'}, 'market_history_visibility': {'first_session': '2023-01-04', 'last_session': '2024-04-26', 'last_observation_time_utc': '2024-04-26T20:00:00+00:00', 'row_count': 330, 'sha256': '04009f1369c504b64e114c8db950285b394360729cfe160cafc7263d272499a6'}, 'report_path': 'strategy/cases/AAPL/2024-04-26/reports', 'source_audit_path': 'strategy/cases/AAPL/2024-04-26/source_audit.json', 'cache_key': 'd8a7cee8448020188a633b5e184f449bb26687213d3280035c3b2e74ee012895', 'cache_status': 'hit', 'model_config': {'llm_provider': 'deepseek', 'quick_think_llm': 'deepseek-v4-flash', 'deep_think_llm': 'deepseek-v4-flash', 'backend_url': None, 'deepseek_thinking': 'disabled', 'temperature': 0.0, 'llm_max_retries': None, 'selected_analysts': ['market', 'social', 'news', 'fundamentals'], 'output_language': 'English', 'research_depth': 'medium', 'max_debate_rounds': 3, 'max_risk_discuss_rounds': 3, 'max_recur_limit': 100, 'news_article_limit': 20, 'global_news_article_limit': 10, 'global_news_lookback_days': 7, 'global_news_queries': ['Federal Reserve interest rates inflation', 'S&P 500 earnings GDP economic outlook', 'geopolitical risk trade war sanctions', 'ECB Bank of England BOJ central bank policy', 'oil commodities supply chain energy'], 'data_vendors': {'core_stock_apis': 'yfinance', 'technical_indicators': 'yfinance', 'fundamental_data': 'yfinance', 'news_data': 'yfinance', 'macro_data': 'fred', 'prediction_markets': 'polymarket'}, 'tool_vendors': {}, 'benchmark_ticker': None, 'benchmark_map': {'.NS': '^NSEI', '.BO': '^BSESN', '.T': '^N225', '.HK': '^HSI', '.L': '^FTSE', '.TO': '^GSPTSE', '.AX': '^AXJO', '.SS': '000001.SS', '.SZ': '399001.SZ', '': 'SPY'}, 'memory_mode': 'experiment', 'memory_log_max_entries': None, 'memory_holding_horizon_sessions': 5, 'memory_outcome_price_mode': 'adjusted_close', 'checkpoint_enabled': False, 'point_in_time': True, 'execution_data_source': 'snapshot', 'graph_config_sha256': '5b1b6e1c132c13f9830b377ba9d54bf0c792b087e9917af5f0ada9cc895d661e'}, 'decision_prefix_sha256': '183a84bfc6c8d1ec2aab714d2a028cb64e9b6dc68871fe5b9ab012c992d012d1'}",noop
AAPL,AAPL,2024-05-03,2024-05-03T20:00:00+00:00,HOLD,0.0,cached,exact cache hit,tradingagents,M0_original_prompt_2024H1,HOLD,"{'wall_clock_seconds': 0.01068095798837021, 'run_context': {'mode': 'historical', 'as_of': '2024-05-03T20:00:00+00:00'}, 'market_history_visibility': {'first_session': '2023-01-04', 'last_session': '2024-05-03', 'last_observation_time_utc': '2024-05-03T20:00:00+00:00', 'row_count': 335, 'sha256': '4d903b0046921764c7d44b439df85968a8924665628e5c46793e85f6d202b259'}, 'report_path': 'strategy/cases/AAPL/2024-05-03/reports', 'source_audit_path': 'strategy/cases/AAPL/2024-05-03/source_audit.json', 'cache_key': '7126b36005826e867fb633c749a76ff6589f66362e70c7e48ddfc0b5ed1c925a', 'cache_status': 'hit', 'model_config': {'llm_provider': 'deepseek', 'quick_think_llm': 'deepseek-v4-flash', 'deep_think_llm': 'deepseek-v4-flash', 'backend_url': None, 'deepseek_thinking': 'disabled', 'temperature': 0.0, 'llm_max_retries': None, 'selected_analysts': ['market', 'social', 'news', 'fundamentals'], 'output_language': 'English', 'research_depth': 'medium', 'max_debate_rounds': 3, 'max_risk_discuss_rounds': 3, 'max_recur_limit': 100, 'news_article_limit': 20, 'global_news_article_limit': 10, 'global_news_lookback_days': 7, 'global_news_queries': ['Federal Reserve interest rates inflation', 'S&P 500 earnings GDP economic outlook', 'geopolitical risk trade war sanctions', 'ECB Bank of England BOJ central bank policy', 'oil commodities supply chain energy'], 'data_vendors': {'core_stock_apis': 'yfinance', 'technical_indicators': 'yfinance', 'fundamental_data': 'yfinance', 'news_data': 'yfinance', 'macro_data': 'fred', 'prediction_markets': 'polymarket'}, 'tool_vendors': {}, 'benchmark_ticker': None, 'benchmark_map': {'.NS': '^NSEI', '.BO': '^BSESN', '.T': '^N225', '.HK': '^HSI', '.L': '^FTSE', '.TO': '^GSPTSE', '.AX': '^AXJO', '.SS': '000001.SS', '.SZ': '399001.SZ', '': 'SPY'}, 'memory_mode': 'experiment', 'memory_log_max_entries': None, 'memory_holding_horizon_sessions': 5, 'memory_outcome_price_mode': 'adjusted_close', 'checkpoint_enabled': False, 'point_in_time': True, 'execution_data_source': 'snapshot', 'graph_config_sha256': '5b1b6e1c132c13f9830b377ba9d54bf0c792b087e9917af5f0ada9cc895d661e'}, 'decision_prefix_sha256': '5f9e08d77fc75c17f86c6b290454b9acf9aa632fba8456dd9a4a31e7587ff5b0'}",noop
AAPL,AAPL,2024-05-10,2024-05-10T20:00:00+00:00,HOLD,0.0,cached,exact cache hit,tradingagents,M0_original_prompt_2024H1,HOLD,"{'wall_clock_seconds': 0.011309459048788995, 'run_context': {'mode': 'historical', 'as_of': '2024-05-10T20:00:00+00:00'}, 'market_history_visibility': {'first_session': '2023-01-04', 'last_session': '2024-05-10', 'last_observation_time_utc': '2024-05-10T20:00:00+00:00', 'row_count': 340, 'sha256': 'b3fa7e26e7972c7d5a98786a7b64f4756d63a207fe35b9c483a6d018d08deff5'}, 'report_path': 'strategy/cases/AAPL/2024-05-10/reports', 'source_audit_path': 'strategy/cases/AAPL/2024-05-10/source_audit.json', 'cache_key': '15e5d695ba8ebd744b102836e8bfed52cad333ff69def5927c0d41e857e4b22c', 'cache_status': 'hit', 'model_config': {'llm_provider': 'deepseek', 'quick_think_llm': 'deepseek-v4-flash', 'deep_think_llm': 'deepseek-v4-flash', 'backend_url': None, 'deepseek_thinking': 'disabled', 'temperature': 0.0, 'llm_max_retries': None, 'selected_analysts': ['market', 'social', 'news', 'fundamentals'], 'output_language': 'English', 'research_depth': 'medium', 'max_debate_rounds': 3, 'max_risk_discuss_rounds': 3, 'max_recur_limit': 100, 'news_article_limit': 20, 'global_news_article_limit': 10, 'global_news_lookback_days': 7, 'global_news_queries': ['Federal Reserve interest rates inflation', 'S&P 500 earnings GDP economic outlook', 'geopolitical risk trade war sanctions', 'ECB Bank of England BOJ central bank policy', 'oil commodities supply chain energy'], 'data_vendors': {'core_stock_apis': 'yfinance', 'technical_indicators': 'yfinance', 'fundamental_data': 'yfinance', 'news_data': 'yfinance', 'macro_data': 'fred', 'prediction_markets': 'polymarket'}, 'tool_vendors': {}, 'benchmark_ticker': None, 'benchmark_map': {'.NS': '^NSEI', '.BO': '^BSESN', '.T': '^N225', '.HK': '^HSI', '.L': '^FTSE', '.TO': '^GSPTSE', '.AX': '^AXJO', '.SS': '000001.SS', '.SZ': '399001.SZ', '': 'SPY'}, 'memory_mode': 'experiment', 'memory_log_max_entries': None, 'memory_holding_horizon_sessions': 5, 'memory_outcome_price_mode': 'adjusted_close', 'checkpoint_enabled': False, 'point_in_time': True, 'execution_data_source': 'snapshot', 'graph_config_sha256': '5b1b6e1c132c13f9830b377ba9d54bf0c792b087e9917af5f0ada9cc895d661e'}, 'decision_prefix_sha256': '878b4c054df75e69fde6f055ff34c3e1c2a5104330b620bac612a6cd22b426d1'}",noop
AAPL,AAPL,2024-05-17,2024-05-17T20:00:00+00:00,SELL,0.0,cached,exact cache hit,tradingagents,M0_original_prompt_2024H1,SELL,"{'wall_clock_seconds': 0.010742959042545408, 'run_context': {'mode': 'historical', 'as_of': '2024-05-17T20:00:00+00:00'}, 'market_history_visibility': {'first_session': '2023-01-04', 'last_session': '2024-05-17', 'last_observation_time_utc': '2024-05-17T20:00:00+00:00', 'row_count': 345, 'sha256': '425280ff0082d43c83c590e9ec2f7726ee936fc210639eb48d54bcce111c9223'}, 'report_path': 'strategy/cases/AAPL/2024-05-17/reports', 'source_audit_path': 'strategy/cases/AAPL/2024-05-17/source_audit.json', 'cache_key': '76021a2473694ffe24cac888825417754fd68118f44d422cbe7eb7c20492fb64', 'cache_status': 'hit', 'model_config': {'llm_provider': 'deepseek', 'quick_think_llm': 'deepseek-v4-flash', 'deep_think_llm': 'deepseek-v4-flash', 'backend_url': None, 'deepseek_thinking': 'disabled', 'temperature': 0.0, 'llm_max_retries': None, 'selected_analysts': ['market', 'social', 'news', 'fundamentals'], 'output_language': 'English', 'research_depth': 'medium', 'max_debate_rounds': 3, 'max_risk_discuss_rounds': 3, 'max_recur_limit': 100, 'news_article_limit': 20, 'global_news_article_limit': 10, 'global_news_lookback_days': 7, 'global_news_queries': ['Federal Reserve interest rates inflation', 'S&P 500 earnings GDP economic outlook', 'geopolitical risk trade war sanctions', 'ECB Bank of England BOJ central bank policy', 'oil commodities supply chain energy'], 'data_vendors': {'core_stock_apis': 'yfinance', 'technical_indicators': 'yfinance', 'fundamental_data': 'yfinance', 'news_data': 'yfinance', 'macro_data': 'fred', 'prediction_markets': 'polymarket'}, 'tool_vendors': {}, 'benchmark_ticker': None, 'benchmark_map': {'.NS': '^NSEI', '.BO': '^BSESN', '.T': '^N225', '.HK': '^HSI', '.L': '^FTSE', '.TO': '^GSPTSE', '.AX': '^AXJO', '.SS': '000001.SS', '.SZ': '399001.SZ', '': 'SPY'}, 'memory_mode': 'experiment', 'memory_log_max_entries': None, 'memory_holding_horizon_sessions': 5, 'memory_outcome_price_mode': 'adjusted_close', 'checkpoint_enabled': False, 'point_in_time': True, 'execution_data_source': 'snapshot', 'graph_config_sha256': '5b1b6e1c132c13f9830b377ba9d54bf0c792b087e9917af5f0ada9cc895d661e'}, 'decision_prefix_sha256': 'e3981ffbf6c32abf2b04170fb69ace8877e56d8f50f7f9625ec5d5c92797c8a0'}",noop
AAPL,AAPL,2024-05-24,2024-05-24T20:00:00+00:00,BUY,1.0,cached,exact cache hit,tradingagents,M0_original_prompt_2024H1,BUY,"{'wall_clock_seconds': 0.00979945802828297, 'run_context': {'mode': 'historical', 'as_of': '2024-05-24T20:00:00+00:00'}, 'market_history_visibility': {'first_session': '2023-01-04', 'last_session': '2024-05-24', 'last_observation_time_utc': '2024-05-24T20:00:00+00:00', 'row_count': 350, 'sha256': 'f270da61826bb07abd538e04be2e7fcc764683be73550c93ec67c0967060d583'}, 'report_path': 'strategy/cases/AAPL/2024-05-24/reports', 'source_audit_path': 'strategy/cases/AAPL/2024-05-24/source_audit.json', 'cache_key': 'eef23c3fbcfe2783da1b9c64036b02e1f61430db5e0b4217493c75a0cfc27ce6', 'cache_status': 'hit', 'model_config': {'llm_provider': 'deepseek', 'quick_think_llm': 'deepseek-v4-flash', 'deep_think_llm': 'deepseek-v4-flash', 'backend_url': None, 'deepseek_thinking': 'disabled', 'temperature': 0.0, 'llm_max_retries': None, 'selected_analysts': ['market', 'social', 'news', 'fundamentals'], 'output_language': 'English', 'research_depth': 'medium', 'max_debate_rounds': 3, 'max_risk_discuss_rounds': 3, 'max_recur_limit': 100, 'news_article_limit': 20, 'global_news_article_limit': 10, 'global_news_lookback_days': 7, 'global_news_queries': ['Federal Reserve interest rates inflation', 'S&P 500 earnings GDP economic outlook', 'geopolitical risk trade war sanctions', 'ECB Bank of England BOJ central bank policy', 'oil commodities supply chain energy'], 'data_vendors': {'core_stock_apis': 'yfinance', 'technical_indicators': 'yfinance', 'fundamental_data': 'yfinance', 'news_data': 'yfinance', 'macro_data': 'fred', 'prediction_markets': 'polymarket'}, 'tool_vendors': {}, 'benchmark_ticker': None, 'benchmark_map': {'.NS': '^NSEI', '.BO': '^BSESN', '.T': '^N225', '.HK': '^HSI', '.L': '^FTSE', '.TO': '^GSPTSE', '.AX': '^AXJO', '.SS': '000001.SS', '.SZ': '399001.SZ', '': 'SPY'}, 'memory_mode': 'experiment', 'memory_log_max_entries': None, 'memory_holding_horizon_sessions': 5, 'memory_outcome_price_mode': 'adjusted_close', 'checkpoint_enabled': False, 'point_in_time': True, 'execution_data_source': 'snapshot', 'graph_config_sha256': '5b1b6e1c132c13f9830b377ba9d54bf0c792b087e9917af5f0ada9cc895d661e'}, 'decision_prefix_sha256': 'd5d4d0577e082b938929b0a5d1c1357c5c5180c129b1d9a941d626e50b665212'}",ordered
AAPL,AAPL,2024-05-31,2024-05-31T20:00:00+00:00,HOLD,1.0,cached,exact cache hit,tradingagents,M0_original_prompt_2024H1,HOLD,"{'wall_clock_seconds': 0.013598708028439432, 'run_context': {'mode': 'historical', 'as_of': '2024-05-31T20:00:00+00:00'}, 'market_history_visibility': {'first_session': '2023-01-04', 'last_session': '2024-05-31', 'last_observation_time_utc': '2024-05-31T20:00:00+00:00', 'row_count': 354, 'sha256': '0042ea93b08cad2948ef7f25d541b351a3104df083f93f9c52aa1ad35fc2f8ab'}, 'report_path': 'strategy/cases/AAPL/2024-05-31/reports', 'source_audit_path': 'strategy/cases/AAPL/2024-05-31/source_audit.json', 'cache_key': '9cea170104cb597cc0c8e07bc5d46999d40c05d38fe51fd3768b5f2087315f72', 'cache_status': 'hit', 'model_config': {'llm_provider': 'deepseek', 'quick_think_llm': 'deepseek-v4-flash', 'deep_think_llm': 'deepseek-v4-flash', 'backend_url': None, 'deepseek_thinking': 'disabled', 'temperature': 0.0, 'llm_max_retries': None, 'selected_analysts': ['market', 'social', 'news', 'fundamentals'], 'output_language': 'English', 'research_depth': 'medium', 'max_debate_rounds': 3, 'max_risk_discuss_rounds': 3, 'max_recur_limit': 100, 'news_article_limit': 20, 'global_news_article_limit': 10, 'global_news_lookback_days': 7, 'global_news_queries': ['Federal Reserve interest rates inflation', 'S&P 500 earnings GDP economic outlook', 'geopolitical risk trade war sanctions', 'ECB Bank of England BOJ central bank policy', 'oil commodities supply chain energy'], 'data_vendors': {'core_stock_apis': 'yfinance', 'technical_indicators': 'yfinance', 'fundamental_data': 'yfinance', 'news_data': 'yfinance', 'macro_data': 'fred', 'prediction_markets': 'polymarket'}, 'tool_vendors': {}, 'benchmark_ticker': None, 'benchmark_map': {'.NS': '^NSEI', '.BO': '^BSESN', '.T': '^N225', '.HK': '^HSI', '.L': '^FTSE', '.TO': '^GSPTSE', '.AX': '^AXJO', '.SS': '000001.SS', '.SZ': '399001.SZ', '': 'SPY'}, 'memory_mode': 'experiment', 'memory_log_max_entries': None, 'memory_holding_horizon_sessions': 5, 'memory_outcome_price_mode': 'adjusted_close', 'checkpoint_enabled': False, 'point_in_time': True, 'execution_data_source': 'snapshot', 'graph_config_sha256': '5b1b6e1c132c13f9830b377ba9d54bf0c792b087e9917af5f0ada9cc895d661e'}, 'decision_prefix_sha256': '1d7c9af504a9ea84d29d390442ee3721c214527ec89aecaa18674ec3242faeb7'}",noop
AAPL,AAPL,2024-06-07,2024-06-07T20:00:00+00:00,HOLD,1.0,cached,exact cache hit,tradingagents,M0_original_prompt_2024H1,HOLD,"{'wall_clock_seconds': 0.009096042020246387, 'run_context': {'mode': 'historical', 'as_of': '2024-06-07T20:00:00+00:00'}, 'market_history_visibility': {'first_session': '2023-01-04', 'last_session': '2024-06-07', 'last_observation_time_utc': '2024-06-07T20:00:00+00:00', 'row_count': 359, 'sha256': 'a09e81c60f6a4ef9661a2233d17675b8810969423d3ceae472be5c270555eb55'}, 'report_path': 'strategy/cases/AAPL/2024-06-07/reports', 'source_audit_path': 'strategy/cases/AAPL/2024-06-07/source_audit.json', 'cache_key': 'e78f6f8ef41d57f920b21606f78ea94945c7673d8b4b03161911f269687d387f', 'cache_status': 'hit', 'model_config': {'llm_provider': 'deepseek', 'quick_think_llm': 'deepseek-v4-flash', 'deep_think_llm': 'deepseek-v4-flash', 'backend_url': None, 'deepseek_thinking': 'disabled', 'temperature': 0.0, 'llm_max_retries': None, 'selected_analysts': ['market', 'social', 'news', 'fundamentals'], 'output_language': 'English', 'research_depth': 'medium', 'max_debate_rounds': 3, 'max_risk_discuss_rounds': 3, 'max_recur_limit': 100, 'news_article_limit': 20, 'global_news_article_limit': 10, 'global_news_lookback_days': 7, 'global_news_queries': ['Federal Reserve interest rates inflation', 'S&P 500 earnings GDP economic outlook', 'geopolitical risk trade war sanctions', 'ECB Bank of England BOJ central bank policy', 'oil commodities supply chain energy'], 'data_vendors': {'core_stock_apis': 'yfinance', 'technical_indicators': 'yfinance', 'fundamental_data': 'yfinance', 'news_data': 'yfinance', 'macro_data': 'fred', 'prediction_markets': 'polymarket'}, 'tool_vendors': {}, 'benchmark_ticker': None, 'benchmark_map': {'.NS': '^NSEI', '.BO': '^BSESN', '.T': '^N225', '.HK': '^HSI', '.L': '^FTSE', '.TO': '^GSPTSE', '.AX': '^AXJO', '.SS': '000001.SS', '.SZ': '399001.SZ', '': 'SPY'}, 'memory_mode': 'experiment', 'memory_log_max_entries': None, 'memory_holding_horizon_sessions': 5, 'memory_outcome_price_mode': 'adjusted_close', 'checkpoint_enabled': False, 'point_in_time': True, 'execution_data_source': 'snapshot', 'graph_config_sha256': '5b1b6e1c132c13f9830b377ba9d54bf0c792b087e9917af5f0ada9cc895d661e'}, 'decision_prefix_sha256': 'e9ffa9fe4ffda891021ae64702f8075d2c488468883e57c3901f5be3bb883ae7'}",noop
AAPL,AAPL,2024-06-14,2024-06-14T20:00:00+00:00,HOLD,1.0,cached,exact cache hit,tradingagents,M0_original_prompt_2024H1,HOLD,"{'wall_clock_seconds': 0.01155966700753197, 'run_context': {'mode': 'historical', 'as_of': '2024-06-14T20:00:00+00:00'}, 'market_history_visibility': {'first_session': '2023-01-04', 'last_session': '2024-06-14', 'last_observation_time_utc': '2024-06-14T20:00:00+00:00', 'row_count': 364, 'sha256': '81660e1fdaea6cd3b6873d31ba4a58211d5bd4182bf926d1675f322d0104e66d'}, 'report_path': 'strategy/cases/AAPL/2024-06-14/reports', 'source_audit_path': 'strategy/cases/AAPL/2024-06-14/source_audit.json', 'cache_key': '0e07031bd8c7c7d124f6736dc230b5ee65ccfd43264ba629c681a099c4d4595a', 'cache_status': 'hit', 'model_config': {'llm_provider': 'deepseek', 'quick_think_llm': 'deepseek-v4-flash', 'deep_think_llm': 'deepseek-v4-flash', 'backend_url': None, 'deepseek_thinking': 'disabled', 'temperature': 0.0, 'llm_max_retries': None, 'selected_analysts': ['market', 'social', 'news', 'fundamentals'], 'output_language': 'English', 'research_depth': 'medium', 'max_debate_rounds': 3, 'max_risk_discuss_rounds': 3, 'max_recur_limit': 100, 'news_article_limit': 20, 'global_news_article_limit': 10, 'global_news_lookback_days': 7, 'global_news_queries': ['Federal Reserve interest rates inflation', 'S&P 500 earnings GDP economic outlook', 'geopolitical risk trade war sanctions', 'ECB Bank of England BOJ central bank policy', 'oil commodities supply chain energy'], 'data_vendors': {'core_stock_apis': 'yfinance', 'technical_indicators': 'yfinance', 'fundamental_data': 'yfinance', 'news_data': 'yfinance', 'macro_data': 'fred', 'prediction_markets': 'polymarket'}, 'tool_vendors': {}, 'benchmark_ticker': None, 'benchmark_map': {'.NS': '^NSEI', '.BO': '^BSESN', '.T': '^N225', '.HK': '^HSI', '.L': '^FTSE', '.TO': '^GSPTSE', '.AX': '^AXJO', '.SS': '000001.SS', '.SZ': '399001.SZ', '': 'SPY'}, 'memory_mode': 'experiment', 'memory_log_max_entries': None, 'memory_holding_horizon_sessions': 5, 'memory_outcome_price_mode': 'adjusted_close', 'checkpoint_enabled': False, 'point_in_time': True, 'execution_data_source': 'snapshot', 'graph_config_sha256': '5b1b6e1c132c13f9830b377ba9d54bf0c792b087e9917af5f0ada9cc895d661e'}, 'decision_prefix_sha256': 'e2b6d242ad6be179c02b13d8de864e382cdbb9aa03ab99824f847ce082128820'}",noop
AAPL,AAPL,2024-06-21,2024-06-21T20:00:00+00:00,HOLD,1.0,cached,exact cache hit,tradingagents,M0_original_prompt_2024H1,HOLD,"{'wall_clock_seconds': 0.009490084019489586, 'run_context': {'mode': 'historical', 'as_of': '2024-06-21T20:00:00+00:00'}, 'market_history_visibility': {'first_session': '2023-01-04', 'last_session': '2024-06-21', 'last_observation_time_utc': '2024-06-21T20:00:00+00:00', 'row_count': 368, 'sha256': '33329f94575d70ab52ca597c750e2b7b0b8eb8003136f861040d8ab8a2945a44'}, 'report_path': 'strategy/cases/AAPL/2024-06-21/reports', 'source_audit_path': 'strategy/cases/AAPL/2024-06-21/source_audit.json', 'cache_key': 'f4edee4357421352ae10e09806d3189765eeb61fb246cea9588ebe19f311cadf', 'cache_status': 'hit', 'model_config': {'llm_provider': 'deepseek', 'quick_think_llm': 'deepseek-v4-flash', 'deep_think_llm': 'deepseek-v4-flash', 'backend_url': None, 'deepseek_thinking': 'disabled', 'temperature': 0.0, 'llm_max_retries': None, 'selected_analysts': ['market', 'social', 'news', 'fundamentals'], 'output_language': 'English', 'research_depth': 'medium', 'max_debate_rounds': 3, 'max_risk_discuss_rounds': 3, 'max_recur_limit': 100, 'news_article_limit': 20, 'global_news_article_limit': 10, 'global_news_lookback_days': 7, 'global_news_queries': ['Federal Reserve interest rates inflation', 'S&P 500 earnings GDP economic outlook', 'geopolitical risk trade war sanctions', 'ECB Bank of England BOJ central bank policy', 'oil commodities supply chain energy'], 'data_vendors': {'core_stock_apis': 'yfinance', 'technical_indicators': 'yfinance', 'fundamental_data': 'yfinance', 'news_data': 'yfinance', 'macro_data': 'fred', 'prediction_markets': 'polymarket'}, 'tool_vendors': {}, 'benchmark_ticker': None, 'benchmark_map': {'.NS': '^NSEI', '.BO': '^BSESN', '.T': '^N225', '.HK': '^HSI', '.L': '^FTSE', '.TO': '^GSPTSE', '.AX': '^AXJO', '.SS': '000001.SS', '.SZ': '399001.SZ', '': 'SPY'}, 'memory_mode': 'experiment', 'memory_log_max_entries': None, 'memory_holding_horizon_sessions': 5, 'memory_outcome_price_mode': 'adjusted_close', 'checkpoint_enabled': False, 'point_in_time': True, 'execution_data_source': 'snapshot', 'graph_config_sha256': '5b1b6e1c132c13f9830b377ba9d54bf0c792b087e9917af5f0ada9cc895d661e'}, 'decision_prefix_sha256': 'e8b54ab408f5d6d8df1372ec5e96209c51b696e93e01450283058c84bc0a1968'}",noop
AAPL,AAPL,2024-06-28,2024-06-28T20:00:00+00:00,HOLD,1.0,cached,exact cache hit,tradingagents,M0_original_prompt_2024H1,HOLD,"{'wall_clock_seconds': 0.011612250003963709, 'run_context': {'mode': 'historical', 'as_of': '2024-06-28T20:00:00+00:00'}, 'market_history_visibility': {'first_session': '2023-01-04', 'last_session': '2024-06-28', 'last_observation_time_utc': '2024-06-28T20:00:00+00:00', 'row_count': 373, 'sha256': 'ef7d206e1287b016b134c29bd3a821d5b9d1a55acdcdbf809e87ce0922f11a5f'}, 'report_path': 'strategy/cases/AAPL/2024-06-28/reports', 'source_audit_path': 'strategy/cases/AAPL/2024-06-28/source_audit.json', 'cache_key': '2668947431b2754ac298f6c3fc624225d9eb0d580bed780b2a5353a7cfd82ed5', 'cache_status': 'hit', 'model_config': {'llm_provider': 'deepseek', 'quick_think_llm': 'deepseek-v4-flash', 'deep_think_llm': 'deepseek-v4-flash', 'backend_url': None, 'deepseek_thinking': 'disabled', 'temperature': 0.0, 'llm_max_retries': None, 'selected_analysts': ['market', 'social', 'news', 'fundamentals'], 'output_language': 'English', 'research_depth': 'medium', 'max_debate_rounds': 3, 'max_risk_discuss_rounds': 3, 'max_recur_limit': 100, 'news_article_limit': 20, 'global_news_article_limit': 10, 'global_news_lookback_days': 7, 'global_news_queries': ['Federal Reserve interest rates inflation', 'S&P 500 earnings GDP economic outlook', 'geopolitical risk trade war sanctions', 'ECB Bank of England BOJ central bank policy', 'oil commodities supply chain energy'], 'data_vendors': {'core_stock_apis': 'yfinance', 'technical_indicators': 'yfinance', 'fundamental_data': 'yfinance', 'news_data': 'yfinance', 'macro_data': 'fred', 'prediction_markets': 'polymarket'}, 'tool_vendors': {}, 'benchmark_ticker': None, 'benchmark_map': {'.NS': '^NSEI', '.BO': '^BSESN', '.T': '^N225', '.HK': '^HSI', '.L': '^FTSE', '.TO': '^GSPTSE', '.AX': '^AXJO', '.SS': '000001.SS', '.SZ': '399001.SZ', '': 'SPY'}, 'memory_mode': 'experiment', 'memory_log_max_entries': None, 'memory_holding_horizon_sessions': 5, 'memory_outcome_price_mode': 'adjusted_close', 'checkpoint_enabled': False, 'point_in_time': True, 'execution_data_source': 'snapshot', 'graph_config_sha256': '5b1b6e1c132c13f9830b377ba9d54bf0c792b087e9917af5f0ada9cc895d661e'}, 'decision_prefix_sha256': '373d69703216d027b5554796444c1bf39c43f8e601aba1dc4841bbcb2df9fa4d'}",noop
AMZN,AMZN,2024-01-05,2024-01-05T21:00:00+00:00,HOLD,0.0,cached,exact cache hit,tradingagents,M0_original_prompt_2024H1,HOLD,"{'wall_clock_seconds': 0.012688707967754453, 'run_context': {'mode': 'historical', 'as_of': '2024-01-05T21:00:00+00:00'}, 'market_history_visibility': {'first_session': '2023-01-04', 'last_session': '2024-01-05', 'last_observation_time_utc': '2024-01-05T21:00:00+00:00', 'row_count': 253, 'sha256': '923da1970caddc64b94cd1b98c05997696d9e9b0f7e4ac4c170316886b350b0e'}, 'report_path': 'strategy/cases/AMZN/2024-01-05/reports', 'source_audit_path': 'strategy/cases/AMZN/2024-01-05/source_audit.json', 'cache_key': 'aa1e94539aa75c8329ca0cdaee2b3c571bd89ccc49a94a9ce67855cfa64af825', 'cache_status': 'hit', 'model_config': {'llm_provider': 'deepseek', 'quick_think_llm': 'deepseek-v4-flash', 'deep_think_llm': 'deepseek-v4-flash', 'backend_url': None, 'deepseek_thinking': 'disabled', 'temperature': 0.0, 'llm_max_retries': None, 'selected_analysts': ['market', 'social', 'news', 'fundamentals'], 'output_language': 'English', 'research_depth': 'medium', 'max_debate_rounds': 3, 'max_risk_discuss_rounds': 3, 'max_recur_limit': 100, 'news_article_limit': 20, 'global_news_article_limit': 10, 'global_news_lookback_days': 7, 'global_news_queries': ['Federal Reserve interest rates inflation', 'S&P 500 earnings GDP economic outlook', 'geopolitical risk trade war sanctions', 'ECB Bank of England BOJ central bank policy', 'oil commodities supply chain energy'], 'data_vendors': {'core_stock_apis': 'yfinance', 'technical_indicators': 'yfinance', 'fundamental_data': 'yfinance', 'news_data': 'yfinance', 'macro_data': 'fred', 'prediction_markets': 'polymarket'}, 'tool_vendors': {}, 'benchmark_ticker': None, 'benchmark_map': {'.NS': '^NSEI', '.BO': '^BSESN', '.T': '^N225', '.HK': '^HSI', '.L': '^FTSE', '.TO': '^GSPTSE', '.AX': '^AXJO', '.SS': '000001.SS', '.SZ': '399001.SZ', '': 'SPY'}, 'memory_mode': 'experiment', 'memory_log_max_entries': None, 'memory_holding_horizon_sessions': 5, 'memory_outcome_price_mode': 'adjusted_close', 'checkpoint_enabled': False, 'point_in_time': True, 'execution_data_source': 'snapshot', 'graph_config_sha256': '5b1b6e1c132c13f9830b377ba9d54bf0c792b087e9917af5f0ada9cc895d661e'}, 'decision_prefix_sha256': '899c0980d104f3b3b438abf2cc9ad6fc2ca487903578eb22b40ae0358fd87f24'}",noop
AMZN,AMZN,2024-01-12,2024-01-12T21:00:00+00:00,HOLD,0.0,cached,exact cache hit,tradingagents,M0_original_prompt_2024H1,HOLD,"{'wall_clock_seconds': 0.009999917005188763, 'run_context': {'mode': 'historical', 'as_of': '2024-01-12T21:00:00+00:00'}, 'market_history_visibility': {'first_session': '2023-01-04', 'last_session': '2024-01-12', 'last_observation_time_utc': '2024-01-12T21:00:00+00:00', 'row_count': 258, 'sha256': '43a473d0eeec6bdb9878e5f9a6d934883b7c3dae1cae41db7a074a40c555367b'}, 'report_path': 'strategy/cases/AMZN/2024-01-12/reports', 'source_audit_path': 'strategy/cases/AMZN/2024-01-12/source_audit.json', 'cache_key': 'cc29eaf15c2ead7f2298dd027461427fb4af4775ae55802e5070c4679da17284', 'cache_status': 'hit', 'model_config': {'llm_provider': 'deepseek', 'quick_think_llm': 'deepseek-v4-flash', 'deep_think_llm': 'deepseek-v4-flash', 'backend_url': None, 'deepseek_thinking': 'disabled', 'temperature': 0.0, 'llm_max_retries': None, 'selected_analysts': ['market', 'social', 'news', 'fundamentals'], 'output_language': 'English', 'research_depth': 'medium', 'max_debate_rounds': 3, 'max_risk_discuss_rounds': 3, 'max_recur_limit': 100, 'news_article_limit': 20, 'global_news_article_limit': 10, 'global_news_lookback_days': 7, 'global_news_queries': ['Federal Reserve interest rates inflation', 'S&P 500 earnings GDP economic outlook', 'geopolitical risk trade war sanctions', 'ECB Bank of England BOJ central bank policy', 'oil commodities supply chain energy'], 'data_vendors': {'core_stock_apis': 'yfinance', 'technical_indicators': 'yfinance', 'fundamental_data': 'yfinance', 'news_data': 'yfinance', 'macro_data': 'fred', 'prediction_markets': 'polymarket'}, 'tool_vendors': {}, 'benchmark_ticker': None, 'benchmark_map': {'.NS': '^NSEI', '.BO': '^BSESN', '.T': '^N225', '.HK': '^HSI', '.L': '^FTSE', '.TO': '^GSPTSE', '.AX': '^AXJO', '.SS': '000001.SS', '.SZ': '399001.SZ', '': 'SPY'}, 'memory_mode': 'experiment', 'memory_log_max_entries': None, 'memory_holding_horizon_sessions': 5, 'memory_outcome_price_mode': 'adjusted_close', 'checkpoint_enabled': False, 'point_in_time': True, 'execution_data_source': 'snapshot', 'graph_config_sha256': '5b1b6e1c132c13f9830b377ba9d54bf0c792b087e9917af5f0ada9cc895d661e'}, 'decision_prefix_sha256': '90180ebc926d57d4c6e346d6ba9f81752109904b06a345b651e4bcf21bc65945'}",noop
AMZN,AMZN,2024-01-19,2024-01-19T21:00:00+00:00,HOLD,0.0,cached,exact cache hit,tradingagents,M0_original_prompt_2024H1,HOLD,"{'wall_clock_seconds': 0.009647041966672987, 'run_context': {'mode': 'historical', 'as_of': '2024-01-19T21:00:00+00:00'}, 'market_history_visibility': {'first_session': '2023-01-04', 'last_session': '2024-01-19', 'last_observation_time_utc': '2024-01-19T21:00:00+00:00', 'row_count': 262, 'sha256': '5551f2ccca09b283aac7f0656689fabf0598675b9be7e18d780de7921ba3a7a6'}, 'report_path': 'strategy/cases/AMZN/2024-01-19/reports', 'source_audit_path': 'strategy/cases/AMZN/2024-01-19/source_audit.json', 'cache_key': '9b7178201db8e25341494f6ffdf375dc08adec919629132dad269acca1b314f1', 'cache_status': 'hit', 'model_config': {'llm_provider': 'deepseek', 'quick_think_llm': 'deepseek-v4-flash', 'deep_think_llm': 'deepseek-v4-flash', 'backend_url': None, 'deepseek_thinking': 'disabled', 'temperature': 0.0, 'llm_max_retries': None, 'selected_analysts': ['market', 'social', 'news', 'fundamentals'], 'output_language': 'English', 'research_depth': 'medium', 'max_debate_rounds': 3, 'max_risk_discuss_rounds': 3, 'max_recur_limit': 100, 'news_article_limit': 20, 'global_news_article_limit': 10, 'global_news_lookback_days': 7, 'global_news_queries': ['Federal Reserve interest rates inflation', 'S&P 500 earnings GDP economic outlook', 'geopolitical risk trade war sanctions', 'ECB Bank of England BOJ central bank policy', 'oil commodities supply chain energy'], 'data_vendors': {'core_stock_apis': 'yfinance', 'technical_indicators': 'yfinance', 'fundamental_data': 'yfinance', 'news_data': 'yfinance', 'macro_data': 'fred', 'prediction_markets': 'polymarket'}, 'tool_vendors': {}, 'benchmark_ticker': None, 'benchmark_map': {'.NS': '^NSEI', '.BO': '^BSESN', '.T': '^N225', '.HK': '^HSI', '.L': '^FTSE', '.TO': '^GSPTSE', '.AX': '^AXJO', '.SS': '000001.SS', '.SZ': '399001.SZ', '': 'SPY'}, 'memory_mode': 'experiment', 'memory_log_max_entries': None, 'memory_holding_horizon_sessions': 5, 'memory_outcome_price_mode': 'adjusted_close', 'checkpoint_enabled': False, 'point_in_time': True, 'execution_data_source': 'snapshot', 'graph_config_sha256': '5b1b6e1c132c13f9830b377ba9d54bf0c792b087e9917af5f0ada9cc895d661e'}, 'decision_prefix_sha256': '36d79d51a611ee3d5dfdc283e358f070dc07b721a1230e779efae27a676abecb'}",noop
AMZN,AMZN,2024-01-26,2024-01-26T21:00:00+00:00,HOLD,0.0,cached,exact cache hit,tradingagents,M0_original_prompt_2024H1,HOLD,"{'wall_clock_seconds': 0.009566624998115003, 'run_context': {'mode': 'historical', 'as_of': '2024-01-26T21:00:00+00:00'}, 'market_history_visibility': {'first_session': '2023-01-04', 'last_session': '2024-01-26', 'last_observation_time_utc': '2024-01-26T21:00:00+00:00', 'row_count': 267, 'sha256': 'efd9d77c577114b08f446d29cc4fcc7e3b5b29e1a8c30feb9eb23e9fa1895b73'}, 'report_path': 'strategy/cases/AMZN/2024-01-26/reports', 'source_audit_path': 'strategy/cases/AMZN/2024-01-26/source_audit.json', 'cache_key': '59a63ee1f75dfaa8335d1261635fb1cf894a621dae3dfade115d1de88de75b12', 'cache_status': 'hit', 'model_config': {'llm_provider': 'deepseek', 'quick_think_llm': 'deepseek-v4-flash', 'deep_think_llm': 'deepseek-v4-flash', 'backend_url': None, 'deepseek_thinking': 'disabled', 'temperature': 0.0, 'llm_max_retries': None, 'selected_analysts': ['market', 'social', 'news', 'fundamentals'], 'output_language': 'English', 'research_depth': 'medium', 'max_debate_rounds': 3, 'max_risk_discuss_rounds': 3, 'max_recur_limit': 100, 'news_article_limit': 20, 'global_news_article_limit': 10, 'global_news_lookback_days': 7, 'global_news_queries': ['Federal Reserve interest rates inflation', 'S&P 500 earnings GDP economic outlook', 'geopolitical risk trade war sanctions', 'ECB Bank of England BOJ central bank policy', 'oil commodities supply chain energy'], 'data_vendors': {'core_stock_apis': 'yfinance', 'technical_indicators': 'yfinance', 'fundamental_data': 'yfinance', 'news_data': 'yfinance', 'macro_data': 'fred', 'prediction_markets': 'polymarket'}, 'tool_vendors': {}, 'benchmark_ticker': None, 'benchmark_map': {'.NS': '^NSEI', '.BO': '^BSESN', '.T': '^N225', '.HK': '^HSI', '.L': '^FTSE', '.TO': '^GSPTSE', '.AX': '^AXJO', '.SS': '000001.SS', '.SZ': '399001.SZ', '': 'SPY'}, 'memory_mode': 'experiment', 'memory_log_max_entries': None, 'memory_holding_horizon_sessions': 5, 'memory_outcome_price_mode': 'adjusted_close', 'checkpoint_enabled': False, 'point_in_time': True, 'execution_data_source': 'snapshot', 'graph_config_sha256': '5b1b6e1c132c13f9830b377ba9d54bf0c792b087e9917af5f0ada9cc895d661e'}, 'decision_prefix_sha256': '94e26b750ee01a6ec48b57568a184b5d5d8522dab57f85f47018eadf7412cd0d'}",noop
AMZN,AMZN,2024-02-02,2024-02-02T21:00:00+00:00,SELL,0.0,cached,exact cache hit,tradingagents,M0_original_prompt_2024H1,SELL,"{'wall_clock_seconds': 0.01128174999030307, 'run_context': {'mode': 'historical', 'as_of': '2024-02-02T21:00:00+00:00'}, 'market_history_visibility': {'first_session': '2023-01-04', 'last_session': '2024-02-02', 'last_observation_time_utc': '2024-02-02T21:00:00+00:00', 'row_count': 272, 'sha256': 'ba773f937abce11662fc4f30e4a086370c319e2b7d7adfda976f258be9b67551'}, 'report_path': 'strategy/cases/AMZN/2024-02-02/reports', 'source_audit_path': 'strategy/cases/AMZN/2024-02-02/source_audit.json', 'cache_key': '1a3eaefa7c220d5eae42b8e87a1239b957ba78969c36215701e9f8f1be8ed431', 'cache_status': 'hit', 'model_config': {'llm_provider': 'deepseek', 'quick_think_llm': 'deepseek-v4-flash', 'deep_think_llm': 'deepseek-v4-flash', 'backend_url': None, 'deepseek_thinking': 'disabled', 'temperature': 0.0, 'llm_max_retries': None, 'selected_analysts': ['market', 'social', 'news', 'fundamentals'], 'output_language': 'English', 'research_depth': 'medium', 'max_debate_rounds': 3, 'max_risk_discuss_rounds': 3, 'max_recur_limit': 100, 'news_article_limit': 20, 'global_news_article_limit': 10, 'global_news_lookback_days': 7, 'global_news_queries': ['Federal Reserve interest rates inflation', 'S&P 500 earnings GDP economic outlook', 'geopolitical risk trade war sanctions', 'ECB Bank of England BOJ central bank policy', 'oil commodities supply chain energy'], 'data_vendors': {'core_stock_apis': 'yfinance', 'technical_indicators': 'yfinance', 'fundamental_data': 'yfinance', 'news_data': 'yfinance', 'macro_data': 'fred', 'prediction_markets': 'polymarket'}, 'tool_vendors': {}, 'benchmark_ticker': None, 'benchmark_map': {'.NS': '^NSEI', '.BO': '^BSESN', '.T': '^N225', '.HK': '^HSI', '.L': '^FTSE', '.TO': '^GSPTSE', '.AX': '^AXJO', '.SS': '000001.SS', '.SZ': '399001.SZ', '': 'SPY'}, 'memory_mode': 'experiment', 'memory_log_max_entries': None, 'memory_holding_horizon_sessions': 5, 'memory_outcome_price_mode': 'adjusted_close', 'checkpoint_enabled': False, 'point_in_time': True, 'execution_data_source': 'snapshot', 'graph_config_sha256': '5b1b6e1c132c13f9830b377ba9d54bf0c792b087e9917af5f0ada9cc895d661e'}, 'decision_prefix_sha256': '23e67e3facf2778972ddf747c95fed4ae1571520d8373b1b78ac1d00f8af319a'}",noop
AMZN,AMZN,2024-02-09,2024-02-09T21:00:00+00:00,HOLD,0.0,cached,exact cache hit,tradingagents,M0_original_prompt_2024H1,HOLD,"{'wall_clock_seconds': 0.011369750020094216, 'run_context': {'mode': 'historical', 'as_of': '2024-02-09T21:00:00+00:00'}, 'market_history_visibility': {'first_session': '2023-01-04', 'last_session': '2024-02-09', 'last_observation_time_utc': '2024-02-09T21:00:00+00:00', 'row_count': 277, 'sha256': '354be2bbb8503483aa971175efb0c2b9889415f7e5e5e0afaabfe4b234afa96a'}, 'report_path': 'strategy/cases/AMZN/2024-02-09/reports', 'source_audit_path': 'strategy/cases/AMZN/2024-02-09/source_audit.json', 'cache_key': '1adceb9eccbb08456697a89fa27d13b6e29fd18fc02869f1ca5f5278f93ee40f', 'cache_status': 'hit', 'model_config': {'llm_provider': 'deepseek', 'quick_think_llm': 'deepseek-v4-flash', 'deep_think_llm': 'deepseek-v4-flash', 'backend_url': None, 'deepseek_thinking': 'disabled', 'temperature': 0.0, 'llm_max_retries': None, 'selected_analysts': ['market', 'social', 'news', 'fundamentals'], 'output_language': 'English', 'research_depth': 'medium', 'max_debate_rounds': 3, 'max_risk_discuss_rounds': 3, 'max_recur_limit': 100, 'news_article_limit': 20, 'global_news_article_limit': 10, 'global_news_lookback_days': 7, 'global_news_queries': ['Federal Reserve interest rates inflation', 'S&P 500 earnings GDP economic outlook', 'geopolitical risk trade war sanctions', 'ECB Bank of England BOJ central bank policy', 'oil commodities supply chain energy'], 'data_vendors': {'core_stock_apis': 'yfinance', 'technical_indicators': 'yfinance', 'fundamental_data': 'yfinance', 'news_data': 'yfinance', 'macro_data': 'fred', 'prediction_markets': 'polymarket'}, 'tool_vendors': {}, 'benchmark_ticker': None, 'benchmark_map': {'.NS': '^NSEI', '.BO': '^BSESN', '.T': '^N225', '.HK': '^HSI', '.L': '^FTSE', '.TO': '^GSPTSE', '.AX': '^AXJO', '.SS': '000001.SS', '.SZ': '399001.SZ', '': 'SPY'}, 'memory_mode': 'experiment', 'memory_log_max_entries': None, 'memory_holding_horizon_sessions': 5, 'memory_outcome_price_mode': 'adjusted_close', 'checkpoint_enabled': False, 'point_in_time': True, 'execution_data_source': 'snapshot', 'graph_config_sha256': '5b1b6e1c132c13f9830b377ba9d54bf0c792b087e9917af5f0ada9cc895d661e'}, 'decision_prefix_sha256': '4d54fe16fb8645280f3c39dc8c04a1b76081e8474d118962de4a09d5db52eff8'}",noop
AMZN,AMZN,2024-02-16,2024-02-16T21:00:00+00:00,BUY,1.0,cached,exact cache hit,tradingagents,M0_original_prompt_2024H1,BUY,"{'wall_clock_seconds': 0.009315709001384676, 'run_context': {'mode': 'historical', 'as_of': '2024-02-16T21:00:00+00:00'}, 'market_history_visibility': {'first_session': '2023-01-04', 'last_session': '2024-02-16', 'last_observation_time_utc': '2024-02-16T21:00:00+00:00', 'row_count': 282, 'sha256': '4dc0579d69491e54ccc319a307fdd2701f08f6b6d6adaea67c2ca3b8e7b44193'}, 'report_path': 'strategy/cases/AMZN/2024-02-16/reports', 'source_audit_path': 'strategy/cases/AMZN/2024-02-16/source_audit.json', 'cache_key': '37dc401f4fbbce6e94d8cdc284b4574142f4fe2570346c39930801aeed3cba1d', 'cache_status': 'hit', 'model_config': {'llm_provider': 'deepseek', 'quick_think_llm': 'deepseek-v4-flash', 'deep_think_llm': 'deepseek-v4-flash', 'backend_url': None, 'deepseek_thinking': 'disabled', 'temperature': 0.0, 'llm_max_retries': None, 'selected_analysts': ['market', 'social', 'news', 'fundamentals'], 'output_language': 'English', 'research_depth': 'medium', 'max_debate_rounds': 3, 'max_risk_discuss_rounds': 3, 'max_recur_limit': 100, 'news_article_limit': 20, 'global_news_article_limit': 10, 'global_news_lookback_days': 7, 'global_news_queries': ['Federal Reserve interest rates inflation', 'S&P 500 earnings GDP economic outlook', 'geopolitical risk trade war sanctions', 'ECB Bank of England BOJ central bank policy', 'oil commodities supply chain energy'], 'data_vendors': {'core_stock_apis': 'yfinance', 'technical_indicators': 'yfinance', 'fundamental_data': 'yfinance', 'news_data': 'yfinance', 'macro_data': 'fred', 'prediction_markets': 'polymarket'}, 'tool_vendors': {}, 'benchmark_ticker': None, 'benchmark_map': {'.NS': '^NSEI', '.BO': '^BSESN', '.T': '^N225', '.HK': '^HSI', '.L': '^FTSE', '.TO': '^GSPTSE', '.AX': '^AXJO', '.SS': '000001.SS', '.SZ': '399001.SZ', '': 'SPY'}, 'memory_mode': 'experiment', 'memory_log_max_entries': None, 'memory_holding_horizon_sessions': 5, 'memory_outcome_price_mode': 'adjusted_close', 'checkpoint_enabled': False, 'point_in_time': True, 'execution_data_source': 'snapshot', 'graph_config_sha256': '5b1b6e1c132c13f9830b377ba9d54bf0c792b087e9917af5f0ada9cc895d661e'}, 'decision_prefix_sha256': 'f32689b233b2c5e1d8d1ac04cadef10bd503a479825d31cf6c2d1e5d2bf83182'}",ordered
AMZN,AMZN,2024-02-23,2024-02-23T21:00:00+00:00,HOLD,1.0,cached,exact cache hit,tradingagents,M0_original_prompt_2024H1,HOLD,"{'wall_clock_seconds': 0.010687583009712398, 'run_context': {'mode': 'historical', 'as_of': '2024-02-23T21:00:00+00:00'}, 'market_history_visibility': {'first_session': '2023-01-04', 'last_session': '2024-02-23', 'last_observation_time_utc': '2024-02-23T21:00:00+00:00', 'row_count': 286, 'sha256': 'b20ffc90c0156d4a81b59ba89c84edd29fed097c4d66ef379da126b6de32c4e4'}, 'report_path': 'strategy/cases/AMZN/2024-02-23/reports', 'source_audit_path': 'strategy/cases/AMZN/2024-02-23/source_audit.json', 'cache_key': '222555b501e3696a573ec720fbbcf2be7873f1b88136385786cdd5247eaee974', 'cache_status': 'hit', 'model_config': {'llm_provider': 'deepseek', 'quick_think_llm': 'deepseek-v4-flash', 'deep_think_llm': 'deepseek-v4-flash', 'backend_url': None, 'deepseek_thinking': 'disabled', 'temperature': 0.0, 'llm_max_retries': None, 'selected_analysts': ['market', 'social', 'news', 'fundamentals'], 'output_language': 'English', 'research_depth': 'medium', 'max_debate_rounds': 3, 'max_risk_discuss_rounds': 3, 'max_recur_limit': 100, 'news_article_limit': 20, 'global_news_article_limit': 10, 'global_news_lookback_days': 7, 'global_news_queries': ['Federal Reserve interest rates inflation', 'S&P 500 earnings GDP economic outlook', 'geopolitical risk trade war sanctions', 'ECB Bank of England BOJ central bank policy', 'oil commodities supply chain energy'], 'data_vendors': {'core_stock_apis': 'yfinance', 'technical_indicators': 'yfinance', 'fundamental_data': 'yfinance', 'news_data': 'yfinance', 'macro_data': 'fred', 'prediction_markets': 'polymarket'}, 'tool_vendors': {}, 'benchmark_ticker': None, 'benchmark_map': {'.NS': '^NSEI', '.BO': '^BSESN', '.T': '^N225', '.HK': '^HSI', '.L': '^FTSE', '.TO': '^GSPTSE', '.AX': '^AXJO', '.SS': '000001.SS', '.SZ': '399001.SZ', '': 'SPY'}, 'memory_mode': 'experiment', 'memory_log_max_entries': None, 'memory_holding_horizon_sessions': 5, 'memory_outcome_price_mode': 'adjusted_close', 'checkpoint_enabled': False, 'point_in_time': True, 'execution_data_source': 'snapshot', 'graph_config_sha256': '5b1b6e1c132c13f9830b377ba9d54bf0c792b087e9917af5f0ada9cc895d661e'}, 'decision_prefix_sha256': 'd6a890e31d8d25b13b81da5bbd38a2aaac7ba87aac376c80e000dd000c3fd325'}",noop
AMZN,AMZN,2024-03-01,2024-03-01T21:00:00+00:00,HOLD,1.0,cached,exact cache hit,tradingagents,M0_original_prompt_2024H1,HOLD,"{'wall_clock_seconds': 0.010395582998171449, 'run_context': {'mode': 'historical', 'as_of': '2024-03-01T21:00:00+00:00'}, 'market_history_visibility': {'first_session': '2023-01-04', 'last_session': '2024-03-01', 'last_observation_time_utc': '2024-03-01T21:00:00+00:00', 'row_count': 291, 'sha256': '1d9f3ef603a07771b6850cec68e6bab4caf169f37a1e8706a5bd698953de4cfb'}, 'report_path': 'strategy/cases/AMZN/2024-03-01/reports', 'source_audit_path': 'strategy/cases/AMZN/2024-03-01/source_audit.json', 'cache_key': '1c19583d1cbe260ba15bfe9cc92a4c0f9bd76ba155441c227a9f6fd7c9ef00b2', 'cache_status': 'hit', 'model_config': {'llm_provider': 'deepseek', 'quick_think_llm': 'deepseek-v4-flash', 'deep_think_llm': 'deepseek-v4-flash', 'backend_url': None, 'deepseek_thinking': 'disabled', 'temperature': 0.0, 'llm_max_retries': None, 'selected_analysts': ['market', 'social', 'news', 'fundamentals'], 'output_language': 'English', 'research_depth': 'medium', 'max_debate_rounds': 3, 'max_risk_discuss_rounds': 3, 'max_recur_limit': 100, 'news_article_limit': 20, 'global_news_article_limit': 10, 'global_news_lookback_days': 7, 'global_news_queries': ['Federal Reserve interest rates inflation', 'S&P 500 earnings GDP economic outlook', 'geopolitical risk trade war sanctions', 'ECB Bank of England BOJ central bank policy', 'oil commodities supply chain energy'], 'data_vendors': {'core_stock_apis': 'yfinance', 'technical_indicators': 'yfinance', 'fundamental_data': 'yfinance', 'news_data': 'yfinance', 'macro_data': 'fred', 'prediction_markets': 'polymarket'}, 'tool_vendors': {}, 'benchmark_ticker': None, 'benchmark_map': {'.NS': '^NSEI', '.BO': '^BSESN', '.T': '^N225', '.HK': '^HSI', '.L': '^FTSE', '.TO': '^GSPTSE', '.AX': '^AXJO', '.SS': '000001.SS', '.SZ': '399001.SZ', '': 'SPY'}, 'memory_mode': 'experiment', 'memory_log_max_entries': None, 'memory_holding_horizon_sessions': 5, 'memory_outcome_price_mode': 'adjusted_close', 'checkpoint_enabled': False, 'point_in_time': True, 'execution_data_source': 'snapshot', 'graph_config_sha256': '5b1b6e1c132c13f9830b377ba9d54bf0c792b087e9917af5f0ada9cc895d661e'}, 'decision_prefix_sha256': 'd233cd2c199dd54b0b14be5b31b63228a6f207333e6f0ccbb85ae855c6cb39da'}",noop
AMZN,AMZN,2024-03-08,2024-03-08T21:00:00+00:00,HOLD,1.0,cached,exact cache hit,tradingagents,M0_original_prompt_2024H1,HOLD,"{'wall_clock_seconds': 0.010155834024772048, 'run_context': {'mode': 'historical', 'as_of': '2024-03-08T21:00:00+00:00'}, 'market_history_visibility': {'first_session': '2023-01-04', 'last_session': '2024-03-08', 'last_observation_time_utc': '2024-03-08T21:00:00+00:00', 'row_count': 296, 'sha256': '6c4ba67646285302b5a4ca5967324123fb1774b44e9142277498725409bf51f5'}, 'report_path': 'strategy/cases/AMZN/2024-03-08/reports', 'source_audit_path': 'strategy/cases/AMZN/2024-03-08/source_audit.json', 'cache_key': '00a8101da7fa25f1e34a0b779317f088fc316adc1fe38dfaead8b6233a42099f', 'cache_status': 'hit', 'model_config': {'llm_provider': 'deepseek', 'quick_think_llm': 'deepseek-v4-flash', 'deep_think_llm': 'deepseek-v4-flash', 'backend_url': None, 'deepseek_thinking': 'disabled', 'temperature': 0.0, 'llm_max_retries': None, 'selected_analysts': ['market', 'social', 'news', 'fundamentals'], 'output_language': 'English', 'research_depth': 'medium', 'max_debate_rounds': 3, 'max_risk_discuss_rounds': 3, 'max_recur_limit': 100, 'news_article_limit': 20, 'global_news_article_limit': 10, 'global_news_lookback_days': 7, 'global_news_queries': ['Federal Reserve interest rates inflation', 'S&P 500 earnings GDP economic outlook', 'geopolitical risk trade war sanctions', 'ECB Bank of England BOJ central bank policy', 'oil commodities supply chain energy'], 'data_vendors': {'core_stock_apis': 'yfinance', 'technical_indicators': 'yfinance', 'fundamental_data': 'yfinance', 'news_data': 'yfinance', 'macro_data': 'fred', 'prediction_markets': 'polymarket'}, 'tool_vendors': {}, 'benchmark_ticker': None, 'benchmark_map': {'.NS': '^NSEI', '.BO': '^BSESN', '.T': '^N225', '.HK': '^HSI', '.L': '^FTSE', '.TO': '^GSPTSE', '.AX': '^AXJO', '.SS': '000001.SS', '.SZ': '399001.SZ', '': 'SPY'}, 'memory_mode': 'experiment', 'memory_log_max_entries': None, 'memory_holding_horizon_sessions': 5, 'memory_outcome_price_mode': 'adjusted_close', 'checkpoint_enabled': False, 'point_in_time': True, 'execution_data_source': 'snapshot', 'graph_config_sha256': '5b1b6e1c132c13f9830b377ba9d54bf0c792b087e9917af5f0ada9cc895d661e'}, 'decision_prefix_sha256': '9ec8b8f318e89e6e4218c9ae9d4e26198e78e94b3baf5b13d927691683d732cb'}",noop
AMZN,AMZN,2024-03-15,2024-03-15T20:00:00+00:00,HOLD,1.0,cached,exact cache hit,tradingagents,M0_original_prompt_2024H1,HOLD,"{'wall_clock_seconds': 0.010511290980502963, 'run_context': {'mode': 'historical', 'as_of': '2024-03-15T20:00:00+00:00'}, 'market_history_visibility': {'first_session': '2023-01-04', 'last_session': '2024-03-15', 'last_observation_time_utc': '2024-03-15T20:00:00+00:00', 'row_count': 301, 'sha256': '10f8a26b26125fa14d860d3e13f29df771b8c1e5a67e5b98beee05b5ad0d4572'}, 'report_path': 'strategy/cases/AMZN/2024-03-15/reports', 'source_audit_path': 'strategy/cases/AMZN/2024-03-15/source_audit.json', 'cache_key': 'e1e47617ea1a157f71a3d8e7de2eb0af653e66ee7d7fe6f49e3289661216d336', 'cache_status': 'hit', 'model_config': {'llm_provider': 'deepseek', 'quick_think_llm': 'deepseek-v4-flash', 'deep_think_llm': 'deepseek-v4-flash', 'backend_url': None, 'deepseek_thinking': 'disabled', 'temperature': 0.0, 'llm_max_retries': None, 'selected_analysts': ['market', 'social', 'news', 'fundamentals'], 'output_language': 'English', 'research_depth': 'medium', 'max_debate_rounds': 3, 'max_risk_discuss_rounds': 3, 'max_recur_limit': 100, 'news_article_limit': 20, 'global_news_article_limit': 10, 'global_news_lookback_days': 7, 'global_news_queries': ['Federal Reserve interest rates inflation', 'S&P 500 earnings GDP economic outlook', 'geopolitical risk trade war sanctions', 'ECB Bank of England BOJ central bank policy', 'oil commodities supply chain energy'], 'data_vendors': {'core_stock_apis': 'yfinance', 'technical_indicators': 'yfinance', 'fundamental_data': 'yfinance', 'news_data': 'yfinance', 'macro_data': 'fred', 'prediction_markets': 'polymarket'}, 'tool_vendors': {}, 'benchmark_ticker': None, 'benchmark_map': {'.NS': '^NSEI', '.BO': '^BSESN', '.T': '^N225', '.HK': '^HSI', '.L': '^FTSE', '.TO': '^GSPTSE', '.AX': '^AXJO', '.SS': '000001.SS', '.SZ': '399001.SZ', '': 'SPY'}, 'memory_mode': 'experiment', 'memory_log_max_entries': None, 'memory_holding_horizon_sessions': 5, 'memory_outcome_price_mode': 'adjusted_close', 'checkpoint_enabled': False, 'point_in_time': True, 'execution_data_source': 'snapshot', 'graph_config_sha256': '5b1b6e1c132c13f9830b377ba9d54bf0c792b087e9917af5f0ada9cc895d661e'}, 'decision_prefix_sha256': '8af050be4acd48c47f639157177781ab8ac5b5e1d576fbcf9ff2472a93e35d44'}",noop
AMZN,AMZN,2024-03-22,2024-03-22T20:00:00+00:00,HOLD,1.0,cached,exact cache hit,tradingagents,M0_original_prompt_2024H1,HOLD,"{'wall_clock_seconds': 0.009447374963201582, 'run_context': {'mode': 'historical', 'as_of': '2024-03-22T20:00:00+00:00'}, 'market_history_visibility': {'first_session': '2023-01-04', 'last_session': '2024-03-22', 'last_observation_time_utc': '2024-03-22T20:00:00+00:00', 'row_count': 306, 'sha256': '3bbbb26d9097ea06885854edc2a0ba7d109dd54441296c09586cf90b3a641e2c'}, 'report_path': 'strategy/cases/AMZN/2024-03-22/reports', 'source_audit_path': 'strategy/cases/AMZN/2024-03-22/source_audit.json', 'cache_key': '73b6b121422c565b1b7c3d1719228666a3794488102fc2becc0c172938d27b90', 'cache_status': 'hit', 'model_config': {'llm_provider': 'deepseek', 'quick_think_llm': 'deepseek-v4-flash', 'deep_think_llm': 'deepseek-v4-flash', 'backend_url': None, 'deepseek_thinking': 'disabled', 'temperature': 0.0, 'llm_max_retries': None, 'selected_analysts': ['market', 'social', 'news', 'fundamentals'], 'output_language': 'English', 'research_depth': 'medium', 'max_debate_rounds': 3, 'max_risk_discuss_rounds': 3, 'max_recur_limit': 100, 'news_article_limit': 20, 'global_news_article_limit': 10, 'global_news_lookback_days': 7, 'global_news_queries': ['Federal Reserve interest rates inflation', 'S&P 500 earnings GDP economic outlook', 'geopolitical risk trade war sanctions', 'ECB Bank of England BOJ central bank policy', 'oil commodities supply chain energy'], 'data_vendors': {'core_stock_apis': 'yfinance', 'technical_indicators': 'yfinance', 'fundamental_data': 'yfinance', 'news_data': 'yfinance', 'macro_data': 'fred', 'prediction_markets': 'polymarket'}, 'tool_vendors': {}, 'benchmark_ticker': None, 'benchmark_map': {'.NS': '^NSEI', '.BO': '^BSESN', '.T': '^N225', '.HK': '^HSI', '.L': '^FTSE', '.TO': '^GSPTSE', '.AX': '^AXJO', '.SS': '000001.SS', '.SZ': '399001.SZ', '': 'SPY'}, 'memory_mode': 'experiment', 'memory_log_max_entries': None, 'memory_holding_horizon_sessions': 5, 'memory_outcome_price_mode': 'adjusted_close', 'checkpoint_enabled': False, 'point_in_time': True, 'execution_data_source': 'snapshot', 'graph_config_sha256': '5b1b6e1c132c13f9830b377ba9d54bf0c792b087e9917af5f0ada9cc895d661e'}, 'decision_prefix_sha256': '87da80bbef16941847d56af807466a7e1bb7c2b6a9370a6f98b2cd0e7cad7993'}",noop
AMZN,AMZN,2024-03-28,2024-03-28T20:00:00+00:00,SELL,0.0,cached,exact cache hit,tradingagents,M0_original_prompt_2024H1,SELL,"{'wall_clock_seconds': 0.008613875019364059, 'run_context': {'mode': 'historical', 'as_of': '2024-03-28T20:00:00+00:00'}, 'market_history_visibility': {'first_session': '2023-01-04', 'last_session': '2024-03-28', 'last_observation_time_utc': '2024-03-28T20:00:00+00:00', 'row_count': 310, 'sha256': '5e2261fad38a29a8ed197f8ca3165e0a250e8b4109f0eebc20f927854da501c3'}, 'report_path': 'strategy/cases/AMZN/2024-03-28/reports', 'source_audit_path': 'strategy/cases/AMZN/2024-03-28/source_audit.json', 'cache_key': 'bb64e47341ce56b8ee986c187db96ea10cb4e455b83b561922b6fcba151e3c12', 'cache_status': 'hit', 'model_config': {'llm_provider': 'deepseek', 'quick_think_llm': 'deepseek-v4-flash', 'deep_think_llm': 'deepseek-v4-flash', 'backend_url': None, 'deepseek_thinking': 'disabled', 'temperature': 0.0, 'llm_max_retries': None, 'selected_analysts': ['market', 'social', 'news', 'fundamentals'], 'output_language': 'English', 'research_depth': 'medium', 'max_debate_rounds': 3, 'max_risk_discuss_rounds': 3, 'max_recur_limit': 100, 'news_article_limit': 20, 'global_news_article_limit': 10, 'global_news_lookback_days': 7, 'global_news_queries': ['Federal Reserve interest rates inflation', 'S&P 500 earnings GDP economic outlook', 'geopolitical risk trade war sanctions', 'ECB Bank of England BOJ central bank policy', 'oil commodities supply chain energy'], 'data_vendors': {'core_stock_apis': 'yfinance', 'technical_indicators': 'yfinance', 'fundamental_data': 'yfinance', 'news_data': 'yfinance', 'macro_data': 'fred', 'prediction_markets': 'polymarket'}, 'tool_vendors': {}, 'benchmark_ticker': None, 'benchmark_map': {'.NS': '^NSEI', '.BO': '^BSESN', '.T': '^N225', '.HK': '^HSI', '.L': '^FTSE', '.TO': '^GSPTSE', '.AX': '^AXJO', '.SS': '000001.SS', '.SZ': '399001.SZ', '': 'SPY'}, 'memory_mode': 'experiment', 'memory_log_max_entries': None, 'memory_holding_horizon_sessions': 5, 'memory_outcome_price_mode': 'adjusted_close', 'checkpoint_enabled': False, 'point_in_time': True, 'execution_data_source': 'snapshot', 'graph_config_sha256': '5b1b6e1c132c13f9830b377ba9d54bf0c792b087e9917af5f0ada9cc895d661e'}, 'decision_prefix_sha256': 'be5bf51cc121b6c2ea57c8f6ae70b0d54decfa08c4cf41350326a8230aa5ab79'}",ordered
AMZN,AMZN,2024-04-05,2024-04-05T20:00:00+00:00,BUY,1.0,success,TradingAgents structured decision,tradingagents,M0_original_prompt_2024H1,BUY,"{'wall_clock_seconds': 321.7231055839802, 'run_context': {'mode': 'historical', 'as_of': '2024-04-05T20:00:00+00:00'}, 'market_history_visibility': {'first_session': '2023-01-04', 'last_session': '2024-04-05', 'last_observation_time_utc': '2024-04-05T20:00:00+00:00', 'row_count': 315, 'sha256': '4104811dad9a0fc7343d1fad4ea10dbb056b8f020fefc39d6824c60d0119de31'}, 'report_path': 'strategy/cases/AMZN/2024-04-05/reports', 'source_audit_path': 'strategy/cases/AMZN/2024-04-05/source_audit.json', 'cache_key': '64541e4e3f235f3ce76349ca8f1d2ea55640aa9ea3f806efac07823aacf23c4c', 'cache_status': 'miss', 'model_config': {'llm_provider': 'deepseek', 'quick_think_llm': 'deepseek-v4-flash', 'deep_think_llm': 'deepseek-v4-flash', 'backend_url': None, 'deepseek_thinking': 'disabled', 'temperature': 0.0, 'llm_max_retries': None, 'selected_analysts': ['market', 'social', 'news', 'fundamentals'], 'output_language': 'English', 'research_depth': 'medium', 'max_debate_rounds': 3, 'max_risk_discuss_rounds': 3, 'max_recur_limit': 100, 'news_article_limit': 20, 'global_news_article_limit': 10, 'global_news_lookback_days': 7, 'global_news_queries': ['Federal Reserve interest rates inflation', 'S&P 500 earnings GDP economic outlook', 'geopolitical risk trade war sanctions', 'ECB Bank of England BOJ central bank policy', 'oil commodities supply chain energy'], 'data_vendors': {'core_stock_apis': 'yfinance', 'technical_indicators': 'yfinance', 'fundamental_data': 'yfinance', 'news_data': 'yfinance', 'macro_data': 'fred', 'prediction_markets': 'polymarket'}, 'tool_vendors': {}, 'benchmark_ticker': None, 'benchmark_map': {'.NS': '^NSEI', '.BO': '^BSESN', '.T': '^N225', '.HK': '^HSI', '.L': '^FTSE', '.TO': '^GSPTSE', '.AX': '^AXJO', '.SS': '000001.SS', '.SZ': '399001.SZ', '': 'SPY'}, 'memory_mode': 'experiment', 'memory_log_max_entries': None, 'memory_holding_horizon_sessions': 5, 'memory_outcome_price_mode': 'adjusted_close', 'checkpoint_enabled': False, 'point_in_time': True, 'execution_data_source': 'snapshot', 'graph_config_sha256': '5b1b6e1c132c13f9830b377ba9d54bf0c792b087e9917af5f0ada9cc895d661e'}, 'decision_prefix_sha256': 'fe87d977a26fa6d682e59a177e37f36c925810cf1e3a7727fc48aac739c8871d'}",ordered
AMZN,AMZN,2024-04-12,2024-04-12T20:00:00+00:00,HOLD,1.0,success,TradingAgents structured decision,tradingagents,M0_original_prompt_2024H1,HOLD,"{'wall_clock_seconds': 264.3086300420109, 'run_context': {'mode': 'historical', 'as_of': '2024-04-12T20:00:00+00:00'}, 'market_history_visibility': {'first_session': '2023-01-04', 'last_session': '2024-04-12', 'last_observation_time_utc': '2024-04-12T20:00:00+00:00', 'row_count': 320, 'sha256': '18a29c083091bbf24a85437dcfb71a19e565e0c0e6170b0eb72bff88f8c5ac61'}, 'report_path': 'strategy/cases/AMZN/2024-04-12/reports', 'source_audit_path': 'strategy/cases/AMZN/2024-04-12/source_audit.json', 'cache_key': 'f381a7fbdc1e2cd564ed965d4d240e38e85815645a6d321179e02746d48ec98d', 'cache_status': 'miss', 'model_config': {'llm_provider': 'deepseek', 'quick_think_llm': 'deepseek-v4-flash', 'deep_think_llm': 'deepseek-v4-flash', 'backend_url': None, 'deepseek_thinking': 'disabled', 'temperature': 0.0, 'llm_max_retries': None, 'selected_analysts': ['market', 'social', 'news', 'fundamentals'], 'output_language': 'English', 'research_depth': 'medium', 'max_debate_rounds': 3, 'max_risk_discuss_rounds': 3, 'max_recur_limit': 100, 'news_article_limit': 20, 'global_news_article_limit': 10, 'global_news_lookback_days': 7, 'global_news_queries': ['Federal Reserve interest rates inflation', 'S&P 500 earnings GDP economic outlook', 'geopolitical risk trade war sanctions', 'ECB Bank of England BOJ central bank policy', 'oil commodities supply chain energy'], 'data_vendors': {'core_stock_apis': 'yfinance', 'technical_indicators': 'yfinance', 'fundamental_data': 'yfinance', 'news_data': 'yfinance', 'macro_data': 'fred', 'prediction_markets': 'polymarket'}, 'tool_vendors': {}, 'benchmark_ticker': None, 'benchmark_map': {'.NS': '^NSEI', '.BO': '^BSESN', '.T': '^N225', '.HK': '^HSI', '.L': '^FTSE', '.TO': '^GSPTSE', '.AX': '^AXJO', '.SS': '000001.SS', '.SZ': '399001.SZ', '': 'SPY'}, 'memory_mode': 'experiment', 'memory_log_max_entries': None, 'memory_holding_horizon_sessions': 5, 'memory_outcome_price_mode': 'adjusted_close', 'checkpoint_enabled': False, 'point_in_time': True, 'execution_data_source': 'snapshot', 'graph_config_sha256': '5b1b6e1c132c13f9830b377ba9d54bf0c792b087e9917af5f0ada9cc895d661e'}, 'decision_prefix_sha256': 'd5eab28807c8e0655ef7393409dec18d4c446462dc9f4472abd3f3418a45d6b1'}",noop
AMZN,AMZN,2024-04-19,2024-04-19T20:00:00+00:00,HOLD,1.0,success,TradingAgents structured decision,tradingagents,M0_original_prompt_2024H1,HOLD,"{'wall_clock_seconds': 316.83120137499645, 'run_context': {'mode': 'historical', 'as_of': '2024-04-19T20:00:00+00:00'}, 'market_history_visibility': {'first_session': '2023-01-04', 'last_session': '2024-04-19', 'last_observation_time_utc': '2024-04-19T20:00:00+00:00', 'row_count': 325, 'sha256': '677b14e5d25f1a496eca59d6309f2ea0de18d6f250b6f1ae3b3ea2585f35d088'}, 'report_path': 'strategy/cases/AMZN/2024-04-19/reports', 'source_audit_path': 'strategy/cases/AMZN/2024-04-19/source_audit.json', 'cache_key': '3bb7cfdf22fb0a066ee03a2fd06d754d91fdc61ff9fb95f89818943c3c4a639b', 'cache_status': 'miss', 'model_config': {'llm_provider': 'deepseek', 'quick_think_llm': 'deepseek-v4-flash', 'deep_think_llm': 'deepseek-v4-flash', 'backend_url': None, 'deepseek_thinking': 'disabled', 'temperature': 0.0, 'llm_max_retries': None, 'selected_analysts': ['market', 'social', 'news', 'fundamentals'], 'output_language': 'English', 'research_depth': 'medium', 'max_debate_rounds': 3, 'max_risk_discuss_rounds': 3, 'max_recur_limit': 100, 'news_article_limit': 20, 'global_news_article_limit': 10, 'global_news_lookback_days': 7, 'global_news_queries': ['Federal Reserve interest rates inflation', 'S&P 500 earnings GDP economic outlook', 'geopolitical risk trade war sanctions', 'ECB Bank of England BOJ central bank policy', 'oil commodities supply chain energy'], 'data_vendors': {'core_stock_apis': 'yfinance', 'technical_indicators': 'yfinance', 'fundamental_data': 'yfinance', 'news_data': 'yfinance', 'macro_data': 'fred', 'prediction_markets': 'polymarket'}, 'tool_vendors': {}, 'benchmark_ticker': None, 'benchmark_map': {'.NS': '^NSEI', '.BO': '^BSESN', '.T': '^N225', '.HK': '^HSI', '.L': '^FTSE', '.TO': '^GSPTSE', '.AX': '^AXJO', '.SS': '000001.SS', '.SZ': '399001.SZ', '': 'SPY'}, 'memory_mode': 'experiment', 'memory_log_max_entries': None, 'memory_holding_horizon_sessions': 5, 'memory_outcome_price_mode': 'adjusted_close', 'checkpoint_enabled': False, 'point_in_time': True, 'execution_data_source': 'snapshot', 'graph_config_sha256': '5b1b6e1c132c13f9830b377ba9d54bf0c792b087e9917af5f0ada9cc895d661e'}, 'decision_prefix_sha256': 'a72dc3ed3ef36dbcf6144764339f3da9ad7af8dbbe097ce247d9600e90c7a5c6'}",noop
AMZN,AMZN,2024-04-26,2024-04-26T20:00:00+00:00,HOLD,1.0,success,TradingAgents structured decision,tradingagents,M0_original_prompt_2024H1,HOLD,"{'wall_clock_seconds': 314.59907837503124, 'run_context': {'mode': 'historical', 'as_of': '2024-04-26T20:00:00+00:00'}, 'market_history_visibility': {'first_session': '2023-01-04', 'last_session': '2024-04-26', 'last_observation_time_utc': '2024-04-26T20:00:00+00:00', 'row_count': 330, 'sha256': '730f5fbe991bf216bc0db33a844780ea4c1b24558ec96ea9b0aafe6372083251'}, 'report_path': 'strategy/cases/AMZN/2024-04-26/reports', 'source_audit_path': 'strategy/cases/AMZN/2024-04-26/source_audit.json', 'cache_key': 'f0475fff26fc121decc5a31b461113687807a6084a23b634012575aed8087645', 'cache_status': 'miss', 'model_config': {'llm_provider': 'deepseek', 'quick_think_llm': 'deepseek-v4-flash', 'deep_think_llm': 'deepseek-v4-flash', 'backend_url': None, 'deepseek_thinking': 'disabled', 'temperature': 0.0, 'llm_max_retries': None, 'selected_analysts': ['market', 'social', 'news', 'fundamentals'], 'output_language': 'English', 'research_depth': 'medium', 'max_debate_rounds': 3, 'max_risk_discuss_rounds': 3, 'max_recur_limit': 100, 'news_article_limit': 20, 'global_news_article_limit': 10, 'global_news_lookback_days': 7, 'global_news_queries': ['Federal Reserve interest rates inflation', 'S&P 500 earnings GDP economic outlook', 'geopolitical risk trade war sanctions', 'ECB Bank of England BOJ central bank policy', 'oil commodities supply chain energy'], 'data_vendors': {'core_stock_apis': 'yfinance', 'technical_indicators': 'yfinance', 'fundamental_data': 'yfinance', 'news_data': 'yfinance', 'macro_data': 'fred', 'prediction_markets': 'polymarket'}, 'tool_vendors': {}, 'benchmark_ticker': None, 'benchmark_map': {'.NS': '^NSEI', '.BO': '^BSESN', '.T': '^N225', '.HK': '^HSI', '.L': '^FTSE', '.TO': '^GSPTSE', '.AX': '^AXJO', '.SS': '000001.SS', '.SZ': '399001.SZ', '': 'SPY'}, 'memory_mode': 'experiment', 'memory_log_max_entries': None, 'memory_holding_horizon_sessions': 5, 'memory_outcome_price_mode': 'adjusted_close', 'checkpoint_enabled': False, 'point_in_time': True, 'execution_data_source': 'snapshot', 'graph_config_sha256': '5b1b6e1c132c13f9830b377ba9d54bf0c792b087e9917af5f0ada9cc895d661e'}, 'decision_prefix_sha256': '7902d2db908660b6391a769e8f352f99d5f9ca2bb884c872dd9c452f191589e4'}",noop
AMZN,AMZN,2024-05-03,2024-05-03T20:00:00+00:00,HOLD,1.0,success,TradingAgents structured decision,tradingagents,M0_original_prompt_2024H1,HOLD,"{'wall_clock_seconds': 280.09337337495526, 'run_context': {'mode': 'historical', 'as_of': '2024-05-03T20:00:00+00:00'}, 'market_history_visibility': {'first_session': '2023-01-04', 'last_session': '2024-05-03', 'last_observation_time_utc': '2024-05-03T20:00:00+00:00', 'row_count': 335, 'sha256': '068604d7f8a456acddd6096a7b77bcdf127b711fa52a7440eab26bdec0815e1f'}, 'report_path': 'strategy/cases/AMZN/2024-05-03/reports', 'source_audit_path': 'strategy/cases/AMZN/2024-05-03/source_audit.json', 'cache_key': '9a73e42b1f913cac472fde37e622ce2eb44c50a629bad5ce2a4b0e519e337753', 'cache_status': 'miss', 'model_config': {'llm_provider': 'deepseek', 'quick_think_llm': 'deepseek-v4-flash', 'deep_think_llm': 'deepseek-v4-flash', 'backend_url': None, 'deepseek_thinking': 'disabled', 'temperature': 0.0, 'llm_max_retries': None, 'selected_analysts': ['market', 'social', 'news', 'fundamentals'], 'output_language': 'English', 'research_depth': 'medium', 'max_debate_rounds': 3, 'max_risk_discuss_rounds': 3, 'max_recur_limit': 100, 'news_article_limit': 20, 'global_news_article_limit': 10, 'global_news_lookback_days': 7, 'global_news_queries': ['Federal Reserve interest rates inflation', 'S&P 500 earnings GDP economic outlook', 'geopolitical risk trade war sanctions', 'ECB Bank of England BOJ central bank policy', 'oil commodities supply chain energy'], 'data_vendors': {'core_stock_apis': 'yfinance', 'technical_indicators': 'yfinance', 'fundamental_data': 'yfinance', 'news_data': 'yfinance', 'macro_data': 'fred', 'prediction_markets': 'polymarket'}, 'tool_vendors': {}, 'benchmark_ticker': None, 'benchmark_map': {'.NS': '^NSEI', '.BO': '^BSESN', '.T': '^N225', '.HK': '^HSI', '.L': '^FTSE', '.TO': '^GSPTSE', '.AX': '^AXJO', '.SS': '000001.SS', '.SZ': '399001.SZ', '': 'SPY'}, 'memory_mode': 'experiment', 'memory_log_max_entries': None, 'memory_holding_horizon_sessions': 5, 'memory_outcome_price_mode': 'adjusted_close', 'checkpoint_enabled': False, 'point_in_time': True, 'execution_data_source': 'snapshot', 'graph_config_sha256': '5b1b6e1c132c13f9830b377ba9d54bf0c792b087e9917af5f0ada9cc895d661e'}, 'decision_prefix_sha256': 'f4313022cc3ec0f9bdb9fda0b60d3ae055992e50d1480bc018374b008d121a58'}",noop
AMZN,AMZN,2024-05-10,2024-05-10T20:00:00+00:00,HOLD,1.0,success,TradingAgents structured decision,tradingagents,M0_original_prompt_2024H1,HOLD,"{'wall_clock_seconds': 360.35484129202086, 'run_context': {'mode': 'historical', 'as_of': '2024-05-10T20:00:00+00:00'}, 'market_history_visibility': {'first_session': '2023-01-04', 'last_session': '2024-05-10', 'last_observation_time_utc': '2024-05-10T20:00:00+00:00', 'row_count': 340, 'sha256': '465bfe461b6611a1d543a6ee7264c1a65d0ced0a6e46071017fc2a3669dbfbcf'}, 'report_path': 'strategy/cases/AMZN/2024-05-10/reports', 'source_audit_path': 'strategy/cases/AMZN/2024-05-10/source_audit.json', 'cache_key': '4ef2d1c6f1ef4b27038bdfab618f9837fcbd4be21be7cd1f5935ccacb87b2773', 'cache_status': 'miss', 'model_config': {'llm_provider': 'deepseek', 'quick_think_llm': 'deepseek-v4-flash', 'deep_think_llm': 'deepseek-v4-flash', 'backend_url': None, 'deepseek_thinking': 'disabled', 'temperature': 0.0, 'llm_max_retries': None, 'selected_analysts': ['market', 'social', 'news', 'fundamentals'], 'output_language': 'English', 'research_depth': 'medium', 'max_debate_rounds': 3, 'max_risk_discuss_rounds': 3, 'max_recur_limit': 100, 'news_article_limit': 20, 'global_news_article_limit': 10, 'global_news_lookback_days': 7, 'global_news_queries': ['Federal Reserve interest rates inflation', 'S&P 500 earnings GDP economic outlook', 'geopolitical risk trade war sanctions', 'ECB Bank of England BOJ central bank policy', 'oil commodities supply chain energy'], 'data_vendors': {'core_stock_apis': 'yfinance', 'technical_indicators': 'yfinance', 'fundamental_data': 'yfinance', 'news_data': 'yfinance', 'macro_data': 'fred', 'prediction_markets': 'polymarket'}, 'tool_vendors': {}, 'benchmark_ticker': None, 'benchmark_map': {'.NS': '^NSEI', '.BO': '^BSESN', '.T': '^N225', '.HK': '^HSI', '.L': '^FTSE', '.TO': '^GSPTSE', '.AX': '^AXJO', '.SS': '000001.SS', '.SZ': '399001.SZ', '': 'SPY'}, 'memory_mode': 'experiment', 'memory_log_max_entries': None, 'memory_holding_horizon_sessions': 5, 'memory_outcome_price_mode': 'adjusted_close', 'checkpoint_enabled': False, 'point_in_time': True, 'execution_data_source': 'snapshot', 'graph_config_sha256': '5b1b6e1c132c13f9830b377ba9d54bf0c792b087e9917af5f0ada9cc895d661e'}, 'decision_prefix_sha256': 'de4bd51456cd8e6e62df2bbdb55f9d8efb778c92ebab2c53abaa78171888d43b'}",noop
AMZN,AMZN,2024-05-17,2024-05-17T20:00:00+00:00,HOLD,1.0,success,TradingAgents structured decision,tradingagents,M0_original_prompt_2024H1,HOLD,"{'wall_clock_seconds': 303.1427896670066, 'run_context': {'mode': 'historical', 'as_of': '2024-05-17T20:00:00+00:00'}, 'market_history_visibility': {'first_session': '2023-01-04', 'last_session': '2024-05-17', 'last_observation_time_utc': '2024-05-17T20:00:00+00:00', 'row_count': 345, 'sha256': '7b8e8c6cdea5765b8cf7b340709536e577454c3b103036eece668ec101c3fd8a'}, 'report_path': 'strategy/cases/AMZN/2024-05-17/reports', 'source_audit_path': 'strategy/cases/AMZN/2024-05-17/source_audit.json', 'cache_key': 'd451b0b417e739d3330c39b4c1a224c451e36717d5188666d035cb1e2c1bac22', 'cache_status': 'miss', 'model_config': {'llm_provider': 'deepseek', 'quick_think_llm': 'deepseek-v4-flash', 'deep_think_llm': 'deepseek-v4-flash', 'backend_url': None, 'deepseek_thinking': 'disabled', 'temperature': 0.0, 'llm_max_retries': None, 'selected_analysts': ['market', 'social', 'news', 'fundamentals'], 'output_language': 'English', 'research_depth': 'medium', 'max_debate_rounds': 3, 'max_risk_discuss_rounds': 3, 'max_recur_limit': 100, 'news_article_limit': 20, 'global_news_article_limit': 10, 'global_news_lookback_days': 7, 'global_news_queries': ['Federal Reserve interest rates inflation', 'S&P 500 earnings GDP economic outlook', 'geopolitical risk trade war sanctions', 'ECB Bank of England BOJ central bank policy', 'oil commodities supply chain energy'], 'data_vendors': {'core_stock_apis': 'yfinance', 'technical_indicators': 'yfinance', 'fundamental_data': 'yfinance', 'news_data': 'yfinance', 'macro_data': 'fred', 'prediction_markets': 'polymarket'}, 'tool_vendors': {}, 'benchmark_ticker': None, 'benchmark_map': {'.NS': '^NSEI', '.BO': '^BSESN', '.T': '^N225', '.HK': '^HSI', '.L': '^FTSE', '.TO': '^GSPTSE', '.AX': '^AXJO', '.SS': '000001.SS', '.SZ': '399001.SZ', '': 'SPY'}, 'memory_mode': 'experiment', 'memory_log_max_entries': None, 'memory_holding_horizon_sessions': 5, 'memory_outcome_price_mode': 'adjusted_close', 'checkpoint_enabled': False, 'point_in_time': True, 'execution_data_source': 'snapshot', 'graph_config_sha256': '5b1b6e1c132c13f9830b377ba9d54bf0c792b087e9917af5f0ada9cc895d661e'}, 'decision_prefix_sha256': '2f777c616b9c0963746f17273eb7108a9b53e1355ca8b8511275f7de97fb68c9'}",noop
AMZN,AMZN,2024-05-24,2024-05-24T20:00:00+00:00,HOLD,1.0,success,TradingAgents structured decision,tradingagents,M0_original_prompt_2024H1,HOLD,"{'wall_clock_seconds': 325.7352279589977, 'run_context': {'mode': 'historical', 'as_of': '2024-05-24T20:00:00+00:00'}, 'market_history_visibility': {'first_session': '2023-01-04', 'last_session': '2024-05-24', 'last_observation_time_utc': '2024-05-24T20:00:00+00:00', 'row_count': 350, 'sha256': '88f261448f356916d5363459339333dac7c9be99de8aba1351a0185332ab63ca'}, 'report_path': 'strategy/cases/AMZN/2024-05-24/reports', 'source_audit_path': 'strategy/cases/AMZN/2024-05-24/source_audit.json', 'cache_key': '5f1115a18b94f0d3f42e412cae671157bb50469b65055aab737243d0f8f3aea6', 'cache_status': 'miss', 'model_config': {'llm_provider': 'deepseek', 'quick_think_llm': 'deepseek-v4-flash', 'deep_think_llm': 'deepseek-v4-flash', 'backend_url': None, 'deepseek_thinking': 'disabled', 'temperature': 0.0, 'llm_max_retries': None, 'selected_analysts': ['market', 'social', 'news', 'fundamentals'], 'output_language': 'English', 'research_depth': 'medium', 'max_debate_rounds': 3, 'max_risk_discuss_rounds': 3, 'max_recur_limit': 100, 'news_article_limit': 20, 'global_news_article_limit': 10, 'global_news_lookback_days': 7, 'global_news_queries': ['Federal Reserve interest rates inflation', 'S&P 500 earnings GDP economic outlook', 'geopolitical risk trade war sanctions', 'ECB Bank of England BOJ central bank policy', 'oil commodities supply chain energy'], 'data_vendors': {'core_stock_apis': 'yfinance', 'technical_indicators': 'yfinance', 'fundamental_data': 'yfinance', 'news_data': 'yfinance', 'macro_data': 'fred', 'prediction_markets': 'polymarket'}, 'tool_vendors': {}, 'benchmark_ticker': None, 'benchmark_map': {'.NS': '^NSEI', '.BO': '^BSESN', '.T': '^N225', '.HK': '^HSI', '.L': '^FTSE', '.TO': '^GSPTSE', '.AX': '^AXJO', '.SS': '000001.SS', '.SZ': '399001.SZ', '': 'SPY'}, 'memory_mode': 'experiment', 'memory_log_max_entries': None, 'memory_holding_horizon_sessions': 5, 'memory_outcome_price_mode': 'adjusted_close', 'checkpoint_enabled': False, 'point_in_time': True, 'execution_data_source': 'snapshot', 'graph_config_sha256': '5b1b6e1c132c13f9830b377ba9d54bf0c792b087e9917af5f0ada9cc895d661e'}, 'decision_prefix_sha256': '562dcf85a7f0f5b26403c9be1af530a9d53f38e3800cda7c0420989ca4312641'}",noop
AMZN,AMZN,2024-05-31,2024-05-31T20:00:00+00:00,HOLD,1.0,success,TradingAgents structured decision,tradingagents,M0_original_prompt_2024H1,HOLD,"{'wall_clock_seconds': 278.9115272500203, 'run_context': {'mode': 'historical', 'as_of': '2024-05-31T20:00:00+00:00'}, 'market_history_visibility': {'first_session': '2023-01-04', 'last_session': '2024-05-31', 'last_observation_time_utc': '2024-05-31T20:00:00+00:00', 'row_count': 354, 'sha256': '89773a53c232e7b39815b5da5659e6f6b5fd5a46a0288696821942e0d67f5427'}, 'report_path': 'strategy/cases/AMZN/2024-05-31/reports', 'source_audit_path': 'strategy/cases/AMZN/2024-05-31/source_audit.json', 'cache_key': '1f73ad08675c14a0d0906796437a508ee52283019c3a7d05503a534d0446ae68', 'cache_status': 'miss', 'model_config': {'llm_provider': 'deepseek', 'quick_think_llm': 'deepseek-v4-flash', 'deep_think_llm': 'deepseek-v4-flash', 'backend_url': None, 'deepseek_thinking': 'disabled', 'temperature': 0.0, 'llm_max_retries': None, 'selected_analysts': ['market', 'social', 'news', 'fundamentals'], 'output_language': 'English', 'research_depth': 'medium', 'max_debate_rounds': 3, 'max_risk_discuss_rounds': 3, 'max_recur_limit': 100, 'news_article_limit': 20, 'global_news_article_limit': 10, 'global_news_lookback_days': 7, 'global_news_queries': ['Federal Reserve interest rates inflation', 'S&P 500 earnings GDP economic outlook', 'geopolitical risk trade war sanctions', 'ECB Bank of England BOJ central bank policy', 'oil commodities supply chain energy'], 'data_vendors': {'core_stock_apis': 'yfinance', 'technical_indicators': 'yfinance', 'fundamental_data': 'yfinance', 'news_data': 'yfinance', 'macro_data': 'fred', 'prediction_markets': 'polymarket'}, 'tool_vendors': {}, 'benchmark_ticker': None, 'benchmark_map': {'.NS': '^NSEI', '.BO': '^BSESN', '.T': '^N225', '.HK': '^HSI', '.L': '^FTSE', '.TO': '^GSPTSE', '.AX': '^AXJO', '.SS': '000001.SS', '.SZ': '399001.SZ', '': 'SPY'}, 'memory_mode': 'experiment', 'memory_log_max_entries': None, 'memory_holding_horizon_sessions': 5, 'memory_outcome_price_mode': 'adjusted_close', 'checkpoint_enabled': False, 'point_in_time': True, 'execution_data_source': 'snapshot', 'graph_config_sha256': '5b1b6e1c132c13f9830b377ba9d54bf0c792b087e9917af5f0ada9cc895d661e'}, 'decision_prefix_sha256': '8e5e109788f84ca5b455857bf2197907c6a1d72e188792c0a6dd11b66a838d82'}",noop
AMZN,AMZN,2024-06-07,2024-06-07T20:00:00+00:00,HOLD,1.0,success,TradingAgents structured decision,tradingagents,M0_original_prompt_2024H1,HOLD,"{'wall_clock_seconds': 278.55166599998483, 'run_context': {'mode': 'historical', 'as_of': '2024-06-07T20:00:00+00:00'}, 'market_history_visibility': {'first_session': '2023-01-04', 'last_session': '2024-06-07', 'last_observation_time_utc': '2024-06-07T20:00:00+00:00', 'row_count': 359, 'sha256': 'a9c3d17b50dce155105198c3ba79a1a696356e9ff46c4390e174813809246022'}, 'report_path': 'strategy/cases/AMZN/2024-06-07/reports', 'source_audit_path': 'strategy/cases/AMZN/2024-06-07/source_audit.json', 'cache_key': '220ca590eae6b01e94a7d6ff4401892be644e0826d0752f1db8c36ff1d1134d2', 'cache_status': 'miss', 'model_config': {'llm_provider': 'deepseek', 'quick_think_llm': 'deepseek-v4-flash', 'deep_think_llm': 'deepseek-v4-flash', 'backend_url': None, 'deepseek_thinking': 'disabled', 'temperature': 0.0, 'llm_max_retries': None, 'selected_analysts': ['market', 'social', 'news', 'fundamentals'], 'output_language': 'English', 'research_depth': 'medium', 'max_debate_rounds': 3, 'max_risk_discuss_rounds': 3, 'max_recur_limit': 100, 'news_article_limit': 20, 'global_news_article_limit': 10, 'global_news_lookback_days': 7, 'global_news_queries': ['Federal Reserve interest rates inflation', 'S&P 500 earnings GDP economic outlook', 'geopolitical risk trade war sanctions', 'ECB Bank of England BOJ central bank policy', 'oil commodities supply chain energy'], 'data_vendors': {'core_stock_apis': 'yfinance', 'technical_indicators': 'yfinance', 'fundamental_data': 'yfinance', 'news_data': 'yfinance', 'macro_data': 'fred', 'prediction_markets': 'polymarket'}, 'tool_vendors': {}, 'benchmark_ticker': None, 'benchmark_map': {'.NS': '^NSEI', '.BO': '^BSESN', '.T': '^N225', '.HK': '^HSI', '.L': '^FTSE', '.TO': '^GSPTSE', '.AX': '^AXJO', '.SS': '000001.SS', '.SZ': '399001.SZ', '': 'SPY'}, 'memory_mode': 'experiment', 'memory_log_max_entries': None, 'memory_holding_horizon_sessions': 5, 'memory_outcome_price_mode': 'adjusted_close', 'checkpoint_enabled': False, 'point_in_time': True, 'execution_data_source': 'snapshot', 'graph_config_sha256': '5b1b6e1c132c13f9830b377ba9d54bf0c792b087e9917af5f0ada9cc895d661e'}, 'decision_prefix_sha256': '4382fd747410a27aec04b1ce367599cdc719573c19c24acd5da33283aff430b5'}",noop
AMZN,AMZN,2024-06-14,2024-06-14T20:00:00+00:00,HOLD,1.0,success,TradingAgents structured decision,tradingagents,M0_original_prompt_2024H1,HOLD,"{'wall_clock_seconds': 304.5476222919533, 'run_context': {'mode': 'historical', 'as_of': '2024-06-14T20:00:00+00:00'}, 'market_history_visibility': {'first_session': '2023-01-04', 'last_session': '2024-06-14', 'last_observation_time_utc': '2024-06-14T20:00:00+00:00', 'row_count': 364, 'sha256': '64ce3d766e0c49f64d8b426fc6ba136dcf0d6051f8c56fe7dbf8cb2be0b9ac32'}, 'report_path': 'strategy/cases/AMZN/2024-06-14/reports', 'source_audit_path': 'strategy/cases/AMZN/2024-06-14/source_audit.json', 'cache_key': 'df7eab7fe8d94ca8b2ab84f826ece4b8ff3d813162d4411fd1852d9dd900be48', 'cache_status': 'miss', 'model_config': {'llm_provider': 'deepseek', 'quick_think_llm': 'deepseek-v4-flash', 'deep_think_llm': 'deepseek-v4-flash', 'backend_url': None, 'deepseek_thinking': 'disabled', 'temperature': 0.0, 'llm_max_retries': None, 'selected_analysts': ['market', 'social', 'news', 'fundamentals'], 'output_language': 'English', 'research_depth': 'medium', 'max_debate_rounds': 3, 'max_risk_discuss_rounds': 3, 'max_recur_limit': 100, 'news_article_limit': 20, 'global_news_article_limit': 10, 'global_news_lookback_days': 7, 'global_news_queries': ['Federal Reserve interest rates inflation', 'S&P 500 earnings GDP economic outlook', 'geopolitical risk trade war sanctions', 'ECB Bank of England BOJ central bank policy', 'oil commodities supply chain energy'], 'data_vendors': {'core_stock_apis': 'yfinance', 'technical_indicators': 'yfinance', 'fundamental_data': 'yfinance', 'news_data': 'yfinance', 'macro_data': 'fred', 'prediction_markets': 'polymarket'}, 'tool_vendors': {}, 'benchmark_ticker': None, 'benchmark_map': {'.NS': '^NSEI', '.BO': '^BSESN', '.T': '^N225', '.HK': '^HSI', '.L': '^FTSE', '.TO': '^GSPTSE', '.AX': '^AXJO', '.SS': '000001.SS', '.SZ': '399001.SZ', '': 'SPY'}, 'memory_mode': 'experiment', 'memory_log_max_entries': None, 'memory_holding_horizon_sessions': 5, 'memory_outcome_price_mode': 'adjusted_close', 'checkpoint_enabled': False, 'point_in_time': True, 'execution_data_source': 'snapshot', 'graph_config_sha256': '5b1b6e1c132c13f9830b377ba9d54bf0c792b087e9917af5f0ada9cc895d661e'}, 'decision_prefix_sha256': '9e2f41e329f34abd02eeca1035b961b7b9d7e207b06e8c8ee6cd7892a9cbb6f8'}",noop
AMZN,AMZN,2024-06-21,2024-06-21T20:00:00+00:00,HOLD,1.0,success,TradingAgents structured decision,tradingagents,M0_original_prompt_2024H1,HOLD,"{'wall_clock_seconds': 307.80419333302416, 'run_context': {'mode': 'historical', 'as_of': '2024-06-21T20:00:00+00:00'}, 'market_history_visibility': {'first_session': '2023-01-04', 'last_session': '2024-06-21', 'last_observation_time_utc': '2024-06-21T20:00:00+00:00', 'row_count': 368, 'sha256': '1f4a4b8f0a70dfd35ebd302cb258513b4c7b829ddf56fbffac77d6f474c57ebe'}, 'report_path': 'strategy/cases/AMZN/2024-06-21/reports', 'source_audit_path': 'strategy/cases/AMZN/2024-06-21/source_audit.json', 'cache_key': '2b427325a9be747eeab8a82bdb553ed4ccf971f64fc52ace98b9177ff2a8b16e', 'cache_status': 'miss', 'model_config': {'llm_provider': 'deepseek', 'quick_think_llm': 'deepseek-v4-flash', 'deep_think_llm': 'deepseek-v4-flash', 'backend_url': None, 'deepseek_thinking': 'disabled', 'temperature': 0.0, 'llm_max_retries': None, 'selected_analysts': ['market', 'social', 'news', 'fundamentals'], 'output_language': 'English', 'research_depth': 'medium', 'max_debate_rounds': 3, 'max_risk_discuss_rounds': 3, 'max_recur_limit': 100, 'news_article_limit': 20, 'global_news_article_limit': 10, 'global_news_lookback_days': 7, 'global_news_queries': ['Federal Reserve interest rates inflation', 'S&P 500 earnings GDP economic outlook', 'geopolitical risk trade war sanctions', 'ECB Bank of England BOJ central bank policy', 'oil commodities supply chain energy'], 'data_vendors': {'core_stock_apis': 'yfinance', 'technical_indicators': 'yfinance', 'fundamental_data': 'yfinance', 'news_data': 'yfinance', 'macro_data': 'fred', 'prediction_markets': 'polymarket'}, 'tool_vendors': {}, 'benchmark_ticker': None, 'benchmark_map': {'.NS': '^NSEI', '.BO': '^BSESN', '.T': '^N225', '.HK': '^HSI', '.L': '^FTSE', '.TO': '^GSPTSE', '.AX': '^AXJO', '.SS': '000001.SS', '.SZ': '399001.SZ', '': 'SPY'}, 'memory_mode': 'experiment', 'memory_log_max_entries': None, 'memory_holding_horizon_sessions': 5, 'memory_outcome_price_mode': 'adjusted_close', 'checkpoint_enabled': False, 'point_in_time': True, 'execution_data_source': 'snapshot', 'graph_config_sha256': '5b1b6e1c132c13f9830b377ba9d54bf0c792b087e9917af5f0ada9cc895d661e'}, 'decision_prefix_sha256': 'ec3946ac54869aedb81505386f62b6b6a0f1ce90ec05d6ede45e4bde53d83ee2'}",noop
AMZN,AMZN,2024-06-28,2024-06-28T20:00:00+00:00,HOLD,1.0,success,TradingAgents structured decision,tradingagents,M0_original_prompt_2024H1,HOLD,"{'wall_clock_seconds': 286.97527441597776, 'run_context': {'mode': 'historical', 'as_of': '2024-06-28T20:00:00+00:00'}, 'market_history_visibility': {'first_session': '2023-01-04', 'last_session': '2024-06-28', 'last_observation_time_utc': '2024-06-28T20:00:00+00:00', 'row_count': 373, 'sha256': 'dadda6d7d2f97e3d1e8b654cce31139f8503f08a764f3bf0331050648973834d'}, 'report_path': 'strategy/cases/AMZN/2024-06-28/reports', 'source_audit_path': 'strategy/cases/AMZN/2024-06-28/source_audit.json', 'cache_key': '025dfc18c797a6aa0c388ad20ffc321d13904ae4e84f9e069db9f2d5733ad263', 'cache_status': 'miss', 'model_config': {'llm_provider': 'deepseek', 'quick_think_llm': 'deepseek-v4-flash', 'deep_think_llm': 'deepseek-v4-flash', 'backend_url': None, 'deepseek_thinking': 'disabled', 'temperature': 0.0, 'llm_max_retries': None, 'selected_analysts': ['market', 'social', 'news', 'fundamentals'], 'output_language': 'English', 'research_depth': 'medium', 'max_debate_rounds': 3, 'max_risk_discuss_rounds': 3, 'max_recur_limit': 100, 'news_article_limit': 20, 'global_news_article_limit': 10, 'global_news_lookback_days': 7, 'global_news_queries': ['Federal Reserve interest rates inflation', 'S&P 500 earnings GDP economic outlook', 'geopolitical risk trade war sanctions', 'ECB Bank of England BOJ central bank policy', 'oil commodities supply chain energy'], 'data_vendors': {'core_stock_apis': 'yfinance', 'technical_indicators': 'yfinance', 'fundamental_data': 'yfinance', 'news_data': 'yfinance', 'macro_data': 'fred', 'prediction_markets': 'polymarket'}, 'tool_vendors': {}, 'benchmark_ticker': None, 'benchmark_map': {'.NS': '^NSEI', '.BO': '^BSESN', '.T': '^N225', '.HK': '^HSI', '.L': '^FTSE', '.TO': '^GSPTSE', '.AX': '^AXJO', '.SS': '000001.SS', '.SZ': '399001.SZ', '': 'SPY'}, 'memory_mode': 'experiment', 'memory_log_max_entries': None, 'memory_holding_horizon_sessions': 5, 'memory_outcome_price_mode': 'adjusted_close', 'checkpoint_enabled': False, 'point_in_time': True, 'execution_data_source': 'snapshot', 'graph_config_sha256': '5b1b6e1c132c13f9830b377ba9d54bf0c792b087e9917af5f0ada9cc895d661e'}, 'decision_prefix_sha256': '90cb0c626ec03257b636bb3dec1ac273ba881e7948cb6986a7761189d31222e1'}",noop
JPM,JPM,2024-01-05,2024-01-05T21:00:00+00:00,HOLD,0.0,success,TradingAgents structured decision,tradingagents,M0_original_prompt_2024H1,HOLD,"{'wall_clock_seconds': 271.1623833749909, 'run_context': {'mode': 'historical', 'as_of': '2024-01-05T21:00:00+00:00'}, 'market_history_visibility': {'first_session': '2023-01-04', 'last_session': '2024-01-05', 'last_observation_time_utc': '2024-01-05T21:00:00+00:00', 'row_count': 253, 'sha256': 'f9159a3c1ed3c90e6642c7a2100e53dac905bcb3d57b1a8e5b5f15b9fc830ac2'}, 'report_path': 'strategy/cases/JPM/2024-01-05/reports', 'source_audit_path': 'strategy/cases/JPM/2024-01-05/source_audit.json', 'cache_key': 'e844b5d80c8548264212e10066d1d6c0cf413e5eb5951e032f39929cbf0ed89f', 'cache_status': 'miss', 'model_config': {'llm_provider': 'deepseek', 'quick_think_llm': 'deepseek-v4-flash', 'deep_think_llm': 'deepseek-v4-flash', 'backend_url': None, 'deepseek_thinking': 'disabled', 'temperature': 0.0, 'llm_max_retries': None, 'selected_analysts': ['market', 'social', 'news', 'fundamentals'], 'output_language': 'English', 'research_depth': 'medium', 'max_debate_rounds': 3, 'max_risk_discuss_rounds': 3, 'max_recur_limit': 100, 'news_article_limit': 20, 'global_news_article_limit': 10, 'global_news_lookback_days': 7, 'global_news_queries': ['Federal Reserve interest rates inflation', 'S&P 500 earnings GDP economic outlook', 'geopolitical risk trade war sanctions', 'ECB Bank of England BOJ central bank policy', 'oil commodities supply chain energy'], 'data_vendors': {'core_stock_apis': 'yfinance', 'technical_indicators': 'yfinance', 'fundamental_data': 'yfinance', 'news_data': 'yfinance', 'macro_data': 'fred', 'prediction_markets': 'polymarket'}, 'tool_vendors': {}, 'benchmark_ticker': None, 'benchmark_map': {'.NS': '^NSEI', '.BO': '^BSESN', '.T': '^N225', '.HK': '^HSI', '.L': '^FTSE', '.TO': '^GSPTSE', '.AX': '^AXJO', '.SS': '000001.SS', '.SZ': '399001.SZ', '': 'SPY'}, 'memory_mode': 'experiment', 'memory_log_max_entries': None, 'memory_holding_horizon_sessions': 5, 'memory_outcome_price_mode': 'adjusted_close', 'checkpoint_enabled': False, 'point_in_time': True, 'execution_data_source': 'snapshot', 'graph_config_sha256': '5b1b6e1c132c13f9830b377ba9d54bf0c792b087e9917af5f0ada9cc895d661e'}, 'decision_prefix_sha256': '5e687fc8d182ede805658fefd2f55c5b1a42fbed5e36bce751e0a3bd794f1069'}",noop
JPM,JPM,2024-01-12,2024-01-12T21:00:00+00:00,HOLD,0.0,success,TradingAgents structured decision,tradingagents,M0_original_prompt_2024H1,HOLD,"{'wall_clock_seconds': 280.53630966698984, 'run_context': {'mode': 'historical', 'as_of': '2024-01-12T21:00:00+00:00'}, 'market_history_visibility': {'first_session': '2023-01-04', 'last_session': '2024-01-12', 'last_observation_time_utc': '2024-01-12T21:00:00+00:00', 'row_count': 258, 'sha256': '839aca677300259b2ede7f4317e2dcbf15d810c257f05944d180439dea21966f'}, 'report_path': 'strategy/cases/JPM/2024-01-12/reports', 'source_audit_path': 'strategy/cases/JPM/2024-01-12/source_audit.json', 'cache_key': 'b7ca9e2391cc5e6ae9a5ba4ae0f690494473ac841c27b9b5a13ef56c4803ae1c', 'cache_status': 'miss', 'model_config': {'llm_provider': 'deepseek', 'quick_think_llm': 'deepseek-v4-flash', 'deep_think_llm': 'deepseek-v4-flash', 'backend_url': None, 'deepseek_thinking': 'disabled', 'temperature': 0.0, 'llm_max_retries': None, 'selected_analysts': ['market', 'social', 'news', 'fundamentals'], 'output_language': 'English', 'research_depth': 'medium', 'max_debate_rounds': 3, 'max_risk_discuss_rounds': 3, 'max_recur_limit': 100, 'news_article_limit': 20, 'global_news_article_limit': 10, 'global_news_lookback_days': 7, 'global_news_queries': ['Federal Reserve interest rates inflation', 'S&P 500 earnings GDP economic outlook', 'geopolitical risk trade war sanctions', 'ECB Bank of England BOJ central bank policy', 'oil commodities supply chain energy'], 'data_vendors': {'core_stock_apis': 'yfinance', 'technical_indicators': 'yfinance', 'fundamental_data': 'yfinance', 'news_data': 'yfinance', 'macro_data': 'fred', 'prediction_markets': 'polymarket'}, 'tool_vendors': {}, 'benchmark_ticker': None, 'benchmark_map': {'.NS': '^NSEI', '.BO': '^BSESN', '.T': '^N225', '.HK': '^HSI', '.L': '^FTSE', '.TO': '^GSPTSE', '.AX': '^AXJO', '.SS': '000001.SS', '.SZ': '399001.SZ', '': 'SPY'}, 'memory_mode': 'experiment', 'memory_log_max_entries': None, 'memory_holding_horizon_sessions': 5, 'memory_outcome_price_mode': 'adjusted_close', 'checkpoint_enabled': False, 'point_in_time': True, 'execution_data_source': 'snapshot', 'graph_config_sha256': '5b1b6e1c132c13f9830b377ba9d54bf0c792b087e9917af5f0ada9cc895d661e'}, 'decision_prefix_sha256': '3ce61f5c67021ce724ab729c36e6b80dd9f076308f5ce9627891db5c733d98de'}",noop
JPM,JPM,2024-01-19,2024-01-19T21:00:00+00:00,BUY,1.0,success,TradingAgents structured decision,tradingagents,M0_original_prompt_2024H1,BUY,"{'wall_clock_seconds': 283.9442300419905, 'run_context': {'mode': 'historical', 'as_of': '2024-01-19T21:00:00+00:00'}, 'market_history_visibility': {'first_session': '2023-01-04', 'last_session': '2024-01-19', 'last_observation_time_utc': '2024-01-19T21:00:00+00:00', 'row_count': 262, 'sha256': '9149c64f0e6d957cfc37b784679ef2b8bdd07ab1a39c9da73893af0b48cf786d'}, 'report_path': 'strategy/cases/JPM/2024-01-19/reports', 'source_audit_path': 'strategy/cases/JPM/2024-01-19/source_audit.json', 'cache_key': 'e02574e901ad4c1b35c69311152f69263c27851134a239abed35fedcb9d6d684', 'cache_status': 'miss', 'model_config': {'llm_provider': 'deepseek', 'quick_think_llm': 'deepseek-v4-flash', 'deep_think_llm': 'deepseek-v4-flash', 'backend_url': None, 'deepseek_thinking': 'disabled', 'temperature': 0.0, 'llm_max_retries': None, 'selected_analysts': ['market', 'social', 'news', 'fundamentals'], 'output_language': 'English', 'research_depth': 'medium', 'max_debate_rounds': 3, 'max_risk_discuss_rounds': 3, 'max_recur_limit': 100, 'news_article_limit': 20, 'global_news_article_limit': 10, 'global_news_lookback_days': 7, 'global_news_queries': ['Federal Reserve interest rates inflation', 'S&P 500 earnings GDP economic outlook', 'geopolitical risk trade war sanctions', 'ECB Bank of England BOJ central bank policy', 'oil commodities supply chain energy'], 'data_vendors': {'core_stock_apis': 'yfinance', 'technical_indicators': 'yfinance', 'fundamental_data': 'yfinance', 'news_data': 'yfinance', 'macro_data': 'fred', 'prediction_markets': 'polymarket'}, 'tool_vendors': {}, 'benchmark_ticker': None, 'benchmark_map': {'.NS': '^NSEI', '.BO': '^BSESN', '.T': '^N225', '.HK': '^HSI', '.L': '^FTSE', '.TO': '^GSPTSE', '.AX': '^AXJO', '.SS': '000001.SS', '.SZ': '399001.SZ', '': 'SPY'}, 'memory_mode': 'experiment', 'memory_log_max_entries': None, 'memory_holding_horizon_sessions': 5, 'memory_outcome_price_mode': 'adjusted_close', 'checkpoint_enabled': False, 'point_in_time': True, 'execution_data_source': 'snapshot', 'graph_config_sha256': '5b1b6e1c132c13f9830b377ba9d54bf0c792b087e9917af5f0ada9cc895d661e'}, 'decision_prefix_sha256': '38899e9ac5354fb11af7da6697c169f2254c4ede3bef20730a9549f93500c351'}",ordered
JPM,JPM,2024-01-26,2024-01-26T21:00:00+00:00,HOLD,1.0,success,TradingAgents structured decision,tradingagents,M0_original_prompt_2024H1,HOLD,"{'wall_clock_seconds': 312.97508862504037, 'run_context': {'mode': 'historical', 'as_of': '2024-01-26T21:00:00+00:00'}, 'market_history_visibility': {'first_session': '2023-01-04', 'last_session': '2024-01-26', 'last_observation_time_utc': '2024-01-26T21:00:00+00:00', 'row_count': 267, 'sha256': 'cc5b8aae27dbb913879dc2e0d4cb5be0b35b14a12987e8394a8d7f0d2a069fc5'}, 'report_path': 'strategy/cases/JPM/2024-01-26/reports', 'source_audit_path': 'strategy/cases/JPM/2024-01-26/source_audit.json', 'cache_key': 'd38f217db1df62db8c173f2b6981495a5dacb6852e62bda07a4039966eba6637', 'cache_status': 'miss', 'model_config': {'llm_provider': 'deepseek', 'quick_think_llm': 'deepseek-v4-flash', 'deep_think_llm': 'deepseek-v4-flash', 'backend_url': None, 'deepseek_thinking': 'disabled', 'temperature': 0.0, 'llm_max_retries': None, 'selected_analysts': ['market', 'social', 'news', 'fundamentals'], 'output_language': 'English', 'research_depth': 'medium', 'max_debate_rounds': 3, 'max_risk_discuss_rounds': 3, 'max_recur_limit': 100, 'news_article_limit': 20, 'global_news_article_limit': 10, 'global_news_lookback_days': 7, 'global_news_queries': ['Federal Reserve interest rates inflation', 'S&P 500 earnings GDP economic outlook', 'geopolitical risk trade war sanctions', 'ECB Bank of England BOJ central bank policy', 'oil commodities supply chain energy'], 'data_vendors': {'core_stock_apis': 'yfinance', 'technical_indicators': 'yfinance', 'fundamental_data': 'yfinance', 'news_data': 'yfinance', 'macro_data': 'fred', 'prediction_markets': 'polymarket'}, 'tool_vendors': {}, 'benchmark_ticker': None, 'benchmark_map': {'.NS': '^NSEI', '.BO': '^BSESN', '.T': '^N225', '.HK': '^HSI', '.L': '^FTSE', '.TO': '^GSPTSE', '.AX': '^AXJO', '.SS': '000001.SS', '.SZ': '399001.SZ', '': 'SPY'}, 'memory_mode': 'experiment', 'memory_log_max_entries': None, 'memory_holding_horizon_sessions': 5, 'memory_outcome_price_mode': 'adjusted_close', 'checkpoint_enabled': False, 'point_in_time': True, 'execution_data_source': 'snapshot', 'graph_config_sha256': '5b1b6e1c132c13f9830b377ba9d54bf0c792b087e9917af5f0ada9cc895d661e'}, 'decision_prefix_sha256': '311b45fe4637c1efcd95a752ee9d0ec8980c764d1a5d0d97e581b5317f9e1b85'}",noop
JPM,JPM,2024-02-02,2024-02-02T21:00:00+00:00,HOLD,1.0,success,TradingAgents structured decision,tradingagents,M0_original_prompt_2024H1,HOLD,"{'wall_clock_seconds': 304.7388607499888, 'run_context': {'mode': 'historical', 'as_of': '2024-02-02T21:00:00+00:00'}, 'market_history_visibility': {'first_session': '2023-01-04', 'last_session': '2024-02-02', 'last_observation_time_utc': '2024-02-02T21:00:00+00:00', 'row_count': 272, 'sha256': 'a09b5c613fba35c66fcc85e1a03c5ef311fd8a9a3e7117f7783a06b8eec08839'}, 'report_path': 'strategy/cases/JPM/2024-02-02/reports', 'source_audit_path': 'strategy/cases/JPM/2024-02-02/source_audit.json', 'cache_key': 'adcd1b83b3191de7b948c084dab7a475b08aacab96979af0c6715eb5862aca5c', 'cache_status': 'miss', 'model_config': {'llm_provider': 'deepseek', 'quick_think_llm': 'deepseek-v4-flash', 'deep_think_llm': 'deepseek-v4-flash', 'backend_url': None, 'deepseek_thinking': 'disabled', 'temperature': 0.0, 'llm_max_retries': None, 'selected_analysts': ['market', 'social', 'news', 'fundamentals'], 'output_language': 'English', 'research_depth': 'medium', 'max_debate_rounds': 3, 'max_risk_discuss_rounds': 3, 'max_recur_limit': 100, 'news_article_limit': 20, 'global_news_article_limit': 10, 'global_news_lookback_days': 7, 'global_news_queries': ['Federal Reserve interest rates inflation', 'S&P 500 earnings GDP economic outlook', 'geopolitical risk trade war sanctions', 'ECB Bank of England BOJ central bank policy', 'oil commodities supply chain energy'], 'data_vendors': {'core_stock_apis': 'yfinance', 'technical_indicators': 'yfinance', 'fundamental_data': 'yfinance', 'news_data': 'yfinance', 'macro_data': 'fred', 'prediction_markets': 'polymarket'}, 'tool_vendors': {}, 'benchmark_ticker': None, 'benchmark_map': {'.NS': '^NSEI', '.BO': '^BSESN', '.T': '^N225', '.HK': '^HSI', '.L': '^FTSE', '.TO': '^GSPTSE', '.AX': '^AXJO', '.SS': '000001.SS', '.SZ': '399001.SZ', '': 'SPY'}, 'memory_mode': 'experiment', 'memory_log_max_entries': None, 'memory_holding_horizon_sessions': 5, 'memory_outcome_price_mode': 'adjusted_close', 'checkpoint_enabled': False, 'point_in_time': True, 'execution_data_source': 'snapshot', 'graph_config_sha256': '5b1b6e1c132c13f9830b377ba9d54bf0c792b087e9917af5f0ada9cc895d661e'}, 'decision_prefix_sha256': '1543c9b4c6d56f8e73c9db310ef843a9b79cbbb1eb77266867ce9bcecfc8b18e'}",noop
JPM,JPM,2024-02-09,2024-02-09T21:00:00+00:00,HOLD,1.0,success,TradingAgents structured decision,tradingagents,M0_original_prompt_2024H1,HOLD,"{'wall_clock_seconds': 317.5516180829727, 'run_context': {'mode': 'historical', 'as_of': '2024-02-09T21:00:00+00:00'}, 'market_history_visibility': {'first_session': '2023-01-04', 'last_session': '2024-02-09', 'last_observation_time_utc': '2024-02-09T21:00:00+00:00', 'row_count': 277, 'sha256': 'af271d0a3de1de40ed2383df88529e19ed3637f489f0581c7ab3dc4eaadc60d7'}, 'report_path': 'strategy/cases/JPM/2024-02-09/reports', 'source_audit_path': 'strategy/cases/JPM/2024-02-09/source_audit.json', 'cache_key': '696a1ab19a63d43116e8abfc8b52d3260fb29e8d0a07ca5d5df861d70d65b373', 'cache_status': 'miss', 'model_config': {'llm_provider': 'deepseek', 'quick_think_llm': 'deepseek-v4-flash', 'deep_think_llm': 'deepseek-v4-flash', 'backend_url': None, 'deepseek_thinking': 'disabled', 'temperature': 0.0, 'llm_max_retries': None, 'selected_analysts': ['market', 'social', 'news', 'fundamentals'], 'output_language': 'English', 'research_depth': 'medium', 'max_debate_rounds': 3, 'max_risk_discuss_rounds': 3, 'max_recur_limit': 100, 'news_article_limit': 20, 'global_news_article_limit': 10, 'global_news_lookback_days': 7, 'global_news_queries': ['Federal Reserve interest rates inflation', 'S&P 500 earnings GDP economic outlook', 'geopolitical risk trade war sanctions', 'ECB Bank of England BOJ central bank policy', 'oil commodities supply chain energy'], 'data_vendors': {'core_stock_apis': 'yfinance', 'technical_indicators': 'yfinance', 'fundamental_data': 'yfinance', 'news_data': 'yfinance', 'macro_data': 'fred', 'prediction_markets': 'polymarket'}, 'tool_vendors': {}, 'benchmark_ticker': None, 'benchmark_map': {'.NS': '^NSEI', '.BO': '^BSESN', '.T': '^N225', '.HK': '^HSI', '.L': '^FTSE', '.TO': '^GSPTSE', '.AX': '^AXJO', '.SS': '000001.SS', '.SZ': '399001.SZ', '': 'SPY'}, 'memory_mode': 'experiment', 'memory_log_max_entries': None, 'memory_holding_horizon_sessions': 5, 'memory_outcome_price_mode': 'adjusted_close', 'checkpoint_enabled': False, 'point_in_time': True, 'execution_data_source': 'snapshot', 'graph_config_sha256': '5b1b6e1c132c13f9830b377ba9d54bf0c792b087e9917af5f0ada9cc895d661e'}, 'decision_prefix_sha256': '69cc5d4f81a9bcfb7618006600f4244e46a56adede9045ac5dcbbbfc5f14753d'}",noop
JPM,JPM,2024-02-16,2024-02-16T21:00:00+00:00,HOLD,1.0,success,TradingAgents structured decision,tradingagents,M0_original_prompt_2024H1,HOLD,"{'wall_clock_seconds': 310.52737195801456, 'run_context': {'mode': 'historical', 'as_of': '2024-02-16T21:00:00+00:00'}, 'market_history_visibility': {'first_session': '2023-01-04', 'last_session': '2024-02-16', 'last_observation_time_utc': '2024-02-16T21:00:00+00:00', 'row_count': 282, 'sha256': '557c6ceb22fec4c657384fdc3907408c440fa3b1497a41a37b6ab2e98fa97cdc'}, 'report_path': 'strategy/cases/JPM/2024-02-16/reports', 'source_audit_path': 'strategy/cases/JPM/2024-02-16/source_audit.json', 'cache_key': '67dbb9af50577f4daaaad572688f14ae476fdeebed64a145e70d44d856712ec1', 'cache_status': 'miss', 'model_config': {'llm_provider': 'deepseek', 'quick_think_llm': 'deepseek-v4-flash', 'deep_think_llm': 'deepseek-v4-flash', 'backend_url': None, 'deepseek_thinking': 'disabled', 'temperature': 0.0, 'llm_max_retries': None, 'selected_analysts': ['market', 'social', 'news', 'fundamentals'], 'output_language': 'English', 'research_depth': 'medium', 'max_debate_rounds': 3, 'max_risk_discuss_rounds': 3, 'max_recur_limit': 100, 'news_article_limit': 20, 'global_news_article_limit': 10, 'global_news_lookback_days': 7, 'global_news_queries': ['Federal Reserve interest rates inflation', 'S&P 500 earnings GDP economic outlook', 'geopolitical risk trade war sanctions', 'ECB Bank of England BOJ central bank policy', 'oil commodities supply chain energy'], 'data_vendors': {'core_stock_apis': 'yfinance', 'technical_indicators': 'yfinance', 'fundamental_data': 'yfinance', 'news_data': 'yfinance', 'macro_data': 'fred', 'prediction_markets': 'polymarket'}, 'tool_vendors': {}, 'benchmark_ticker': None, 'benchmark_map': {'.NS': '^NSEI', '.BO': '^BSESN', '.T': '^N225', '.HK': '^HSI', '.L': '^FTSE', '.TO': '^GSPTSE', '.AX': '^AXJO', '.SS': '000001.SS', '.SZ': '399001.SZ', '': 'SPY'}, 'memory_mode': 'experiment', 'memory_log_max_entries': None, 'memory_holding_horizon_sessions': 5, 'memory_outcome_price_mode': 'adjusted_close', 'checkpoint_enabled': False, 'point_in_time': True, 'execution_data_source': 'snapshot', 'graph_config_sha256': '5b1b6e1c132c13f9830b377ba9d54bf0c792b087e9917af5f0ada9cc895d661e'}, 'decision_prefix_sha256': 'd58e7a1cd272dbf25f141a1f71758cabece47217f2642d0d2cb287c9555cc4f5'}",noop
JPM,JPM,2024-02-23,2024-02-23T21:00:00+00:00,HOLD,1.0,success,TradingAgents structured decision,tradingagents,M0_original_prompt_2024H1,HOLD,"{'wall_clock_seconds': 289.6014029160142, 'run_context': {'mode': 'historical', 'as_of': '2024-02-23T21:00:00+00:00'}, 'market_history_visibility': {'first_session': '2023-01-04', 'last_session': '2024-02-23', 'last_observation_time_utc': '2024-02-23T21:00:00+00:00', 'row_count': 286, 'sha256': '119cfff2e32373a1718bb0116f7d76bd77bb3a53e596b904647b6bd467665efa'}, 'report_path': 'strategy/cases/JPM/2024-02-23/reports', 'source_audit_path': 'strategy/cases/JPM/2024-02-23/source_audit.json', 'cache_key': 'dd554a61ddd3bb5079aab95b4781bf67c3f5d2ec04d1c250bdb8c48b78a584c0', 'cache_status': 'miss', 'model_config': {'llm_provider': 'deepseek', 'quick_think_llm': 'deepseek-v4-flash', 'deep_think_llm': 'deepseek-v4-flash', 'backend_url': None, 'deepseek_thinking': 'disabled', 'temperature': 0.0, 'llm_max_retries': None, 'selected_analysts': ['market', 'social', 'news', 'fundamentals'], 'output_language': 'English', 'research_depth': 'medium', 'max_debate_rounds': 3, 'max_risk_discuss_rounds': 3, 'max_recur_limit': 100, 'news_article_limit': 20, 'global_news_article_limit': 10, 'global_news_lookback_days': 7, 'global_news_queries': ['Federal Reserve interest rates inflation', 'S&P 500 earnings GDP economic outlook', 'geopolitical risk trade war sanctions', 'ECB Bank of England BOJ central bank policy', 'oil commodities supply chain energy'], 'data_vendors': {'core_stock_apis': 'yfinance', 'technical_indicators': 'yfinance', 'fundamental_data': 'yfinance', 'news_data': 'yfinance', 'macro_data': 'fred', 'prediction_markets': 'polymarket'}, 'tool_vendors': {}, 'benchmark_ticker': None, 'benchmark_map': {'.NS': '^NSEI', '.BO': '^BSESN', '.T': '^N225', '.HK': '^HSI', '.L': '^FTSE', '.TO': '^GSPTSE', '.AX': '^AXJO', '.SS': '000001.SS', '.SZ': '399001.SZ', '': 'SPY'}, 'memory_mode': 'experiment', 'memory_log_max_entries': None, 'memory_holding_horizon_sessions': 5, 'memory_outcome_price_mode': 'adjusted_close', 'checkpoint_enabled': False, 'point_in_time': True, 'execution_data_source': 'snapshot', 'graph_config_sha256': '5b1b6e1c132c13f9830b377ba9d54bf0c792b087e9917af5f0ada9cc895d661e'}, 'decision_prefix_sha256': 'cd96de242d9c96f0fe604b24048562c4cbe8ac96b77bd8b60662c1e731c0672d'}",noop
JPM,JPM,2024-03-01,2024-03-01T21:00:00+00:00,HOLD,1.0,success,TradingAgents structured decision,tradingagents,M0_original_prompt_2024H1,HOLD,"{'wall_clock_seconds': 348.18877758301096, 'run_context': {'mode': 'historical', 'as_of': '2024-03-01T21:00:00+00:00'}, 'market_history_visibility': {'first_session': '2023-01-04', 'last_session': '2024-03-01', 'last_observation_time_utc': '2024-03-01T21:00:00+00:00', 'row_count': 291, 'sha256': 'fa3330ddbe8beaa4342526e93f1d64ba4137fda4d31e20c613e963089b06fc02'}, 'report_path': 'strategy/cases/JPM/2024-03-01/reports', 'source_audit_path': 'strategy/cases/JPM/2024-03-01/source_audit.json', 'cache_key': 'c21e07b23e18d8c35db1589198fcf01831b4bb8646d5e28644fc7eae2202f564', 'cache_status': 'miss', 'model_config': {'llm_provider': 'deepseek', 'quick_think_llm': 'deepseek-v4-flash', 'deep_think_llm': 'deepseek-v4-flash', 'backend_url': None, 'deepseek_thinking': 'disabled', 'temperature': 0.0, 'llm_max_retries': None, 'selected_analysts': ['market', 'social', 'news', 'fundamentals'], 'output_language': 'English', 'research_depth': 'medium', 'max_debate_rounds': 3, 'max_risk_discuss_rounds': 3, 'max_recur_limit': 100, 'news_article_limit': 20, 'global_news_article_limit': 10, 'global_news_lookback_days': 7, 'global_news_queries': ['Federal Reserve interest rates inflation', 'S&P 500 earnings GDP economic outlook', 'geopolitical risk trade war sanctions', 'ECB Bank of England BOJ central bank policy', 'oil commodities supply chain energy'], 'data_vendors': {'core_stock_apis': 'yfinance', 'technical_indicators': 'yfinance', 'fundamental_data': 'yfinance', 'news_data': 'yfinance', 'macro_data': 'fred', 'prediction_markets': 'polymarket'}, 'tool_vendors': {}, 'benchmark_ticker': None, 'benchmark_map': {'.NS': '^NSEI', '.BO': '^BSESN', '.T': '^N225', '.HK': '^HSI', '.L': '^FTSE', '.TO': '^GSPTSE', '.AX': '^AXJO', '.SS': '000001.SS', '.SZ': '399001.SZ', '': 'SPY'}, 'memory_mode': 'experiment', 'memory_log_max_entries': None, 'memory_holding_horizon_sessions': 5, 'memory_outcome_price_mode': 'adjusted_close', 'checkpoint_enabled': False, 'point_in_time': True, 'execution_data_source': 'snapshot', 'graph_config_sha256': '5b1b6e1c132c13f9830b377ba9d54bf0c792b087e9917af5f0ada9cc895d661e'}, 'decision_prefix_sha256': '88d1c58ddc2cab2621ac873e4195ef7398fb50c78592a742cdf33789438bc244'}",noop
JPM,JPM,2024-03-08,2024-03-08T21:00:00+00:00,HOLD,1.0,success,TradingAgents structured decision,tradingagents,M0_original_prompt_2024H1,HOLD,"{'wall_clock_seconds': 286.09166712500155, 'run_context': {'mode': 'historical', 'as_of': '2024-03-08T21:00:00+00:00'}, 'market_history_visibility': {'first_session': '2023-01-04', 'last_session': '2024-03-08', 'last_observation_time_utc': '2024-03-08T21:00:00+00:00', 'row_count': 296, 'sha256': 'a8a2ff50b2ad120818e691bba257193e9fb73cf408c440ad6a0af1444c45497b'}, 'report_path': 'strategy/cases/JPM/2024-03-08/reports', 'source_audit_path': 'strategy/cases/JPM/2024-03-08/source_audit.json', 'cache_key': '51312f3dddbf9b9a7f3f1e3e33c1e68ab76fbe97fbd8441decc285ae4c0bdb47', 'cache_status': 'miss', 'model_config': {'llm_provider': 'deepseek', 'quick_think_llm': 'deepseek-v4-flash', 'deep_think_llm': 'deepseek-v4-flash', 'backend_url': None, 'deepseek_thinking': 'disabled', 'temperature': 0.0, 'llm_max_retries': None, 'selected_analysts': ['market', 'social', 'news', 'fundamentals'], 'output_language': 'English', 'research_depth': 'medium', 'max_debate_rounds': 3, 'max_risk_discuss_rounds': 3, 'max_recur_limit': 100, 'news_article_limit': 20, 'global_news_article_limit': 10, 'global_news_lookback_days': 7, 'global_news_queries': ['Federal Reserve interest rates inflation', 'S&P 500 earnings GDP economic outlook', 'geopolitical risk trade war sanctions', 'ECB Bank of England BOJ central bank policy', 'oil commodities supply chain energy'], 'data_vendors': {'core_stock_apis': 'yfinance', 'technical_indicators': 'yfinance', 'fundamental_data': 'yfinance', 'news_data': 'yfinance', 'macro_data': 'fred', 'prediction_markets': 'polymarket'}, 'tool_vendors': {}, 'benchmark_ticker': None, 'benchmark_map': {'.NS': '^NSEI', '.BO': '^BSESN', '.T': '^N225', '.HK': '^HSI', '.L': '^FTSE', '.TO': '^GSPTSE', '.AX': '^AXJO', '.SS': '000001.SS', '.SZ': '399001.SZ', '': 'SPY'}, 'memory_mode': 'experiment', 'memory_log_max_entries': None, 'memory_holding_horizon_sessions': 5, 'memory_outcome_price_mode': 'adjusted_close', 'checkpoint_enabled': False, 'point_in_time': True, 'execution_data_source': 'snapshot', 'graph_config_sha256': '5b1b6e1c132c13f9830b377ba9d54bf0c792b087e9917af5f0ada9cc895d661e'}, 'decision_prefix_sha256': '60dd85861516ba760671a7ae9d34f7fb5a0c68cfc6aeac552eb6ed1e63295e03'}",noop
JPM,JPM,2024-03-15,2024-03-15T20:00:00+00:00,HOLD,1.0,success,TradingAgents structured decision,tradingagents,M0_original_prompt_2024H1,HOLD,"{'wall_clock_seconds': 309.277388291026, 'run_context': {'mode': 'historical', 'as_of': '2024-03-15T20:00:00+00:00'}, 'market_history_visibility': {'first_session': '2023-01-04', 'last_session': '2024-03-15', 'last_observation_time_utc': '2024-03-15T20:00:00+00:00', 'row_count': 301, 'sha256': '70054075b3dd2d1f223ff6027e4c099c546ec0cc1aa195a2fef32967d86bbc5f'}, 'report_path': 'strategy/cases/JPM/2024-03-15/reports', 'source_audit_path': 'strategy/cases/JPM/2024-03-15/source_audit.json', 'cache_key': '9e11aac9df2fc267948c0a11e2b28284ac926c844ba28ff507ee7c4275903a7e', 'cache_status': 'miss', 'model_config': {'llm_provider': 'deepseek', 'quick_think_llm': 'deepseek-v4-flash', 'deep_think_llm': 'deepseek-v4-flash', 'backend_url': None, 'deepseek_thinking': 'disabled', 'temperature': 0.0, 'llm_max_retries': None, 'selected_analysts': ['market', 'social', 'news', 'fundamentals'], 'output_language': 'English', 'research_depth': 'medium', 'max_debate_rounds': 3, 'max_risk_discuss_rounds': 3, 'max_recur_limit': 100, 'news_article_limit': 20, 'global_news_article_limit': 10, 'global_news_lookback_days': 7, 'global_news_queries': ['Federal Reserve interest rates inflation', 'S&P 500 earnings GDP economic outlook', 'geopolitical risk trade war sanctions', 'ECB Bank of England BOJ central bank policy', 'oil commodities supply chain energy'], 'data_vendors': {'core_stock_apis': 'yfinance', 'technical_indicators': 'yfinance', 'fundamental_data': 'yfinance', 'news_data': 'yfinance', 'macro_data': 'fred', 'prediction_markets': 'polymarket'}, 'tool_vendors': {}, 'benchmark_ticker': None, 'benchmark_map': {'.NS': '^NSEI', '.BO': '^BSESN', '.T': '^N225', '.HK': '^HSI', '.L': '^FTSE', '.TO': '^GSPTSE', '.AX': '^AXJO', '.SS': '000001.SS', '.SZ': '399001.SZ', '': 'SPY'}, 'memory_mode': 'experiment', 'memory_log_max_entries': None, 'memory_holding_horizon_sessions': 5, 'memory_outcome_price_mode': 'adjusted_close', 'checkpoint_enabled': False, 'point_in_time': True, 'execution_data_source': 'snapshot', 'graph_config_sha256': '5b1b6e1c132c13f9830b377ba9d54bf0c792b087e9917af5f0ada9cc895d661e'}, 'decision_prefix_sha256': '7795a0f96e5331b63f819622d66eb82b6638efc6c9d8b72d4c3da85be151baa6'}",noop
JPM,JPM,2024-03-22,2024-03-22T20:00:00+00:00,HOLD,1.0,success,TradingAgents structured decision,tradingagents,M0_original_prompt_2024H1,HOLD,"{'wall_clock_seconds': 548.7175822919817, 'run_context': {'mode': 'historical', 'as_of': '2024-03-22T20:00:00+00:00'}, 'market_history_visibility': {'first_session': '2023-01-04', 'last_session': '2024-03-22', 'last_observation_time_utc': '2024-03-22T20:00:00+00:00', 'row_count': 306, 'sha256': 'e74ce8de1fae5aee13692b241387d323e83eabd76ef71661e8a3fa36e1f87d13'}, 'report_path': 'strategy/cases/JPM/2024-03-22/reports', 'source_audit_path': 'strategy/cases/JPM/2024-03-22/source_audit.json', 'cache_key': '320064cff3790012ff975caf41fc8e1c7a4d6950553c9c24376d505e5f7d243a', 'cache_status': 'miss', 'model_config': {'llm_provider': 'deepseek', 'quick_think_llm': 'deepseek-v4-flash', 'deep_think_llm': 'deepseek-v4-flash', 'backend_url': None, 'deepseek_thinking': 'disabled', 'temperature': 0.0, 'llm_max_retries': None, 'selected_analysts': ['market', 'social', 'news', 'fundamentals'], 'output_language': 'English', 'research_depth': 'medium', 'max_debate_rounds': 3, 'max_risk_discuss_rounds': 3, 'max_recur_limit': 100, 'news_article_limit': 20, 'global_news_article_limit': 10, 'global_news_lookback_days': 7, 'global_news_queries': ['Federal Reserve interest rates inflation', 'S&P 500 earnings GDP economic outlook', 'geopolitical risk trade war sanctions', 'ECB Bank of England BOJ central bank policy', 'oil commodities supply chain energy'], 'data_vendors': {'core_stock_apis': 'yfinance', 'technical_indicators': 'yfinance', 'fundamental_data': 'yfinance', 'news_data': 'yfinance', 'macro_data': 'fred', 'prediction_markets': 'polymarket'}, 'tool_vendors': {}, 'benchmark_ticker': None, 'benchmark_map': {'.NS': '^NSEI', '.BO': '^BSESN', '.T': '^N225', '.HK': '^HSI', '.L': '^FTSE', '.TO': '^GSPTSE', '.AX': '^AXJO', '.SS': '000001.SS', '.SZ': '399001.SZ', '': 'SPY'}, 'memory_mode': 'experiment', 'memory_log_max_entries': None, 'memory_holding_horizon_sessions': 5, 'memory_outcome_price_mode': 'adjusted_close', 'checkpoint_enabled': False, 'point_in_time': True, 'execution_data_source': 'snapshot', 'graph_config_sha256': '5b1b6e1c132c13f9830b377ba9d54bf0c792b087e9917af5f0ada9cc895d661e'}, 'decision_prefix_sha256': 'cac63fbfc02486baafad3bc44606548a6b71279f82b59b3186b7b795d42326a6'}",noop
JPM,JPM,2024-03-28,2024-03-28T20:00:00+00:00,BUY,1.0,success,TradingAgents structured decision,tradingagents,M0_original_prompt_2024H1,BUY,"{'wall_clock_seconds': 278.41772845800733, 'run_context': {'mode': 'historical', 'as_of': '2024-03-28T20:00:00+00:00'}, 'market_history_visibility': {'first_session': '2023-01-04', 'last_session': '2024-03-28', 'last_observation_time_utc': '2024-03-28T20:00:00+00:00', 'row_count': 310, 'sha256': '2522b73c76f0f5308cf990733e2a8649e862334fa4d53aa3c9cc88f69ac0e7be'}, 'report_path': 'strategy/cases/JPM/2024-03-28/reports', 'source_audit_path': 'strategy/cases/JPM/2024-03-28/source_audit.json', 'cache_key': 'b69482d047192d69fe0f400fb263596ec5758b91fff7242737f25d0f2c6de8f3', 'cache_status': 'miss', 'model_config': {'llm_provider': 'deepseek', 'quick_think_llm': 'deepseek-v4-flash', 'deep_think_llm': 'deepseek-v4-flash', 'backend_url': None, 'deepseek_thinking': 'disabled', 'temperature': 0.0, 'llm_max_retries': None, 'selected_analysts': ['market', 'social', 'news', 'fundamentals'], 'output_language': 'English', 'research_depth': 'medium', 'max_debate_rounds': 3, 'max_risk_discuss_rounds': 3, 'max_recur_limit': 100, 'news_article_limit': 20, 'global_news_article_limit': 10, 'global_news_lookback_days': 7, 'global_news_queries': ['Federal Reserve interest rates inflation', 'S&P 500 earnings GDP economic outlook', 'geopolitical risk trade war sanctions', 'ECB Bank of England BOJ central bank policy', 'oil commodities supply chain energy'], 'data_vendors': {'core_stock_apis': 'yfinance', 'technical_indicators': 'yfinance', 'fundamental_data': 'yfinance', 'news_data': 'yfinance', 'macro_data': 'fred', 'prediction_markets': 'polymarket'}, 'tool_vendors': {}, 'benchmark_ticker': None, 'benchmark_map': {'.NS': '^NSEI', '.BO': '^BSESN', '.T': '^N225', '.HK': '^HSI', '.L': '^FTSE', '.TO': '^GSPTSE', '.AX': '^AXJO', '.SS': '000001.SS', '.SZ': '399001.SZ', '': 'SPY'}, 'memory_mode': 'experiment', 'memory_log_max_entries': None, 'memory_holding_horizon_sessions': 5, 'memory_outcome_price_mode': 'adjusted_close', 'checkpoint_enabled': False, 'point_in_time': True, 'execution_data_source': 'snapshot', 'graph_config_sha256': '5b1b6e1c132c13f9830b377ba9d54bf0c792b087e9917af5f0ada9cc895d661e'}, 'decision_prefix_sha256': '7b6a0d1d892d00e6a5fe352eebb17fc0eaa5c5cbce8c5d1d00d18dd372070c24'}",noop
JPM,JPM,2024-04-05,2024-04-05T20:00:00+00:00,HOLD,1.0,success,TradingAgents structured decision,tradingagents,M0_original_prompt_2024H1,HOLD,"{'wall_clock_seconds': 328.8793503330089, 'run_context': {'mode': 'historical', 'as_of': '2024-04-05T20:00:00+00:00'}, 'market_history_visibility': {'first_session': '2023-01-04', 'last_session': '2024-04-05', 'last_observation_time_utc': '2024-04-05T20:00:00+00:00', 'row_count': 315, 'sha256': '8d38bf250d9f0624d5f2982b2de6e136644831a737a5a830909c8d42be7ac6b0'}, 'report_path': 'strategy/cases/JPM/2024-04-05/reports', 'source_audit_path': 'strategy/cases/JPM/2024-04-05/source_audit.json', 'cache_key': '26eac2eeab85328cf44294a5f984fd9e5b603ef66bc025860ee3e3a2e0cf8298', 'cache_status': 'miss', 'model_config': {'llm_provider': 'deepseek', 'quick_think_llm': 'deepseek-v4-flash', 'deep_think_llm': 'deepseek-v4-flash', 'backend_url': None, 'deepseek_thinking': 'disabled', 'temperature': 0.0, 'llm_max_retries': None, 'selected_analysts': ['market', 'social', 'news', 'fundamentals'], 'output_language': 'English', 'research_depth': 'medium', 'max_debate_rounds': 3, 'max_risk_discuss_rounds': 3, 'max_recur_limit': 100, 'news_article_limit': 20, 'global_news_article_limit': 10, 'global_news_lookback_days': 7, 'global_news_queries': ['Federal Reserve interest rates inflation', 'S&P 500 earnings GDP economic outlook', 'geopolitical risk trade war sanctions', 'ECB Bank of England BOJ central bank policy', 'oil commodities supply chain energy'], 'data_vendors': {'core_stock_apis': 'yfinance', 'technical_indicators': 'yfinance', 'fundamental_data': 'yfinance', 'news_data': 'yfinance', 'macro_data': 'fred', 'prediction_markets': 'polymarket'}, 'tool_vendors': {}, 'benchmark_ticker': None, 'benchmark_map': {'.NS': '^NSEI', '.BO': '^BSESN', '.T': '^N225', '.HK': '^HSI', '.L': '^FTSE', '.TO': '^GSPTSE', '.AX': '^AXJO', '.SS': '000001.SS', '.SZ': '399001.SZ', '': 'SPY'}, 'memory_mode': 'experiment', 'memory_log_max_entries': None, 'memory_holding_horizon_sessions': 5, 'memory_outcome_price_mode': 'adjusted_close', 'checkpoint_enabled': False, 'point_in_time': True, 'execution_data_source': 'snapshot', 'graph_config_sha256': '5b1b6e1c132c13f9830b377ba9d54bf0c792b087e9917af5f0ada9cc895d661e'}, 'decision_prefix_sha256': '308c7d18cebad79f435f6c4d438c29dae8015b5add470e866102b29f75aa4cc1'}",noop
JPM,JPM,2024-04-12,2024-04-12T20:00:00+00:00,SELL,0.0,success,TradingAgents structured decision,tradingagents,M0_original_prompt_2024H1,SELL,"{'wall_clock_seconds': 331.7172248749994, 'run_context': {'mode': 'historical', 'as_of': '2024-04-12T20:00:00+00:00'}, 'market_history_visibility': {'first_session': '2023-01-04', 'last_session': '2024-04-12', 'last_observation_time_utc': '2024-04-12T20:00:00+00:00', 'row_count': 320, 'sha256': '4d08922799f539d41c9257e6894a58b4f29149a99b355c9edb0c6e676f81d46d'}, 'report_path': 'strategy/cases/JPM/2024-04-12/reports', 'source_audit_path': 'strategy/cases/JPM/2024-04-12/source_audit.json', 'cache_key': '4f08003785aa809461e3b732aae255026805d249571a94242be0b3e8875b9f2a', 'cache_status': 'miss', 'model_config': {'llm_provider': 'deepseek', 'quick_think_llm': 'deepseek-v4-flash', 'deep_think_llm': 'deepseek-v4-flash', 'backend_url': None, 'deepseek_thinking': 'disabled', 'temperature': 0.0, 'llm_max_retries': None, 'selected_analysts': ['market', 'social', 'news', 'fundamentals'], 'output_language': 'English', 'research_depth': 'medium', 'max_debate_rounds': 3, 'max_risk_discuss_rounds': 3, 'max_recur_limit': 100, 'news_article_limit': 20, 'global_news_article_limit': 10, 'global_news_lookback_days': 7, 'global_news_queries': ['Federal Reserve interest rates inflation', 'S&P 500 earnings GDP economic outlook', 'geopolitical risk trade war sanctions', 'ECB Bank of England BOJ central bank policy', 'oil commodities supply chain energy'], 'data_vendors': {'core_stock_apis': 'yfinance', 'technical_indicators': 'yfinance', 'fundamental_data': 'yfinance', 'news_data': 'yfinance', 'macro_data': 'fred', 'prediction_markets': 'polymarket'}, 'tool_vendors': {}, 'benchmark_ticker': None, 'benchmark_map': {'.NS': '^NSEI', '.BO': '^BSESN', '.T': '^N225', '.HK': '^HSI', '.L': '^FTSE', '.TO': '^GSPTSE', '.AX': '^AXJO', '.SS': '000001.SS', '.SZ': '399001.SZ', '': 'SPY'}, 'memory_mode': 'experiment', 'memory_log_max_entries': None, 'memory_holding_horizon_sessions': 5, 'memory_outcome_price_mode': 'adjusted_close', 'checkpoint_enabled': False, 'point_in_time': True, 'execution_data_source': 'snapshot', 'graph_config_sha256': '5b1b6e1c132c13f9830b377ba9d54bf0c792b087e9917af5f0ada9cc895d661e'}, 'decision_prefix_sha256': 'dda05ef9663d40ece7898f5c96ce3d4d0f42ed511a2f5a12dfb1cb23da0227e6'}",ordered
JPM,JPM,2024-04-19,2024-04-19T20:00:00+00:00,HOLD,0.0,success,TradingAgents structured decision,tradingagents,M0_original_prompt_2024H1,HOLD,"{'wall_clock_seconds': 323.46688137500314, 'run_context': {'mode': 'historical', 'as_of': '2024-04-19T20:00:00+00:00'}, 'market_history_visibility': {'first_session': '2023-01-04', 'last_session': '2024-04-19', 'last_observation_time_utc': '2024-04-19T20:00:00+00:00', 'row_count': 325, 'sha256': '3a26f8c45f3948312296fb7bedd633ad9bcf12bf4abb13d4e0f1520218122a7b'}, 'report_path': 'strategy/cases/JPM/2024-04-19/reports', 'source_audit_path': 'strategy/cases/JPM/2024-04-19/source_audit.json', 'cache_key': 'b66e68b505737699ff20492b4a69c4bed8f67e9bebedb21dcb92f87604321c05', 'cache_status': 'miss', 'model_config': {'llm_provider': 'deepseek', 'quick_think_llm': 'deepseek-v4-flash', 'deep_think_llm': 'deepseek-v4-flash', 'backend_url': None, 'deepseek_thinking': 'disabled', 'temperature': 0.0, 'llm_max_retries': None, 'selected_analysts': ['market', 'social', 'news', 'fundamentals'], 'output_language': 'English', 'research_depth': 'medium', 'max_debate_rounds': 3, 'max_risk_discuss_rounds': 3, 'max_recur_limit': 100, 'news_article_limit': 20, 'global_news_article_limit': 10, 'global_news_lookback_days': 7, 'global_news_queries': ['Federal Reserve interest rates inflation', 'S&P 500 earnings GDP economic outlook', 'geopolitical risk trade war sanctions', 'ECB Bank of England BOJ central bank policy', 'oil commodities supply chain energy'], 'data_vendors': {'core_stock_apis': 'yfinance', 'technical_indicators': 'yfinance', 'fundamental_data': 'yfinance', 'news_data': 'yfinance', 'macro_data': 'fred', 'prediction_markets': 'polymarket'}, 'tool_vendors': {}, 'benchmark_ticker': None, 'benchmark_map': {'.NS': '^NSEI', '.BO': '^BSESN', '.T': '^N225', '.HK': '^HSI', '.L': '^FTSE', '.TO': '^GSPTSE', '.AX': '^AXJO', '.SS': '000001.SS', '.SZ': '399001.SZ', '': 'SPY'}, 'memory_mode': 'experiment', 'memory_log_max_entries': None, 'memory_holding_horizon_sessions': 5, 'memory_outcome_price_mode': 'adjusted_close', 'checkpoint_enabled': False, 'point_in_time': True, 'execution_data_source': 'snapshot', 'graph_config_sha256': '5b1b6e1c132c13f9830b377ba9d54bf0c792b087e9917af5f0ada9cc895d661e'}, 'decision_prefix_sha256': '6f9c68fc9c80a72b673c8e9840dadbfac958648851d49da426b24adb953f3fc3'}",noop
JPM,JPM,2024-04-26,2024-04-26T20:00:00+00:00,HOLD,0.0,success,TradingAgents structured decision,tradingagents,M0_original_prompt_2024H1,HOLD,"{'wall_clock_seconds': 662.8561925840331, 'run_context': {'mode': 'historical', 'as_of': '2024-04-26T20:00:00+00:00'}, 'market_history_visibility': {'first_session': '2023-01-04', 'last_session': '2024-04-26', 'last_observation_time_utc': '2024-04-26T20:00:00+00:00', 'row_count': 330, 'sha256': 'a3f490b10bb56773db417036c906a2bc4133892aeceed62e92ae6b01d1400edf'}, 'report_path': 'strategy/cases/JPM/2024-04-26/reports', 'source_audit_path': 'strategy/cases/JPM/2024-04-26/source_audit.json', 'cache_key': '899f4623ff8df526eb6f45f3f90d9cd0f5b24656aa5bb561e4bedf0d9d76165c', 'cache_status': 'miss', 'model_config': {'llm_provider': 'deepseek', 'quick_think_llm': 'deepseek-v4-flash', 'deep_think_llm': 'deepseek-v4-flash', 'backend_url': None, 'deepseek_thinking': 'disabled', 'temperature': 0.0, 'llm_max_retries': None, 'selected_analysts': ['market', 'social', 'news', 'fundamentals'], 'output_language': 'English', 'research_depth': 'medium', 'max_debate_rounds': 3, 'max_risk_discuss_rounds': 3, 'max_recur_limit': 100, 'news_article_limit': 20, 'global_news_article_limit': 10, 'global_news_lookback_days': 7, 'global_news_queries': ['Federal Reserve interest rates inflation', 'S&P 500 earnings GDP economic outlook', 'geopolitical risk trade war sanctions', 'ECB Bank of England BOJ central bank policy', 'oil commodities supply chain energy'], 'data_vendors': {'core_stock_apis': 'yfinance', 'technical_indicators': 'yfinance', 'fundamental_data': 'yfinance', 'news_data': 'yfinance', 'macro_data': 'fred', 'prediction_markets': 'polymarket'}, 'tool_vendors': {}, 'benchmark_ticker': None, 'benchmark_map': {'.NS': '^NSEI', '.BO': '^BSESN', '.T': '^N225', '.HK': '^HSI', '.L': '^FTSE', '.TO': '^GSPTSE', '.AX': '^AXJO', '.SS': '000001.SS', '.SZ': '399001.SZ', '': 'SPY'}, 'memory_mode': 'experiment', 'memory_log_max_entries': None, 'memory_holding_horizon_sessions': 5, 'memory_outcome_price_mode': 'adjusted_close', 'checkpoint_enabled': False, 'point_in_time': True, 'execution_data_source': 'snapshot', 'graph_config_sha256': '5b1b6e1c132c13f9830b377ba9d54bf0c792b087e9917af5f0ada9cc895d661e'}, 'decision_prefix_sha256': '6051af14f731c98a7e0caaa23face8669ebb3ae4ee928e14f3a42aba51148091'}",noop
JPM,JPM,2024-05-03,2024-05-03T20:00:00+00:00,HOLD,0.0,success,TradingAgents structured decision,tradingagents,M0_original_prompt_2024H1,HOLD,"{'wall_clock_seconds': 364.2615402499796, 'run_context': {'mode': 'historical', 'as_of': '2024-05-03T20:00:00+00:00'}, 'market_history_visibility': {'first_session': '2023-01-04', 'last_session': '2024-05-03', 'last_observation_time_utc': '2024-05-03T20:00:00+00:00', 'row_count': 335, 'sha256': 'df125254766712a6fa2b8e3228bdf76f141d0d8c4faa9067c175aeaa518da6be'}, 'report_path': 'strategy/cases/JPM/2024-05-03/reports', 'source_audit_path': 'strategy/cases/JPM/2024-05-03/source_audit.json', 'cache_key': '87c6d6b06c444d7f39061831798e18899fd4112080ded4fe424b20e043648a27', 'cache_status': 'miss', 'model_config': {'llm_provider': 'deepseek', 'quick_think_llm': 'deepseek-v4-flash', 'deep_think_llm': 'deepseek-v4-flash', 'backend_url': None, 'deepseek_thinking': 'disabled', 'temperature': 0.0, 'llm_max_retries': None, 'selected_analysts': ['market', 'social', 'news', 'fundamentals'], 'output_language': 'English', 'research_depth': 'medium', 'max_debate_rounds': 3, 'max_risk_discuss_rounds': 3, 'max_recur_limit': 100, 'news_article_limit': 20, 'global_news_article_limit': 10, 'global_news_lookback_days': 7, 'global_news_queries': ['Federal Reserve interest rates inflation', 'S&P 500 earnings GDP economic outlook', 'geopolitical risk trade war sanctions', 'ECB Bank of England BOJ central bank policy', 'oil commodities supply chain energy'], 'data_vendors': {'core_stock_apis': 'yfinance', 'technical_indicators': 'yfinance', 'fundamental_data': 'yfinance', 'news_data': 'yfinance', 'macro_data': 'fred', 'prediction_markets': 'polymarket'}, 'tool_vendors': {}, 'benchmark_ticker': None, 'benchmark_map': {'.NS': '^NSEI', '.BO': '^BSESN', '.T': '^N225', '.HK': '^HSI', '.L': '^FTSE', '.TO': '^GSPTSE', '.AX': '^AXJO', '.SS': '000001.SS', '.SZ': '399001.SZ', '': 'SPY'}, 'memory_mode': 'experiment', 'memory_log_max_entries': None, 'memory_holding_horizon_sessions': 5, 'memory_outcome_price_mode': 'adjusted_close', 'checkpoint_enabled': False, 'point_in_time': True, 'execution_data_source': 'snapshot', 'graph_config_sha256': '5b1b6e1c132c13f9830b377ba9d54bf0c792b087e9917af5f0ada9cc895d661e'}, 'decision_prefix_sha256': '1cfea5f0cb997e5f15346d79ee86ca91aff22a86aafedb082c87571593b50d77'}",noop
JPM,JPM,2024-05-10,2024-05-10T20:00:00+00:00,HOLD,0.0,success,TradingAgents structured decision,tradingagents,M0_original_prompt_2024H1,HOLD,"{'wall_clock_seconds': 332.73744825000176, 'run_context': {'mode': 'historical', 'as_of': '2024-05-10T20:00:00+00:00'}, 'market_history_visibility': {'first_session': '2023-01-04', 'last_session': '2024-05-10', 'last_observation_time_utc': '2024-05-10T20:00:00+00:00', 'row_count': 340, 'sha256': '24feaa692809e4ae1fe3d00b720eef03fd10fe94ff3b1d6601ab64ecdd626edf'}, 'report_path': 'strategy/cases/JPM/2024-05-10/reports', 'source_audit_path': 'strategy/cases/JPM/2024-05-10/source_audit.json', 'cache_key': 'd404fbae76871ad6758ad1183679f70f4cccb52c20b46211371d95f96bcdf915', 'cache_status': 'miss', 'model_config': {'llm_provider': 'deepseek', 'quick_think_llm': 'deepseek-v4-flash', 'deep_think_llm': 'deepseek-v4-flash', 'backend_url': None, 'deepseek_thinking': 'disabled', 'temperature': 0.0, 'llm_max_retries': None, 'selected_analysts': ['market', 'social', 'news', 'fundamentals'], 'output_language': 'English', 'research_depth': 'medium', 'max_debate_rounds': 3, 'max_risk_discuss_rounds': 3, 'max_recur_limit': 100, 'news_article_limit': 20, 'global_news_article_limit': 10, 'global_news_lookback_days': 7, 'global_news_queries': ['Federal Reserve interest rates inflation', 'S&P 500 earnings GDP economic outlook', 'geopolitical risk trade war sanctions', 'ECB Bank of England BOJ central bank policy', 'oil commodities supply chain energy'], 'data_vendors': {'core_stock_apis': 'yfinance', 'technical_indicators': 'yfinance', 'fundamental_data': 'yfinance', 'news_data': 'yfinance', 'macro_data': 'fred', 'prediction_markets': 'polymarket'}, 'tool_vendors': {}, 'benchmark_ticker': None, 'benchmark_map': {'.NS': '^NSEI', '.BO': '^BSESN', '.T': '^N225', '.HK': '^HSI', '.L': '^FTSE', '.TO': '^GSPTSE', '.AX': '^AXJO', '.SS': '000001.SS', '.SZ': '399001.SZ', '': 'SPY'}, 'memory_mode': 'experiment', 'memory_log_max_entries': None, 'memory_holding_horizon_sessions': 5, 'memory_outcome_price_mode': 'adjusted_close', 'checkpoint_enabled': False, 'point_in_time': True, 'execution_data_source': 'snapshot', 'graph_config_sha256': '5b1b6e1c132c13f9830b377ba9d54bf0c792b087e9917af5f0ada9cc895d661e'}, 'decision_prefix_sha256': '0033f9deed07b7cfe8e2cd478fee4c9298cd6da6e1f6ad6c1309878c9f94dcf3'}",noop
JPM,JPM,2024-05-17,2024-05-17T20:00:00+00:00,HOLD,0.0,success,TradingAgents structured decision,tradingagents,M0_original_prompt_2024H1,HOLD,"{'wall_clock_seconds': 311.3642430829932, 'run_context': {'mode': 'historical', 'as_of': '2024-05-17T20:00:00+00:00'}, 'market_history_visibility': {'first_session': '2023-01-04', 'last_session': '2024-05-17', 'last_observation_time_utc': '2024-05-17T20:00:00+00:00', 'row_count': 345, 'sha256': '451e92c1c2a22d5ac24fa31af58dc28ec623bd3d13946ea716038b6e9f77de13'}, 'report_path': 'strategy/cases/JPM/2024-05-17/reports', 'source_audit_path': 'strategy/cases/JPM/2024-05-17/source_audit.json', 'cache_key': 'c853192a43c02c6933a572fe9a7b946353dffd1991512ecc3f2dd72d5190aa55', 'cache_status': 'miss', 'model_config': {'llm_provider': 'deepseek', 'quick_think_llm': 'deepseek-v4-flash', 'deep_think_llm': 'deepseek-v4-flash', 'backend_url': None, 'deepseek_thinking': 'disabled', 'temperature': 0.0, 'llm_max_retries': None, 'selected_analysts': ['market', 'social', 'news', 'fundamentals'], 'output_language': 'English', 'research_depth': 'medium', 'max_debate_rounds': 3, 'max_risk_discuss_rounds': 3, 'max_recur_limit': 100, 'news_article_limit': 20, 'global_news_article_limit': 10, 'global_news_lookback_days': 7, 'global_news_queries': ['Federal Reserve interest rates inflation', 'S&P 500 earnings GDP economic outlook', 'geopolitical risk trade war sanctions', 'ECB Bank of England BOJ central bank policy', 'oil commodities supply chain energy'], 'data_vendors': {'core_stock_apis': 'yfinance', 'technical_indicators': 'yfinance', 'fundamental_data': 'yfinance', 'news_data': 'yfinance', 'macro_data': 'fred', 'prediction_markets': 'polymarket'}, 'tool_vendors': {}, 'benchmark_ticker': None, 'benchmark_map': {'.NS': '^NSEI', '.BO': '^BSESN', '.T': '^N225', '.HK': '^HSI', '.L': '^FTSE', '.TO': '^GSPTSE', '.AX': '^AXJO', '.SS': '000001.SS', '.SZ': '399001.SZ', '': 'SPY'}, 'memory_mode': 'experiment', 'memory_log_max_entries': None, 'memory_holding_horizon_sessions': 5, 'memory_outcome_price_mode': 'adjusted_close', 'checkpoint_enabled': False, 'point_in_time': True, 'execution_data_source': 'snapshot', 'graph_config_sha256': '5b1b6e1c132c13f9830b377ba9d54bf0c792b087e9917af5f0ada9cc895d661e'}, 'decision_prefix_sha256': 'a75074e69c7a41410d7eeeb938aaaae31ba0bc0f14a8cbe8f939ff72075aca30'}",noop
JPM,JPM,2024-05-24,2024-05-24T20:00:00+00:00,HOLD,0.0,success,TradingAgents structured decision,tradingagents,M0_original_prompt_2024H1,HOLD,"{'wall_clock_seconds': 314.48234120901907, 'run_context': {'mode': 'historical', 'as_of': '2024-05-24T20:00:00+00:00'}, 'market_history_visibility': {'first_session': '2023-01-04', 'last_session': '2024-05-24', 'last_observation_time_utc': '2024-05-24T20:00:00+00:00', 'row_count': 350, 'sha256': '82552c7658c3c65ccd56132f078ebcc8ae970a14a48862d3ffae8b47add9d37f'}, 'report_path': 'strategy/cases/JPM/2024-05-24/reports', 'source_audit_path': 'strategy/cases/JPM/2024-05-24/source_audit.json', 'cache_key': 'b4a74dffaa7c5861d87081ce1074c270e6630cedaaf61dc9d6b4038e9c32bb5b', 'cache_status': 'miss', 'model_config': {'llm_provider': 'deepseek', 'quick_think_llm': 'deepseek-v4-flash', 'deep_think_llm': 'deepseek-v4-flash', 'backend_url': None, 'deepseek_thinking': 'disabled', 'temperature': 0.0, 'llm_max_retries': None, 'selected_analysts': ['market', 'social', 'news', 'fundamentals'], 'output_language': 'English', 'research_depth': 'medium', 'max_debate_rounds': 3, 'max_risk_discuss_rounds': 3, 'max_recur_limit': 100, 'news_article_limit': 20, 'global_news_article_limit': 10, 'global_news_lookback_days': 7, 'global_news_queries': ['Federal Reserve interest rates inflation', 'S&P 500 earnings GDP economic outlook', 'geopolitical risk trade war sanctions', 'ECB Bank of England BOJ central bank policy', 'oil commodities supply chain energy'], 'data_vendors': {'core_stock_apis': 'yfinance', 'technical_indicators': 'yfinance', 'fundamental_data': 'yfinance', 'news_data': 'yfinance', 'macro_data': 'fred', 'prediction_markets': 'polymarket'}, 'tool_vendors': {}, 'benchmark_ticker': None, 'benchmark_map': {'.NS': '^NSEI', '.BO': '^BSESN', '.T': '^N225', '.HK': '^HSI', '.L': '^FTSE', '.TO': '^GSPTSE', '.AX': '^AXJO', '.SS': '000001.SS', '.SZ': '399001.SZ', '': 'SPY'}, 'memory_mode': 'experiment', 'memory_log_max_entries': None, 'memory_holding_horizon_sessions': 5, 'memory_outcome_price_mode': 'adjusted_close', 'checkpoint_enabled': False, 'point_in_time': True, 'execution_data_source': 'snapshot', 'graph_config_sha256': '5b1b6e1c132c13f9830b377ba9d54bf0c792b087e9917af5f0ada9cc895d661e'}, 'decision_prefix_sha256': 'c81bc0ba55f4dc6a16343bad79f30538a635beb208c66e493315df53f3b956a5'}",noop
JPM,JPM,2024-05-31,2024-05-31T20:00:00+00:00,HOLD,0.0,success,TradingAgents structured decision,tradingagents,M0_original_prompt_2024H1,HOLD,"{'wall_clock_seconds': 318.5015512499958, 'run_context': {'mode': 'historical', 'as_of': '2024-05-31T20:00:00+00:00'}, 'market_history_visibility': {'first_session': '2023-01-04', 'last_session': '2024-05-31', 'last_observation_time_utc': '2024-05-31T20:00:00+00:00', 'row_count': 354, 'sha256': '526bd009c59376491af858df2aa2ede3713840fddd8ca23385148fe71c9fa061'}, 'report_path': 'strategy/cases/JPM/2024-05-31/reports', 'source_audit_path': 'strategy/cases/JPM/2024-05-31/source_audit.json', 'cache_key': '2f95ecad976d8d36336193ee4392669357fe341ed7f4b3af74f641325b2b5e50', 'cache_status': 'miss', 'model_config': {'llm_provider': 'deepseek', 'quick_think_llm': 'deepseek-v4-flash', 'deep_think_llm': 'deepseek-v4-flash', 'backend_url': None, 'deepseek_thinking': 'disabled', 'temperature': 0.0, 'llm_max_retries': None, 'selected_analysts': ['market', 'social', 'news', 'fundamentals'], 'output_language': 'English', 'research_depth': 'medium', 'max_debate_rounds': 3, 'max_risk_discuss_rounds': 3, 'max_recur_limit': 100, 'news_article_limit': 20, 'global_news_article_limit': 10, 'global_news_lookback_days': 7, 'global_news_queries': ['Federal Reserve interest rates inflation', 'S&P 500 earnings GDP economic outlook', 'geopolitical risk trade war sanctions', 'ECB Bank of England BOJ central bank policy', 'oil commodities supply chain energy'], 'data_vendors': {'core_stock_apis': 'yfinance', 'technical_indicators': 'yfinance', 'fundamental_data': 'yfinance', 'news_data': 'yfinance', 'macro_data': 'fred', 'prediction_markets': 'polymarket'}, 'tool_vendors': {}, 'benchmark_ticker': None, 'benchmark_map': {'.NS': '^NSEI', '.BO': '^BSESN', '.T': '^N225', '.HK': '^HSI', '.L': '^FTSE', '.TO': '^GSPTSE', '.AX': '^AXJO', '.SS': '000001.SS', '.SZ': '399001.SZ', '': 'SPY'}, 'memory_mode': 'experiment', 'memory_log_max_entries': None, 'memory_holding_horizon_sessions': 5, 'memory_outcome_price_mode': 'adjusted_close', 'checkpoint_enabled': False, 'point_in_time': True, 'execution_data_source': 'snapshot', 'graph_config_sha256': '5b1b6e1c132c13f9830b377ba9d54bf0c792b087e9917af5f0ada9cc895d661e'}, 'decision_prefix_sha256': 'd9e5b9747b9f6b0450ce4ee03ac1012428dc5e5bf4bd3232b613b87e24b0c97f'}",noop
JPM,JPM,2024-06-07,2024-06-07T20:00:00+00:00,HOLD,0.0,success,TradingAgents structured decision,tradingagents,M0_original_prompt_2024H1,HOLD,"{'wall_clock_seconds': 346.5991421670187, 'run_context': {'mode': 'historical', 'as_of': '2024-06-07T20:00:00+00:00'}, 'market_history_visibility': {'first_session': '2023-01-04', 'last_session': '2024-06-07', 'last_observation_time_utc': '2024-06-07T20:00:00+00:00', 'row_count': 359, 'sha256': 'b2d0584d1332e5c9969f9deaa363f96f7a9708b9b728ed068b58ae5c2ebfb5ac'}, 'report_path': 'strategy/cases/JPM/2024-06-07/reports', 'source_audit_path': 'strategy/cases/JPM/2024-06-07/source_audit.json', 'cache_key': '9c92793a1a7e55c76ba5e8409a37df87f64167ed157aef591aaa9fe755668317', 'cache_status': 'miss', 'model_config': {'llm_provider': 'deepseek', 'quick_think_llm': 'deepseek-v4-flash', 'deep_think_llm': 'deepseek-v4-flash', 'backend_url': None, 'deepseek_thinking': 'disabled', 'temperature': 0.0, 'llm_max_retries': None, 'selected_analysts': ['market', 'social', 'news', 'fundamentals'], 'output_language': 'English', 'research_depth': 'medium', 'max_debate_rounds': 3, 'max_risk_discuss_rounds': 3, 'max_recur_limit': 100, 'news_article_limit': 20, 'global_news_article_limit': 10, 'global_news_lookback_days': 7, 'global_news_queries': ['Federal Reserve interest rates inflation', 'S&P 500 earnings GDP economic outlook', 'geopolitical risk trade war sanctions', 'ECB Bank of England BOJ central bank policy', 'oil commodities supply chain energy'], 'data_vendors': {'core_stock_apis': 'yfinance', 'technical_indicators': 'yfinance', 'fundamental_data': 'yfinance', 'news_data': 'yfinance', 'macro_data': 'fred', 'prediction_markets': 'polymarket'}, 'tool_vendors': {}, 'benchmark_ticker': None, 'benchmark_map': {'.NS': '^NSEI', '.BO': '^BSESN', '.T': '^N225', '.HK': '^HSI', '.L': '^FTSE', '.TO': '^GSPTSE', '.AX': '^AXJO', '.SS': '000001.SS', '.SZ': '399001.SZ', '': 'SPY'}, 'memory_mode': 'experiment', 'memory_log_max_entries': None, 'memory_holding_horizon_sessions': 5, 'memory_outcome_price_mode': 'adjusted_close', 'checkpoint_enabled': False, 'point_in_time': True, 'execution_data_source': 'snapshot', 'graph_config_sha256': '5b1b6e1c132c13f9830b377ba9d54bf0c792b087e9917af5f0ada9cc895d661e'}, 'decision_prefix_sha256': '65ffca4b3e0aea584c74579aa7b3a52b23ecdd5effd798a47352f3a1961a138a'}",noop
JPM,JPM,2024-06-14,2024-06-14T20:00:00+00:00,HOLD,0.0,success,TradingAgents structured decision,tradingagents,M0_original_prompt_2024H1,HOLD,"{'wall_clock_seconds': 324.71255287498934, 'run_context': {'mode': 'historical', 'as_of': '2024-06-14T20:00:00+00:00'}, 'market_history_visibility': {'first_session': '2023-01-04', 'last_session': '2024-06-14', 'last_observation_time_utc': '2024-06-14T20:00:00+00:00', 'row_count': 364, 'sha256': '5c279b7534e5fc491b116a355319b993df9f11453d1f90c2153af49ff145d49d'}, 'report_path': 'strategy/cases/JPM/2024-06-14/reports', 'source_audit_path': 'strategy/cases/JPM/2024-06-14/source_audit.json', 'cache_key': 'ca12cae4de9b793c40de81672e0bfddc66d46febe0de76708011a5a0456b6812', 'cache_status': 'miss', 'model_config': {'llm_provider': 'deepseek', 'quick_think_llm': 'deepseek-v4-flash', 'deep_think_llm': 'deepseek-v4-flash', 'backend_url': None, 'deepseek_thinking': 'disabled', 'temperature': 0.0, 'llm_max_retries': None, 'selected_analysts': ['market', 'social', 'news', 'fundamentals'], 'output_language': 'English', 'research_depth': 'medium', 'max_debate_rounds': 3, 'max_risk_discuss_rounds': 3, 'max_recur_limit': 100, 'news_article_limit': 20, 'global_news_article_limit': 10, 'global_news_lookback_days': 7, 'global_news_queries': ['Federal Reserve interest rates inflation', 'S&P 500 earnings GDP economic outlook', 'geopolitical risk trade war sanctions', 'ECB Bank of England BOJ central bank policy', 'oil commodities supply chain energy'], 'data_vendors': {'core_stock_apis': 'yfinance', 'technical_indicators': 'yfinance', 'fundamental_data': 'yfinance', 'news_data': 'yfinance', 'macro_data': 'fred', 'prediction_markets': 'polymarket'}, 'tool_vendors': {}, 'benchmark_ticker': None, 'benchmark_map': {'.NS': '^NSEI', '.BO': '^BSESN', '.T': '^N225', '.HK': '^HSI', '.L': '^FTSE', '.TO': '^GSPTSE', '.AX': '^AXJO', '.SS': '000001.SS', '.SZ': '399001.SZ', '': 'SPY'}, 'memory_mode': 'experiment', 'memory_log_max_entries': None, 'memory_holding_horizon_sessions': 5, 'memory_outcome_price_mode': 'adjusted_close', 'checkpoint_enabled': False, 'point_in_time': True, 'execution_data_source': 'snapshot', 'graph_config_sha256': '5b1b6e1c132c13f9830b377ba9d54bf0c792b087e9917af5f0ada9cc895d661e'}, 'decision_prefix_sha256': 'c550b6cad15a04b8c867bfdfadd2fa390f268d3f9a0c3c1e75aa7148f38372c1'}",noop
JPM,JPM,2024-06-21,2024-06-21T20:00:00+00:00,HOLD,0.0,success,TradingAgents structured decision,tradingagents,M0_original_prompt_2024H1,HOLD,"{'wall_clock_seconds': 316.038769207953, 'run_context': {'mode': 'historical', 'as_of': '2024-06-21T20:00:00+00:00'}, 'market_history_visibility': {'first_session': '2023-01-04', 'last_session': '2024-06-21', 'last_observation_time_utc': '2024-06-21T20:00:00+00:00', 'row_count': 368, 'sha256': 'c3d7c2335c3f59de6139e5ea3e0473b72fd424cb7e4118430bb0c36710d5150f'}, 'report_path': 'strategy/cases/JPM/2024-06-21/reports', 'source_audit_path': 'strategy/cases/JPM/2024-06-21/source_audit.json', 'cache_key': '5e4bbbe838a7e776a360c7ba563ab463841c895fd037924c30162f60a58cea63', 'cache_status': 'miss', 'model_config': {'llm_provider': 'deepseek', 'quick_think_llm': 'deepseek-v4-flash', 'deep_think_llm': 'deepseek-v4-flash', 'backend_url': None, 'deepseek_thinking': 'disabled', 'temperature': 0.0, 'llm_max_retries': None, 'selected_analysts': ['market', 'social', 'news', 'fundamentals'], 'output_language': 'English', 'research_depth': 'medium', 'max_debate_rounds': 3, 'max_risk_discuss_rounds': 3, 'max_recur_limit': 100, 'news_article_limit': 20, 'global_news_article_limit': 10, 'global_news_lookback_days': 7, 'global_news_queries': ['Federal Reserve interest rates inflation', 'S&P 500 earnings GDP economic outlook', 'geopolitical risk trade war sanctions', 'ECB Bank of England BOJ central bank policy', 'oil commodities supply chain energy'], 'data_vendors': {'core_stock_apis': 'yfinance', 'technical_indicators': 'yfinance', 'fundamental_data': 'yfinance', 'news_data': 'yfinance', 'macro_data': 'fred', 'prediction_markets': 'polymarket'}, 'tool_vendors': {}, 'benchmark_ticker': None, 'benchmark_map': {'.NS': '^NSEI', '.BO': '^BSESN', '.T': '^N225', '.HK': '^HSI', '.L': '^FTSE', '.TO': '^GSPTSE', '.AX': '^AXJO', '.SS': '000001.SS', '.SZ': '399001.SZ', '': 'SPY'}, 'memory_mode': 'experiment', 'memory_log_max_entries': None, 'memory_holding_horizon_sessions': 5, 'memory_outcome_price_mode': 'adjusted_close', 'checkpoint_enabled': False, 'point_in_time': True, 'execution_data_source': 'snapshot', 'graph_config_sha256': '5b1b6e1c132c13f9830b377ba9d54bf0c792b087e9917af5f0ada9cc895d661e'}, 'decision_prefix_sha256': '4b51acb6cadd4db07f624f8635aee1f5a3fef340cbadb2554fa0d4ee95b4d0a2'}",noop
JPM,JPM,2024-06-28,2024-06-28T20:00:00+00:00,HOLD,0.0,success,TradingAgents structured decision,tradingagents,M0_original_prompt_2024H1,HOLD,"{'wall_clock_seconds': 329.20029483299004, 'run_context': {'mode': 'historical', 'as_of': '2024-06-28T20:00:00+00:00'}, 'market_history_visibility': {'first_session': '2023-01-04', 'last_session': '2024-06-28', 'last_observation_time_utc': '2024-06-28T20:00:00+00:00', 'row_count': 373, 'sha256': 'e6c1f002644691c6d0b66df194f534fe4b9b284009a851ce646db60e09d30475'}, 'report_path': 'strategy/cases/JPM/2024-06-28/reports', 'source_audit_path': 'strategy/cases/JPM/2024-06-28/source_audit.json', 'cache_key': '62c4830444bb6bff2f1055dbedbec5523645b198e170738b492c5b275707b0f0', 'cache_status': 'miss', 'model_config': {'llm_provider': 'deepseek', 'quick_think_llm': 'deepseek-v4-flash', 'deep_think_llm': 'deepseek-v4-flash', 'backend_url': None, 'deepseek_thinking': 'disabled', 'temperature': 0.0, 'llm_max_retries': None, 'selected_analysts': ['market', 'social', 'news', 'fundamentals'], 'output_language': 'English', 'research_depth': 'medium', 'max_debate_rounds': 3, 'max_risk_discuss_rounds': 3, 'max_recur_limit': 100, 'news_article_limit': 20, 'global_news_article_limit': 10, 'global_news_lookback_days': 7, 'global_news_queries': ['Federal Reserve interest rates inflation', 'S&P 500 earnings GDP economic outlook', 'geopolitical risk trade war sanctions', 'ECB Bank of England BOJ central bank policy', 'oil commodities supply chain energy'], 'data_vendors': {'core_stock_apis': 'yfinance', 'technical_indicators': 'yfinance', 'fundamental_data': 'yfinance', 'news_data': 'yfinance', 'macro_data': 'fred', 'prediction_markets': 'polymarket'}, 'tool_vendors': {}, 'benchmark_ticker': None, 'benchmark_map': {'.NS': '^NSEI', '.BO': '^BSESN', '.T': '^N225', '.HK': '^HSI', '.L': '^FTSE', '.TO': '^GSPTSE', '.AX': '^AXJO', '.SS': '000001.SS', '.SZ': '399001.SZ', '': 'SPY'}, 'memory_mode': 'experiment', 'memory_log_max_entries': None, 'memory_holding_horizon_sessions': 5, 'memory_outcome_price_mode': 'adjusted_close', 'checkpoint_enabled': False, 'point_in_time': True, 'execution_data_source': 'snapshot', 'graph_config_sha256': '5b1b6e1c132c13f9830b377ba9d54bf0c792b087e9917af5f0ada9cc895d661e'}, 'decision_prefix_sha256': 'e68aa76a91fd1b5d61edfa55f357ed01991457ab10a0f4d3afe2b4f6b633f7c3'}",noop
