account_symbol,timestamp,session,symbol,cash,quantity,close_price,market_value,equity,current_weight,average_entry_price,unrealized_pnl,realized_pnl,cumulative_cost,current_drawdown,peak_equity,cumulative_dividends,cumulative_commission_cost,cumulative_slippage_cost,cumulative_transaction_cost
AAPL,2024-01-05T21:00:00+00:00,2024-01-05,AAPL,100000.0,0.0,181.1799927,0.0,100000.0,0.0,0.0,0.0,0.0,0.0,0.0,100000.0,0.0,0.0,0.0,0.0
AAPL,2024-01-08T21:00:00+00:00,2024-01-08,AAPL,0.0,548.6302212090893,185.5599976,101803.82253084608,101803.82253084608,1.0,182.18104129814998,1803.8225308460721,0.0,99.92504996875907,0.0,101803.82253084608,0.0,49.97501249375313,49.95003747500594,99.92504996875907
AAPL,2024-01-09T21:00:00+00:00,2024-01-09,AAPL,0.0,548.6302212090893,185.1399994,101573.39882547266,101573.39882547266,1.0,182.18104129814998,1573.3988254726478,0.0,99.92504996875907,-0.0022634091691754454,101803.82253084608,0.0,49.97501249375313,49.95003747500594,99.92504996875907
AAPL,2024-01-10T21:00:00+00:00,2024-01-10,AAPL,0.0,548.6302212090893,186.1900024,102149.46220363287,102149.46220363287,1.0,182.18104129814998,2149.4622036328574,0.0,99.92504996875907,0.0,102149.46220363287,0.0,49.97501249375313,49.95003747500594,99.92504996875907
AAPL,2024-01-11T21:00:00+00:00,2024-01-11,AAPL,0.0,548.6302212090893,185.5899963,101820.28072426307,101820.28072426307,1.0,182.18104129814998,1820.2807242630536,0.0,99.92504996875907,-0.0032225473562805806,102149.46220363287,0.0,49.97501249375313,49.95003747500594,99.92504996875907
AAPL,2024-01-12T21:00:00+00:00,2024-01-12,AAPL,0.0,548.6302212090893,185.9199982,102001.32973965949,102001.32973965949,1.0,182.18104129814998,2001.3297396594808,0.0,99.92504996875907,-0.0014501541249241079,102149.46220363287,0.0,49.97501249375313,49.95003747500594,99.92504996875907
AAPL,2024-01-16T21:00:00+00:00,2024-01-16,AAPL,0.0,548.6302212090893,183.6300049,100744.97020891315,100744.97020891315,1.0,182.18104129814998,744.970208913137,0.0,99.92504996875907,-0.013749382174131242,102149.46220363287,0.0,49.97501249375313,49.95003747500594,99.92504996875907
AAPL,2024-01-17T21:00:00+00:00,2024-01-17,AAPL,0.0,548.6302212090893,182.6799927,100223.76480547583,100223.76480547583,1.0,182.18104129814998,223.76480547581724,0.0,99.92504996875907,-0.018851762472505196,102149.46220363287,0.0,49.97501249375313,49.95003747500594,99.92504996875907
AAPL,2024-01-18T21:00:00+00:00,2024-01-18,AAPL,0.0,548.6302212090893,188.6300049,103488.1213149586,103488.1213149586,1.0,182.18104129814998,3488.1213149585838,0.0,99.92504996875907,0.0,103488.1213149586,0.0,49.97501249375313,49.95003747500594,99.92504996875907
AAPL,2024-01-19T21:00:00+00:00,2024-01-19,AAPL,0.0,548.6302212090893,191.5599976,105095.60385810061,105095.60385810061,1.0,182.18104129814998,5095.603858100609,0.0,99.92504996875907,0.0,105095.60385810061,0.0,49.97501249375313,49.95003747500594,99.92504996875907
AAPL,2024-01-22T21:00:00+00:00,2024-01-22,AAPL,0.0,548.6302212090893,193.8899994,106373.91326105219,106373.91326105219,1.0,182.18104129814998,6373.91326105218,0.0,99.92504996875907,0.0,106373.91326105219,0.0,49.97501249375313,49.95003747500594,99.92504996875907
AAPL,2024-01-23T21:00:00+00:00,2024-01-23,AAPL,0.0,548.6302212090893,195.1799927,107081.64257058945,107081.64257058945,1.0,182.18104129814998,7081.642570589434,0.0,99.92504996875907,0.0,107081.64257058945,0.0,49.97501249375313,49.95003747500594,99.92504996875907
AAPL,2024-01-24T21:00:00+00:00,2024-01-24,AAPL,0.0,548.6302212090893,194.5,106708.57802516787,106708.57802516787,1.0,182.18104129814998,6708.578025167861,0.0,99.92504996875907,-0.00348392624978322,107081.64257058945,0.0,49.97501249375313,49.95003747500594,99.92504996875907
AAPL,2024-01-25T21:00:00+00:00,2024-01-25,AAPL,0.0,548.6302212090893,194.1699982,106527.52906463448,106527.52906463448,1.0,182.18104129814998,6527.529064634467,0.0,99.92504996875907,-0.005174682538042763,107081.64257058945,0.0,49.97501249375313,49.95003747500594,99.92504996875907
AAPL,2024-01-26T21:00:00+00:00,2024-01-26,AAPL,0.0,548.6302212090893,192.4199982,105567.42617751857,105567.42617751857,1.0,182.18104129814998,5567.426177518561,0.0,99.92504996875907,-0.01414076546381593,107081.64257058945,0.0,49.97501249375313,49.95003747500594,99.92504996875907
AAPL,2024-01-29T21:00:00+00:00,2024-01-29,AAPL,0.0,548.6302212090893,191.7299957,105188.86995330873,105188.86995330873,1.0,182.18104129814998,5188.869953308726,0.0,99.92504996875907,-0.01767597668323939,107081.64257058945,0.0,49.97501249375313,49.95003747500594,99.92504996875907
AAPL,2024-01-30T21:00:00+00:00,2024-01-30,AAPL,0.0,548.6302212090893,188.0399933,103164.42312033467,103164.42312033467,1.0,182.18104129814998,3164.4231203346567,0.0,99.92504996875907,-0.03658161526306902,107081.64257058945,0.0,49.97501249375313,49.95003747500594,99.92504996875907
AAPL,2024-01-31T21:00:00+00:00,2024-01-31,AAPL,0.0,548.6302212090893,184.3999939,101167.40944431172,101167.40944431172,1.0,182.18104129814998,1167.4094443117078,0.0,99.92504996875907,-0.0552310646745916,107081.64257058945,0.0,49.97501249375313,49.95003747500594,99.92504996875907
AAPL,2024-02-01T21:00:00+00:00,2024-02-01,AAPL,0.0,548.6302212090893,186.8600006,102517.04346430856,102517.04346430856,1.0,182.18104129814998,2517.043464308554,0.0,99.92504996875907,-0.042627279491644465,107081.64257058945,0.0,49.97501249375313,49.95003747500594,99.92504996875907
AAPL,2024-02-02T21:00:00+00:00,2024-02-02,AAPL,0.0,548.6302212090893,185.8500061,101962.9299583536,101962.9299583536,1.0,182.18104129814998,1962.9299583535878,0.0,99.92504996875907,-0.04780196202968712,107081.64257058945,0.0,49.97501249375313,49.95003747500594,99.92504996875907
AAPL,2024-02-05T21:00:00+00:00,2024-02-05,AAPL,0.0,548.6302212090893,187.6799927,102966.91591152128,102966.91591152128,1.0,182.18104129814998,2966.9159115212638,0.0,99.92504996875907,-0.038426069681885,107081.64257058945,0.0,49.97501249375313,49.95003747500594,99.92504996875907
AAPL,2024-02-06T21:00:00+00:00,2024-02-06,AAPL,0.0,548.6302212090893,189.3000031,103855.70257563429,103855.70257563429,1.0,182.18104129814998,3855.70257563428,0.0,99.92504996875907,-0.030125985346447948,107081.64257058945,0.0,49.97501249375313,49.95003747500594,99.92504996875907
AAPL,2024-02-07T21:00:00+00:00,2024-02-07,AAPL,0.0,548.6302212090893,189.4100037,103916.05222914543,103916.05222914543,1.0,182.18104129814998,3916.0522291454163,0.0,99.92504996875907,-0.029562399917028137,107081.64257058945,0.0,49.97501249375313,49.95003747500594,99.92504996875907
AAPL,2024-02-08T21:00:00+00:00,2024-02-08,AAPL,0.0,548.6302212090893,188.3200073,103318.0472630963,103318.0472630963,1.0,182.18104129814998,3318.0472630962954,0.0,99.92504996875907,-0.035146970266281996,107081.64257058945,0.0,49.97501249375313,49.95003747500594,99.92504996875907
AAPL,2024-02-09T21:00:00+00:00,2024-02-09,AAPL,131.67125309018144,548.6302212090893,188.8500061,103608.82062198086,103740.49187507105,0.9987307631696142,182.18104129814998,3608.820621980856,0.0,99.92504996875907,-0.031201899927112864,107081.64257058945,131.67125309018144,49.97501249375313,49.95003747500594,99.92504996875907
AAPL,2024-02-12T21:00:00+00:00,2024-02-12,AAPL,131.67125309018144,548.6302212090893,187.1499939,102676.14255263671,102807.8138057269,0.9987192485841689,182.18104129814998,2676.1425526367034,0.0,99.92504996875907,-0.039911871561413514,107081.64257058945,131.67125309018144,49.97501249375313,49.95003747500594,99.92504996875907
AAPL,2024-02-13T21:00:00+00:00,2024-02-13,AAPL,131.67125309018144,548.6302212090893,185.0399933,101518.5324567074,101650.20370979758,0.9987046631655939,182.18104129814998,1518.5324567073887,0.0,99.92504996875907,-0.05072240890600277,107081.64257058945,131.67125309018144,49.97501249375313,49.95003747500594,99.92504996875907
AAPL,2024-02-14T21:00:00+00:00,2024-02-14,AAPL,131.67125309018144,548.6302212090893,184.1499939,101030.25188900945,101161.92314209964,0.9986984109336748,182.18104129814998,1030.2518890094354,0.0,99.92504996875907,-0.0552822994341674,107081.64257058945,131.67125309018144,49.97501249375313,49.95003747500594,99.92504996875907
AAPL,2024-02-15T21:00:00+00:00,2024-02-15,AAPL,131.67125309018144,548.6302212090893,183.8600006,100871.1528006813,101002.82405377149,0.9986963606777957,182.18104129814998,871.1528006812862,0.0,99.92504996875907,-0.05676807313457799,107081.64257058945,131.67125309018144,49.97501249375313,49.95003747500594,99.92504996875907
AAPL,2024-02-16T21:00:00+00:00,2024-02-16,AAPL,131.67125309018144,548.6302212090893,182.3099976,100020.77431191654,100152.44556500672,0.9986852916836192,182.18104129814998,20.774311916531957,0.0,99.92504996875907,-0.06470947623926215,107081.64257058945,131.67125309018144,49.97501249375313,49.95003747500594,99.92504996875907
AAPL,2024-02-20T21:00:00+00:00,2024-02-20,AAPL,131.67125309018144,548.6302212090893,181.5599976,99609.30164600973,99740.97289909991,0.9986798679693711,182.18104129814998,-390.698353990285,0.0,99.92504996875907,-0.06855208320745065,107081.64257058945,131.67125309018144,49.97501249375313,49.95003747500594,99.92504996875907
AAPL,2024-02-21T21:00:00+00:00,2024-02-21,AAPL,131.67125309018144,548.6302212090893,182.3200073,100026.26593584177,100157.93718893196,0.9986853637686067,182.18104129814998,26.265935841759514,0.0,99.92504996875907,-0.06465819178196963,107081.64257058945,131.67125309018144,49.97501249375313,49.95003747500594,99.92504996875907
AAPL,2024-02-22T21:00:00+00:00,2024-02-22,AAPL,131.67125309018144,548.6302212090893,184.3699951,101150.95119603172,101282.6224491219,0.9986999620477212,182.18104129814998,1150.9511960317075,0.0,99.92504996875907,-0.05415512857532767,107081.64257058945,131.67125309018144,49.97501249375313,49.95003747500594,99.92504996875907
AAPL,2024-02-23T21:00:00+00:00,2024-02-23,AAPL,131.67125309018144,548.6302212090893,182.5200043,100135.99033419295,100267.66158728313,0.9986868023946528,182.18104129814998,135.99033419292726,0.0,99.92504996875907,-0.0636335119608804,107081.64257058945,131.67125309018144,49.97501249375313,49.95003747500594,99.92504996875907
AAPL,2024-02-26T21:00:00+00:00,2024-02-26,AAPL,131.67125309018144,548.6302212090893,181.1600037,99389.85290417045,99521.52415726063,0.9986769570280885,182.18104129814998,-610.1470958295704,0.0,99.92504996875907,-0.07060144233728116,107081.64257058945,131.67125309018144,49.97501249375313,49.95003747500594,99.92504996875907
AAPL,2024-02-27T21:00:00+00:00,2024-02-27,AAPL,131.67125309018144,548.6302212090893,182.6300049,100196.33998770406,100328.01124079425,0.9986875923138339,182.18104129814998,196.33998770404776,0.0,99.92504996875907,-0.0630699265314606,107081.64257058945,131.67125309018144,49.97501249375313,49.95003747500594,99.92504996875907
AAPL,2024-02-28T21:00:00+00:00,2024-02-28,AAPL,131.67125309018144,548.6302212090893,181.4199982,99532.49374421859,99664.16499730878,0.9986788505869312,182.18104129814998,-467.50625578142126,0.0,99.92504996875907,-0.0692693667674269,107081.64257058945,131.67125309018144,49.97501249375313,49.95003747500594,99.92504996875907
AAPL,2024-02-29T21:00:00+00:00,2024-02-29,AAPL,131.67125309018144,548.6302212090893,180.75,99164.9124835429,99296.58373663308,0.9986739598872866,182.18104129814998,-835.087516457118,0.0,99.92504996875907,-0.07270208643675191,107081.64257058945,131.67125309018144,49.97501249375313,49.95003747500594,99.92504996875907
AAPL,2024-03-01T21:00:00+00:00,2024-03-01,AAPL,131.67125309018144,548.6302212090893,179.6600037,98566.90757235681,98698.578825447,0.9986659255416124,182.18104129814998,-1433.0924276432045,0.0,99.92504996875907,-0.07828665627365816,107081.64257058945,131.67125309018144,49.97501249375313,49.95003747500594,99.92504996875907
AAPL,2024-03-04T21:00:00+00:00,2024-03-04,AAPL,131.67125309018144,548.6302212090893,175.1000061,96065.1550803559,96196.82633344608,0.9986312307993013,182.18104129814998,-3934.8449196441225,0.0,99.92504996875907,-0.10164969434390192,107081.64257058945,131.67125309018144,49.97501249375313,49.95003747500594,99.92504996875907
AAPL,2024-03-05T21:00:00+00:00,2024-03-05,AAPL,131.67125309018144,548.6302212090893,170.1199951,93332.97054380219,93464.64179689238,0.9985912185553942,182.18104129814998,-6667.029456197814,0.0,99.92504996875907,-0.12716466097090906,107081.64257058945,131.67125309018144,49.97501249375313,49.95003747500594,99.92504996875907
AAPL,2024-03-06T21:00:00+00:00,2024-03-06,AAPL,131.67125309018144,548.6302212090893,169.1199951,92784.34032259311,92916.0115756833,0.9985829002896563,182.18104129814998,-7215.659677406904,0.0,99.92504996875907,-0.13228813692849362,107081.64257058945,131.67125309018144,49.97501249375313,49.95003747500594,99.92504996875907
AAPL,2024-03-07T21:00:00+00:00,2024-03-07,AAPL,131.67125309018144,548.6302212090893,169.0,92718.50738433609,92850.17863742627,0.9985818955329708,182.18104129814998,-7281.492615663917,0.0,99.92504996875907,-0.13290292893837174,107081.64257058945,131.67125309018144,49.97501249375313,49.95003747500594,99.92504996875907
AAPL,2024-03-08T21:00:00+00:00,2024-03-08,AAPL,131.67125309018144,548.6302212090893,170.7299957,93667.63530791787,93799.30656100805,0.9985962449199499,182.18104129814998,-6332.364692082149,0.0,99.92504996875907,-0.12403933756269692,107081.64257058945,131.67125309018144,49.97501249375313,49.95003747500594,99.92504996875907
AAPL,2024-03-11T20:00:00+00:00,2024-03-11,AAPL,131.67125309018144,548.6302212090893,172.75,94775.87071387017,94907.54196696036,0.9986126365685878,182.18104129814998,-5224.129286129832,0.0,99.92504996875907,-0.11368989409742936,107081.64257058945,131.67125309018144,49.97501249375313,49.95003747500594,99.92504996875907
AAPL,2024-03-12T20:00:00+00:00,2024-03-12,AAPL,131.67125309018144,548.6302212090893,173.2299957,95039.21086094058,95170.88211403077,0.998616475436968,182.18104129814998,-4960.789139059426,0.0,99.92504996875907,-0.11123064766873525,107081.64257058945,131.67125309018144,49.97501249375313,49.95003747500594,99.92504996875907
AAPL,2024-03-13T20:00:00+00:00,2024-03-13,AAPL,131.67125309018144,548.6302212090893,171.1300049,93887.09244379953,94018.76369688971,0.9985995215432242,182.18104129814998,-6112.907556200479,0.0,99.92504996875907,-0.12198990004368426,107081.64257058945,131.67125309018144,49.97501249375313,49.95003747500594,99.92504996875907
AAPL,2024-03-14T20:00:00+00:00,2024-03-14,AAPL,131.67125309018144,548.6302212090893,173.0,94913.02826917246,95044.69952226264,0.9986146386515816,182.18104129814998,-5086.971730827559,0.0,99.92504996875907,-0.11240902510803308,107081.64257058945,131.67125309018144,49.97501249375313,49.95003747500594,99.92504996875907
AAPL,2024-03-15T20:00:00+00:00,2024-03-15,AAPL,131.67125309018144,548.6302212090893,172.6199951,94704.54609682492,94836.21734991511,0.99861159315745,182.18104129814998,-5295.453903175091,0.0,99.92504996875907,-0.1143559710769474,107081.64257058945,131.67125309018144,49.97501249375313,49.95003747500594,99.92504996875907
AAPL,2024-03-18T20:00:00+00:00,2024-03-18,AAPL,131.67125309018144,548.6302212090893,173.7200012,95308.04268679926,95439.71393988945,0.998620372508942,182.18104129814998,-4691.957313200743,0.0,99.92504996875907,-0.1087201162704009,107081.64257058945,131.67125309018144,49.97501249375313,49.95003747500594,99.92504996875907
AAPL,2024-03-19T20:00:00+00:00,2024-03-19,AAPL,131.67125309018144,548.6302212090893,176.0800018,96602.81033803085,96734.48159112103,0.9986388384893947,182.18104129814998,-3397.189661969172,0.0,99.92504996875907,-0.09662870993641559,107081.64257058945,131.67125309018144,49.97501249375313,49.95003747500594,99.92504996875907
AAPL,2024-03-20T20:00:00+00:00,2024-03-20,AAPL,131.67125309018144,548.6302212090893,178.6699982,98023.76063589359,98155.43188898377,0.998658543388214,182.18104129814998,-1976.239364106417,0.0,99.92504996875907,-0.08335892565078473,107081.64257058945,131.67125309018144,49.97501249375313,49.95003747500594,99.92504996875907
AAPL,2024-03-21T20:00:00+00:00,2024-03-21,AAPL,131.67125309018144,548.6302212090893,171.3699951,94018.75832031356,94150.42957340374,0.9986014800602951,182.18104129814998,-5981.241679686453,0.0,99.92504996875907,-0.12076031602392823,107081.64257058945,131.67125309018144,49.97501249375313,49.95003747500594,99.92504996875907
AAPL,2024-03-22T20:00:00+00:00,2024-03-22,AAPL,131.67125309018144,548.6302212090893,172.2799988,94518.01385154563,94649.68510463582,0.998608856934446,182.18104129814998,-5481.986148454376,0.0,99.92504996875907,-0.11609793394566525,107081.64257058945,131.67125309018144,49.97501249375313,49.95003747500594,99.92504996875907
AAPL,2024-03-25T20:00:00+00:00,2024-03-25,AAPL,131.67125309018144,548.6302212090893,170.8500061,93733.47664021725,93865.14789330744,0.9985972295783324,182.18104129814998,-6266.523359782752,0.0,99.92504996875907,-0.12342446716363686,107081.64257058945,131.67125309018144,49.97501249375313,49.95003747500594,99.92504996875907
AAPL,2024-03-26T20:00:00+00:00,2024-03-26,AAPL,131.67125309018144,548.6302212090893,169.7100067,93108.03851721704,93239.70977030722,0.9985878200027161,182.18104129814998,-6891.961482782977,0.0,99.92504996875907,-0.12926522668119766,107081.64257058945,131.67125309018144,49.97501249375313,49.95003747500594,99.92504996875907
AAPL,2024-03-27T20:00:00+00:00,2024-03-27,AAPL,131.67125309018144,548.6302212090893,173.3099976,95083.10232103473,95214.77357412492,0.998617113204731,182.18104129814998,-4916.897678965272,0.0,99.92504996875907,-0.11082075985752415,107081.64257058945,131.67125309018144,49.97501249375313,49.95003747500594,99.92504996875907
AAPL,2024-03-28T20:00:00+00:00,2024-03-28,AAPL,131.67125309018144,548.6302212090893,171.4799957,94079.10797382468,94210.77922691486,0.9986023759258689,182.18104129814998,-5920.892026175333,0.0,99.92504996875907,-0.12019673059450842,107081.64257058945,131.67125309018144,49.97501249375313,49.95003747500594,99.92504996875907
AAPL,2024-04-01T20:00:00+00:00,2024-04-01,AAPL,131.67125309018144,548.6302212090893,170.0299988,93283.59585382519,93415.26710691537,0.9985904739431994,182.18104129814998,-6716.4041461748275,0.0,99.92504996875907,-0.12762575485023075,107081.64257058945,131.67125309018144,49.97501249375313,49.95003747500594,99.92504996875907
AAPL,2024-04-02T20:00:00+00:00,2024-04-02,AAPL,131.67125309018144,548.6302212090893,168.8399963,92630.72451901082,92762.39577210101,0.9985805535530402,182.18104129814998,-7369.275480989192,0.0,99.92504996875907,-0.13372270404844633,107081.64257058945,131.67125309018144,49.97501249375313,49.95003747500594,99.92504996875907
AAPL,2024-04-03T20:00:00+00:00,2024-04-03,AAPL,131.67125309018144,548.6302212090893,169.6499939,93075.11368147765,93206.78493456784,0.9985873211571172,182.18104129814998,-6924.886318522359,0.0,99.92504996875907,-0.12957270081914507,107081.64257058945,131.67125309018144,49.97501249375313,49.95003747500594,99.92504996875907
AAPL,2024-04-04T20:00:00+00:00,2024-04-04,AAPL,131.67125309018144,548.6302212090893,168.8200073,92619.75794951906,92751.42920260924,0.998580385723194,182.18104129814998,-7380.242050480946,0.0,99.92504996875907,-0.13382511720936263,107081.64257058945,131.67125309018144,49.97501249375313,49.95003747500594,99.92504996875907
AAPL,2024-04-05T20:00:00+00:00,2024-04-05,AAPL,131.67125309018144,548.6302212090893,169.5800018,93036.71390017176,93168.38515326194,0.9985867389149915,182.18104129814998,-6963.286099828252,0.0,99.92504996875907,-0.12993130366071592,107081.64257058945,131.67125309018144,49.97501249375313,49.95003747500594,99.92504996875907
AAPL,2024-04-08T20:00:00+00:00,2024-04-08,AAPL,131.67125309018144,548.6302212090893,168.4499969,92416.75906191742,92548.4303150076,0.9985772718927591,182.18104129814998,-7583.2409380826,0.0,99.92504996875907,-0.13572085659781874,107081.64257058945,131.67125309018144,49.97501249375313,49.95003747500594,99.92504996875907
AAPL,2024-04-09T20:00:00+00:00,2024-04-09,AAPL,131.67125309018144,548.6302212090893,169.6699982,93086.0886450118,93217.75989810198,0.9985874874784149,182.18104129814998,-6913.91135498822,0.0,99.92504996875907,-0.12947020926904662,107081.64257058945,131.67125309018144,49.97501249375313,49.95003747500594,99.92504996875907
AAPL,2024-04-10T20:00:00+00:00,2024-04-10,AAPL,131.67125309018144,548.6302212090893,167.7799988,92049.17785610474,92180.84910919493,0.9985715986090103,182.18104129814998,-7950.822143895279,0.0,99.92504996875907,-0.13915357575479614,107081.64257058945,131.67125309018144,49.97501249375313,49.95003747500594,99.92504996875907
AAPL,2024-04-11T20:00:00+00:00,2024-04-11,AAPL,131.67125309018144,548.6302212090893,175.0399933,96032.23024461651,96163.9014977067,0.9986307621566984,182.18104129814998,-3967.7697553835046,0.0,99.92504996875907,-0.10195716848184933,107081.64257058945,131.67125309018144,49.97501249375313,49.95003747500594,99.92504996875907
AAPL,2024-04-12T20:00:00+00:00,2024-04-12,AAPL,131.67125309018144,548.6302212090893,176.5500031,96860.6672552184,96992.33850830859,0.9986424571763582,182.18104129814998,-3139.3327447816087,0.0,99.92504996875907,-0.09422066957583208,107081.64257058945,131.67125309018144,49.97501249375313,49.95003747500594,99.92504996875907
AAPL,2024-04-15T20:00:00+00:00,2024-04-15,AAPL,131.67125309018144,548.6302212090893,172.6900024,94742.95421731017,94874.62547040035,0.9986121552265704,182.18104129814998,-5257.045782689848,0.0,99.92504996875907,-0.113997290358542,107081.64257058945,131.67125309018144,49.97501249375313,49.95003747500594,99.92504996875907
AAPL,2024-04-16T20:00:00+00:00,2024-04-16,AAPL,131.67125309018144,548.6302212090893,169.3800049,92926.98955668362,93058.6608097738,0.9985850725559081,182.18104129814998,-7073.010443316385,0.0,99.92504996875907,-0.13095598296945743,107081.64257058945,131.67125309018144,49.97501249375313,49.95003747500594,99.92504996875907
AAPL,2024-04-17T20:00:00+00:00,2024-04-17,AAPL,131.67125309018144,548.6302212090893,168.0,92169.877163127,92301.54841621719,0.9985734664764622,182.18104129814998,-7830.122836873006,0.0,99.92504996875907,-0.1380264048959564,107081.64257058945,131.67125309018144,49.97501249375313,49.95003747500594,99.92504996875907
AAPL,2024-04-18T20:00:00+00:00,2024-04-18,AAPL,131.67125309018144,548.6302212090893,167.0399933,91643.18847494379,91774.85972803397,0.9985652797129805,182.18104129814998,-8356.811525056219,0.0,99.92504996875907,-0.14294497614252666,107081.64257058945,131.67125309018144,49.97501249375313,49.95003747500594,99.92504996875907
AAPL,2024-04-19T20:00:00+00:00,2024-04-19,AAPL,131.67125309018144,548.6302212090893,165.0,90523.98649949973,90655.65775258992,0.9985475671750181,182.18104129814998,-9476.013500500274,0.0,99.92504996875907,-0.1533968327687104,107081.64257058945,131.67125309018144,49.97501249375313,49.95003747500594,99.92504996875907
AAPL,2024-04-22T20:00:00+00:00,2024-04-22,AAPL,90850.16125247412,0.0,165.8399963,0.0,90850.16125247412,0.0,0.0,0.0,-9281.510000616085,190.71162422325193,-0.15158042899290936,107081.64257058945,131.67125309018144,95.35694846142893,95.35467576182302,190.71162422325193
AAPL,2024-04-23T20:00:00+00:00,2024-04-23,AAPL,90850.16125247412,0.0,166.8999939,0.0,90850.16125247412,0.0,0.0,0.0,-9281.510000616085,190.71162422325193,-0.15158042899290936,107081.64257058945,131.67125309018144,95.35694846142893,95.35467576182302,190.71162422325193
AAPL,2024-04-24T20:00:00+00:00,2024-04-24,AAPL,90850.16125247412,0.0,169.0200043,0.0,90850.16125247412,0.0,0.0,0.0,-9281.510000616085,190.71162422325193,-0.15158042899290936,107081.64257058945,131.67125309018144,95.35694846142893,95.35467576182302,190.71162422325193
AAPL,2024-04-25T20:00:00+00:00,2024-04-25,AAPL,90850.16125247412,0.0,169.8899994,0.0,90850.16125247412,0.0,0.0,0.0,-9281.510000616085,190.71162422325193,-0.15158042899290936,107081.64257058945,131.67125309018144,95.35694846142893,95.35467576182302,190.71162422325193
AAPL,2024-04-26T20:00:00+00:00,2024-04-26,AAPL,90850.16125247412,0.0,169.3000031,0.0,90850.16125247412,0.0,0.0,0.0,-9281.510000616085,190.71162422325193,-0.15158042899290936,107081.64257058945,131.67125309018144,95.35694846142893,95.35467576182302,190.71162422325193
AAPL,2024-04-29T20:00:00+00:00,2024-04-29,AAPL,1.4551915228366852e-11,523.5010771679134,173.5,90827.43688863298,90827.43688863299,0.9999999999999999,173.45668009755,-22.724363841130472,-9281.510000616085,281.49369325148336,-0.15179264430167383,107081.64257058945,131.67125309018144,140.7593278979477,140.73436535353568,281.49369325148336
AAPL,2024-04-30T20:00:00+00:00,2024-04-30,AAPL,1.4551915228366852e-11,523.5010771679134,170.3300018,89167.93941631263,89167.93941631264,0.9999999999999999,173.45668009755,-1682.2218361614819,-9281.510000616085,281.49369325148336,-0.16729014165493294,107081.64257058945,131.67125309018144,140.7593278979477,140.73436535353568,281.49369325148336
AAPL,2024-05-01T20:00:00+00:00,2024-05-01,AAPL,1.4551915228366852e-11,523.5010771679134,169.3000031,88628.73398738109,88628.7339873811,0.9999999999999999,173.45668009755,-2221.427265093029,-9281.510000616085,281.49369325148336,-0.1723256025984471,107081.64257058945,131.67125309018144,140.7593278979477,140.73436535353568,281.49369325148336
AAPL,2024-05-02T20:00:00+00:00,2024-05-02,AAPL,1.4551915228366852e-11,523.5010771679134,173.0299988,90581.39075416276,90581.39075416277,0.9999999999999999,173.45668009755,-268.7704983113491,-9281.510000616085,281.49369325148336,-0.15409038767358774,107081.64257058945,131.67125309018144,140.7593278979477,140.73436535353568,281.49369325148336
AAPL,2024-05-03T20:00:00+00:00,2024-05-03,AAPL,1.4551915228366852e-11,523.5010771679134,183.3800049,95999.63009620724,95999.63009620726,0.9999999999999999,173.45668009755,5149.468843733127,-9281.510000616085,281.49369325148336,-0.10349124470216087,107081.64257058945,131.67125309018144,140.7593278979477,140.73436535353568,281.49369325148336
AAPL,2024-05-06T20:00:00+00:00,2024-05-06,AAPL,1.4551915228366852e-11,523.5010771679134,181.7100067,95125.38423963876,95125.38423963878,0.9999999999999999,173.45668009755,4275.2229871646605,-9281.510000616085,281.49369325148336,-0.11165553725111166,107081.64257058945,131.67125309018144,140.7593278979477,140.73436535353568,281.49369325148336
AAPL,2024-05-07T20:00:00+00:00,2024-05-07,AAPL,1.4551915228366852e-11,523.5010771679134,182.3999939,95486.59328207084,95486.59328207085,0.9999999999999999,173.45668009755,4636.432029596728,-9281.510000616085,281.49369325148336,-0.10828232561781082,107081.64257058945,131.67125309018144,140.7593278979477,140.73436535353568,281.49369325148336
AAPL,2024-05-08T20:00:00+00:00,2024-05-08,AAPL,1.4551915228366852e-11,523.5010771679134,182.7400055,95664.58972092043,95664.58972092044,0.9999999999999999,173.45668009755,4814.428468446312,-9281.510000616085,281.49369325148336,-0.10662007581871713,107081.64257058945,131.67125309018144,140.7593278979477,140.73436535353568,281.49369325148336
AAPL,2024-05-09T20:00:00+00:00,2024-05-09,AAPL,1.4551915228366852e-11,523.5010771679134,184.5700073,96622.59763443963,96622.59763443965,0.9999999999999999,173.45668009755,5772.436381965527,-9281.510000616085,281.49369325148336,-0.09767355715761528,107081.64257058945,131.67125309018144,140.7593278979477,140.73436535353568,281.49369325148336
AAPL,2024-05-10T20:00:00+00:00,2024-05-10,AAPL,130.8752692919929,523.5010771679134,183.0500031,95826.87379843989,95957.74906773189,0.9986361156804583,173.45668009755,4976.712545965781,-9281.510000616085,281.49369325148336,-0.1038823577582364,107081.64257058945,262.54652238215976,140.7593278979477,140.73436535353568,281.49369325148336
AAPL,2024-05-13T20:00:00+00:00,2024-05-13,AAPL,130.8752692919929,523.5010771679134,186.2799988,97517.78002663761,97648.65529592961,0.9986597330101948,173.45668009755,6667.618774163504,-9281.510000616085,281.49369325148336,-0.08809154443481293,107081.64257058945,262.54652238215976,140.7593278979477,140.73436535353568,281.49369325148336
AAPL,2024-05-14T20:00:00+00:00,2024-05-14,AAPL,130.8752692919929,523.5010771679134,187.4299927,98119.80307202415,98250.67834131615,0.9986679453872335,173.45668009755,7269.641819550047,-9281.510000616085,281.49369325148336,-0.08246945057320942,107081.64257058945,262.54652238215976,140.7593278979477,140.73436535353568,281.49369325148336
AAPL,2024-05-15T20:00:00+00:00,2024-05-15,AAPL,130.8752692919929,523.5010771679134,189.7200012,99318.62498849783,99449.50025778983,0.998684002745587,173.45668009755,8468.463736023725,-9281.510000616085,281.49369325148336,-0.0712740496838048,107081.64257058945,262.54652238215976,140.7593278979477,140.73436535353568,281.49369325148336
AAPL,2024-05-16T20:00:00+00:00,2024-05-16,AAPL,130.8752692919929,523.5010771679134,189.8399963,99381.44255260269,99512.31782189469,0.9986848334743219,173.45668009755,8531.281300128587,-9281.510000616085,281.49369325148336,-0.07068741725459604,107081.64257058945,262.54652238215976,140.7593278979477,140.73436535353568,281.49369325148336
AAPL,2024-05-17T20:00:00+00:00,2024-05-17,AAPL,130.8752692919929,523.5010771679134,189.8699951,99397.14695671645,99528.02222600844,0.9986850409928291,173.45668009755,8546.985704242341,-9281.510000616085,281.49369325148336,-0.07054075902507362,107081.64257058945,262.54652238215976,140.7593278979477,140.73436535353568,281.49369325148336
AAPL,2024-05-20T20:00:00+00:00,2024-05-20,AAPL,130.8752692919929,523.5010771679134,191.0399933,100009.64227470096,100140.51754399296,0.9986930837536914,173.45668009755,9159.48102222685,-9281.510000616085,281.49369325148336,-0.06482086807755894,107081.64257058945,262.54652238215976,140.7593278979477,140.73436535353568,281.49369325148336
AAPL,2024-05-21T20:00:00+00:00,2024-05-21,AAPL,130.8752692919929,523.5010771679134,192.3500061,100695.43538660472,100826.31065589671,0.9987019730421491,173.45668009755,9845.27413413061,-9281.510000616085,281.49369325148336,-0.058416473305115346,107081.64257058945,262.54652238215976,140.7593278979477,140.73436535353568,281.49369325148336
AAPL,2024-05-22T20:00:00+00:00,2024-05-22,AAPL,130.8752692919929,523.5010771679134,190.8999939,99936.3524379981,100067.22770729009,0.9986921265604077,173.45668009755,9086.191185523992,-9281.510000616085,281.49369325148336,-0.06550529759267909,107081.64257058945,262.54652238215976,140.7593278979477,140.73436535353568,281.49369325148336
AAPL,2024-05-23T20:00:00+00:00,2024-05-23,AAPL,130.8752692919929,523.5010771679134,186.8800049,97831.88386629493,97962.75913558692,0.9986640303882126,173.45668009755,6981.722613820823,-9281.510000616085,281.49369325148336,-0.08515823269139022,107081.64257058945,262.54652238215976,140.7593278979477,140.73436535353568,281.49369325148336
AAPL,2024-05-24T20:00:00+00:00,2024-05-24,AAPL,130.8752692919929,523.5010771679134,189.9799957,99454.73238930556,99585.60765859755,0.9986858013686007,173.45668009755,8604.571136831446,-9281.510000616085,281.49369325148336,-0.07000298773947577,107081.64257058945,262.54652238215976,140.7593278979477,140.73436535353568,281.49369325148336
AAPL,2024-05-28T20:00:00+00:00,2024-05-28,AAPL,130.8752692919929,523.5010771679134,189.9900055,99459.9725303878,99590.84779967979,0.9986858705173869,173.45668009755,8609.811277913685,-9281.510000616085,281.49369325148336,-0.06995405179717562,107081.64257058945,262.54652238215976,140.7593278979477,140.73436535353568,281.49369325148336
AAPL,2024-05-29T20:00:00+00:00,2024-05-29,AAPL,130.8752692919929,523.5010771679134,190.2899933,99617.01646682502,99747.89173611702,0.9986879394941176,173.45668009755,8766.855214350915,-9281.510000616085,281.49369325148336,-0.06848747047971304,107081.64257058945,262.54652238215976,140.7593278979477,140.73436535353568,281.49369325148336
AAPL,2024-05-30T20:00:00+00:00,2024-05-30,AAPL,130.8752692919929,523.5010771679134,191.2899933,100140.51754399294,100271.39281328494,0.9986947895544276,173.45668009755,9290.356291518829,-9281.510000616085,281.49369325148336,-0.06359866727684083,107081.64257058945,262.54652238215976,140.7593278979477,140.73436535353568,281.49369325148336
AAPL,2024-05-31T20:00:00+00:00,2024-05-31,AAPL,130.8752692919929,523.5010771679134,192.25,100643.08208553135,100773.95735482335,0.9987012987012985,173.45668009755,9792.920833057247,-9281.510000616085,281.49369325148336,-0.058905383447102166,107081.64257058945,262.54652238215976,140.7593278979477,140.73436535353568,281.49369325148336
AAPL,2024-06-03T20:00:00+00:00,2024-06-03,AAPL,130.8752692919929,523.5010771679134,194.0299988,101574.91337468894,101705.78864398094,0.9987131974390354,173.45668009755,10724.752122214833,-9281.510000616085,281.49369325148336,-0.05020331961255342,107081.64257058945,262.54652238215976,140.7593278979477,140.73436535353568,281.49369325148336
AAPL,2024-06-04T20:00:00+00:00,2024-06-04,AAPL,130.8752692919929,523.5010771679134,194.3500061,101742.43754094055,101873.31281023254,0.998715313503785,173.45668009755,10892.276288466437,-9281.510000616085,281.49369325148336,-0.048638866899370914,107081.64257058945,262.54652238215976,140.7593278979477,140.73436535353568,281.49369325148336
AAPL,2024-06-05T20:00:00+00:00,2024-06-05,AAPL,130.8752692919929,523.5010771679134,195.8699951,102538.15341972392,102669.02868901592,0.9987252702108597,173.45668009755,11687.99216724982,-9281.510000616085,281.49369325148336,-0.04120793980784043,107081.64257058945,262.54652238215976,140.7593278979477,140.73436535353568,281.49369325148336
AAPL,2024-06-06T20:00:00+00:00,2024-06-06,AAPL,130.8752692919929,523.5010771679134,194.4799957,101810.48723656117,101941.36250585316,0.9987161710803651,173.45668009755,10960.325984087056,-9281.510000616085,281.49369325148336,-0.04800337332655091,107081.64257058945,262.54652238215976,140.7593278979477,140.73436535353568,281.49369325148336
AAPL,2024-06-07T20:00:00+00:00,2024-06-07,AAPL,130.8752692919929,523.5010771679134,196.8899994,103072.12676948983,103203.00203878182,0.998731865675353,173.45668009755,12221.965517015715,-9281.510000616085,281.49369325148336,-0.03622133951905704,107081.64257058945,262.54652238215976,140.7593278979477,140.73436535353568,281.49369325148336
AAPL,2024-06-10T20:00:00+00:00,2024-06-10,AAPL,130.8752692919929,523.5010771679134,193.1199951,101098.52545751217,101229.40072680416,0.9987071417162174,173.45668009755,10248.364205038059,-9281.510000616085,281.49369325148336,-0.05465214861573897,107081.64257058945,262.54652238215976,140.7593278979477,140.73436535353568,281.49369325148336
AAPL,2024-06-11T20:00:00+00:00,2024-06-11,AAPL,130.8752692919929,523.5010771679134,207.1499939,108443.24494197669,108574.12021126869,0.9987945997716828,173.45668009755,17593.083689502582,-9281.510000616085,281.49369325148336,0.0,108574.12021126869,262.54652238215976,140.7593278979477,140.73436535353568,281.49369325148336
AAPL,2024-06-12T20:00:00+00:00,2024-06-12,AAPL,130.8752692919929,523.5010771679134,213.0700073,111542.37833372517,111673.25360301716,0.9988280517933396,173.45668009755,20692.21708125106,-9281.510000616085,281.49369325148336,0.0,111673.25360301716,262.54652238215976,140.7593278979477,140.73436535353568,281.49369325148336
AAPL,2024-06-13T20:00:00+00:00,2024-06-13,AAPL,130.8752692919929,523.5010771679134,214.2400055,112154.8736517097,112285.7489210017,0.9988344445261342,173.45668009755,21304.712399235585,-9281.510000616085,281.49369325148336,0.0,112285.7489210017,262.54652238215976,140.7593278979477,140.73436535353568,281.49369325148336
AAPL,2024-06-14T20:00:00+00:00,2024-06-14,AAPL,130.8752692919929,523.5010771679134,212.4900055,111238.74676666585,111369.62203595784,0.9988248566628902,173.45668009755,20388.585514191735,-9281.510000616085,281.49369325148336,-0.008158888317059576,112285.7489210017,262.54652238215976,140.7593278979477,140.73436535353568,281.49369325148336
AAPL,2024-06-17T20:00:00+00:00,2024-06-17,AAPL,130.8752692919929,523.5010771679134,216.6699982,113426.97744766987,113557.85271696186,0.9988475013734348,173.45668009755,22576.816195195755,-9281.510000616085,281.49369325148336,0.0,113557.85271696186,262.54652238215976,140.7593278979477,140.73436535353568,281.49369325148336
AAPL,2024-06-18T20:00:00+00:00,2024-06-18,AAPL,130.8752692919929,523.5010771679134,214.2899933,112181.04231885495,112311.91758814694,0.9988347161004594,173.45668009755,21330.881066380836,-9281.510000616085,281.49369325148336,-0.010971809513872666,113557.85271696186,262.54652238215976,140.7593278979477,140.73436535353568,281.49369325148336
AAPL,2024-06-20T20:00:00+00:00,2024-06-20,AAPL,130.8752692919929,523.5010771679134,209.6799927,109767.70203901023,109898.57730830222,0.9988091268103968,173.45668009755,18917.54078653612,-9281.510000616085,281.49369325148336,-0.032223886953729464,113557.85271696186,262.54652238215976,140.7593278979477,140.73436535353568,281.49369325148336
AAPL,2024-06-21T20:00:00+00:00,2024-06-21,AAPL,130.8752692919929,523.5010771679134,207.4900055,108621.24138082628,108752.11665011827,0.9987965726707366,173.45668009755,17771.08012835217,-9281.510000616085,281.49369325148336,-0.04231971591450989,113557.85271696186,262.54652238215976,140.7593278979477,140.73436535353568,281.49369325148336
AAPL,2024-06-24T20:00:00+00:00,2024-06-24,AAPL,130.8752692919929,523.5010771679134,208.1399994,108961.51388762885,109092.38915692085,0.998800326307789,173.45668009755,18111.35263515474,-9281.510000616085,281.49369325148336,-0.03932324760640715,113557.85271696186,262.54652238215976,140.7593278979477,140.73436535353568,281.49369325148336
AAPL,2024-06-25T20:00:00+00:00,2024-06-25,AAPL,130.8752692919929,523.5010771679134,209.0700073,109448.37402505352,109579.24929434551,0.9988056564528888,173.45668009755,18598.212772579405,-9281.510000616085,281.49369325148336,-0.0350359162966285,113557.85271696186,262.54652238215976,140.7593278979477,140.73436535353568,281.49369325148336
AAPL,2024-06-26T20:00:00+00:00,2024-06-26,AAPL,130.8752692919929,523.5010771679134,213.25,111636.60470605754,111767.47997534953,0.9988290398126463,173.45668009755,20786.443453583426,-9281.510000616085,281.49369325148336,-0.015766172913420196,113557.85271696186,262.54652238215976,140.7593278979477,140.73436535353568,281.49369325148336
AAPL,2024-06-27T20:00:00+00:00,2024-06-27,AAPL,130.8752692919929,523.5010771679134,214.1000061,112081.58381500683,112212.45908429883,0.9988336832615559,173.45668009755,21231.422562532724,-9281.510000616085,281.49369325148336,-0.011847649462132459,113557.85271696186,262.54652238215976,140.7593278979477,140.73436535353568,281.49369325148336
AAPL,2024-06-28T20:00:00+00:00,2024-06-28,AAPL,130.8752692919929,523.5010771679134,210.6199951,110259.79430795065,110390.66957724265,0.9988144354066045,173.45668009755,19409.63305547654,-9281.510000616085,281.49369325148336,-0.02789048105385794,113557.85271696186,262.54652238215976,140.7593278979477,140.73436535353568,281.49369325148336
AAPL,2024-07-01T20:00:00+00:00,2024-07-01,AAPL,130.8752692919929,523.5010771679134,216.75,113468.85847614524,113599.73374543723,0.9988479262672809,173.45668009755,22618.697223671123,-9281.510000616085,281.49369325148336,0.0,113599.73374543723,262.54652238215976,140.7593278979477,140.73436535353568,281.49369325148336
AAPL,2024-07-02T20:00:00+00:00,2024-07-02,AAPL,130.8752692919929,523.5010771679134,220.2700043,115311.58451883093,115442.45978812293,0.998866316002516,173.45668009755,24461.423266356815,-9281.510000616085,281.49369325148336,0.0,115442.45978812293,262.54652238215976,140.7593278979477,140.73436535353568,281.49369325148336
AAPL,2024-07-03T17:00:00+00:00,2024-07-03,AAPL,130.8752692919929,523.5010771679134,221.5500031,115981.66526940456,116112.54053869656,0.9988728584467723,173.45668009755,25131.504016930445,-9281.510000616085,281.49369325148336,0.0,116112.54053869656,262.54652238215976,140.7593278979477,140.73436535353568,281.49369325148336
AAPL,2024-07-05T20:00:00+00:00,2024-07-05,AAPL,130.8752692919929,523.5010771679134,226.3399963,118489.23186923153,118620.10713852353,0.9988966856256574,173.45668009755,27639.070616757424,-9281.510000616085,281.49369325148336,0.0,118620.10713852353,262.54652238215976,140.7593278979477,140.73436535353568,281.49369325148336
AMZN,2024-01-05T21:00:00+00:00,2024-01-05,AMZN,100000.0,0.0,145.2400055,0.0,100000.0,0.0,0.0,0.0,0.0,0.0,0.0,100000.0,0.0,0.0,0.0,0.0
AMZN,2024-01-08T21:00:00+00:00,2024-01-08,AMZN,0.0,680.796450903985,149.1000061,101506.75498264252,101506.75498264252,1.0,146.81337550274998,1506.754982642523,0.0,99.92504996875661,0.0,101506.75498264252,0.0,49.97501249375312,49.95003747500349,99.92504996875661
AMZN,2024-01-09T21:00:00+00:00,2024-01-09,AMZN,0.0,680.796450903985,151.3699951,103052.15543743361,103052.15543743361,1.0,146.81337550274998,3052.1554374336156,0.0,99.92504996875661,0.0,103052.15543743361,0.0,49.97501249375312,49.95003747500349,99.92504996875661
AMZN,2024-01-10T21:00:00+00:00,2024-01-10,AMZN,0.0,680.796450903985,153.7299957,104658.83547004487,104658.83547004487,1.0,146.81337550274998,4658.835470044876,0.0,99.92504996875661,0.0,104658.83547004487,0.0,49.97501249375312,49.95003747500349,99.92504996875661
AMZN,2024-01-11T21:00:00+00:00,2024-01-11,AMZN,0.0,680.796450903985,155.1799927,105645.98828146631,105645.98828146631,1.0,146.81337550274998,5645.988281466319,0.0,99.92504996875661,0.0,105645.98828146631,0.0,49.97501249375312,49.95003747500349,99.92504996875661
AMZN,2024-01-12T21:00:00+00:00,2024-01-12,AMZN,0.0,680.796450903985,154.6199951,105264.74390287156,105264.74390287156,1.0,146.81337550274998,5264.743902871567,0.0,99.92504996875661,-0.0036086971667965706,105645.98828146631,0.0,49.97501249375312,49.95003747500349,99.92504996875661
AMZN,2024-01-16T21:00:00+00:00,2024-01-16,AMZN,0.0,680.796450903985,153.1600037,104270.78693940122,104270.78693940122,1.0,146.81337550274998,4270.786939401222,0.0,99.92504996875661,-0.013017071111126599,105645.98828146631,0.0,49.97501249375312,49.95003747500349,99.92504996875661
AMZN,2024-01-17T21:00:00+00:00,2024-01-17,AMZN,0.0,680.796450903985,151.7100067,103283.63412797979,103283.63412797979,1.0,146.81337550274998,3283.634127979799,0.0,99.92504996875661,-0.022361039845570252,105645.98828146631,0.0,49.97501249375312,49.95003747500349,99.92504996875661
AMZN,2024-01-18T21:00:00+00:00,2024-01-18,AMZN,0.0,680.796450903985,153.5,104502.2552137617,104502.2552137617,1.0,146.81337550274998,4502.255213761706,0.0,99.92504996875661,-0.010826090855976744,105645.98828146631,0.0,49.97501249375312,49.95003747500349,99.92504996875661
AMZN,2024-01-19T21:00:00+00:00,2024-01-19,AMZN,0.0,680.796450903985,155.3399963,105754.91816447816,105754.91816447816,1.0,146.81337550274998,5754.9181644781675,0.0,99.92504996875661,0.0,105754.91816447816,0.0,49.97501249375312,49.95003747500349,99.92504996875661
AMZN,2024-01-22T21:00:00+00:00,2024-01-22,AMZN,0.0,680.796450903985,154.7799988,105373.67385396306,105373.67385396306,1.0,146.81337550274998,5373.673853963057,0.0,99.92504996875661,-0.0036049794858917794,105754.91816447816,0.0,49.97501249375312,49.95003747500349,99.92504996875661
AMZN,2024-01-23T21:00:00+00:00,2024-01-23,AMZN,0.0,680.796450903985,156.0200043,106217.86519746449,106217.86519746449,1.0,146.81337550274998,6217.8651974644945,0.0,99.92504996875661,0.0,106217.86519746449,0.0,49.97501249375312,49.95003747500349,99.92504996875661
AMZN,2024-01-24T21:00:00+00:00,2024-01-24,AMZN,0.0,680.796450903985,156.8699951,106796.53591740553,106796.53591740553,1.0,146.81337550274998,6796.535917405534,0.0,99.92504996875661,0.0,106796.53591740553,0.0,49.97501249375312,49.95003747500349,99.92504996875661
AMZN,2024-01-25T21:00:00+00:00,2024-01-25,AMZN,0.0,680.796450903985,157.75,107395.64013010364,107395.64013010364,1.0,146.81337550274998,7395.640130103642,0.0,99.92504996875661,0.0,107395.64013010364,0.0,49.97501249375312,49.95003747500349,99.92504996875661
AMZN,2024-01-26T21:00:00+00:00,2024-01-26,AMZN,0.0,680.796450903985,159.1199951,108328.3279319395,108328.3279319395,1.0,146.81337550274998,8328.3279319395,0.0,99.92504996875661,0.0,108328.3279319395,0.0,49.97501249375312,49.95003747500349,99.92504996875661
AMZN,2024-01-29T21:00:00+00:00,2024-01-29,AMZN,0.0,680.796450903985,161.2599945,109785.23192839616,109785.23192839616,1.0,146.81337550274998,9785.231928396153,0.0,99.92504996875661,0.0,109785.23192839616,0.0,49.97501249375312,49.95003747500349,99.92504996875661
AMZN,2024-01-30T21:00:00+00:00,2024-01-30,AMZN,0.0,680.796450903985,159.0,108246.63569373362,108246.63569373362,1.0,146.81337550274998,8246.635693733624,0.0,99.92504996875661,-0.014014601122909087,109785.23192839616,0.0,49.97501249375312,49.95003747500349,99.92504996875661
AMZN,2024-01-31T21:00:00+00:00,2024-01-31,AMZN,0.0,680.796450903985,155.1999969,105659.60706982948,105659.60706982948,1.0,146.81337550274998,5659.607069829484,0.0,99.92504996875661,-0.03757905126308314,109785.23192839616,0.0,49.97501249375312,49.95003747500349,99.92504996875661
AMZN,2024-02-01T21:00:00+00:00,2024-02-01,AMZN,0.0,680.796450903985,159.2799988,108437.25788303098,108437.25788303098,1.0,146.81337550274998,8437.25788303099,0.0,99.92504996875661,-0.012278282075719904,109785.23192839616,0.0,49.97501249375312,49.95003747500349,99.92504996875661
AMZN,2024-02-02T21:00:00+00:00,2024-02-02,AMZN,0.0,680.796450903985,171.8099976,116967.6365959022,116967.6365959022,1.0,146.81337550274998,16967.636595902193,0.0,99.92504996875661,0.0,116967.6365959022,0.0,49.97501249375312,49.95003747500349,99.92504996875661
AMZN,2024-02-05T21:00:00+00:00,2024-02-05,AMZN,115755.71124744434,0.0,170.3099976,0.0,115755.71124744434,0.0,0.0,0.0,15755.711247444344,215.76763591367154,-0.010361202326800822,116967.6365959022,0.0,107.88182152198941,107.88581439168212,215.76763591367154
AMZN,2024-02-06T21:00:00+00:00,2024-02-06,AMZN,115755.71124744434,0.0,169.1499939,0.0,115755.71124744434,0.0,0.0,0.0,15755.711247444344,215.76763591367154,-0.010361202326800822,116967.6365959022,0.0,107.88182152198941,107.88581439168212,215.76763591367154
AMZN,2024-02-07T21:00:00+00:00,2024-02-07,AMZN,115755.71124744434,0.0,170.5299988,0.0,115755.71124744434,0.0,0.0,0.0,15755.711247444344,215.76763591367154,-0.010361202326800822,116967.6365959022,0.0,107.88182152198941,107.88581439168212,215.76763591367154
AMZN,2024-02-08T21:00:00+00:00,2024-02-08,AMZN,115755.71124744434,0.0,169.8399963,0.0,115755.71124744434,0.0,0.0,0.0,15755.711247444344,215.76763591367154,-0.010361202326800822,116967.6365959022,0.0,107.88182152198941,107.88581439168212,215.76763591367154
AMZN,2024-02-09T21:00:00+00:00,2024-02-09,AMZN,115755.71124744434,0.0,174.4499969,0.0,115755.71124744434,0.0,0.0,0.0,15755.711247444344,215.76763591367154,-0.010361202326800822,116967.6365959022,0.0,107.88182152198941,107.88581439168212,215.76763591367154
AMZN,2024-02-12T21:00:00+00:00,2024-02-12,AMZN,0.0,661.5562943038566,172.3399963,114012.60931256835,114012.60931256835,1.0,174.88740310154998,-1743.1019348759894,15755.711247444344,331.43658821937095,-0.025263631627804983,116967.6365959022,0.0,165.73075268013253,165.7058355392384,331.43658821937095
AMZN,2024-02-13T21:00:00+00:00,2024-02-13,AMZN,0.0,661.5562943038566,168.6399994,111564.8530744686,111564.8530744686,1.0,174.88740310154998,-4190.858172975748,15755.711247444344,331.43658821937095,-0.046190413679119136,116967.6365959022,0.0,165.73075268013253,165.7058355392384,331.43658821937095
AMZN,2024-02-14T21:00:00+00:00,2024-02-14,AMZN,0.0,661.5562943038566,170.9799957,113112.89235538132,113112.89235538132,1.0,174.88740310154998,-2642.818892063015,15755.711247444344,331.43658821937095,-0.03295564784161775,116967.6365959022,0.0,165.73075268013253,165.7058355392384,331.43658821937095
AMZN,2024-02-15T21:00:00+00:00,2024-02-15,AMZN,0.0,661.5562943038566,169.8000031,112332.26082361936,112332.26082361936,1.0,174.88740310154998,-3423.450423824982,15755.711247444344,331.43658821937095,-0.039629558287965105,116967.6365959022,0.0,165.73075268013253,165.7058355392384,331.43658821937095
AMZN,2024-02-16T21:00:00+00:00,2024-02-16,AMZN,0.0,661.5562943038566,169.5099945,112140.40380888712,112140.40380888712,1.0,174.88740310154998,-3615.307438557227,15755.711247444344,331.43658821937095,-0.041269815544722976,116967.6365959022,0.0,165.73075268013253,165.7058355392384,331.43658821937095
AMZN,2024-02-20T21:00:00+00:00,2024-02-20,AMZN,0.0,661.5562943038566,167.0800018,110532.82684308969,110532.82684308969,1.0,174.88740310154998,-5222.88440435466,15755.711247444344,331.43658821937095,-0.05501359128117955,116967.6365959022,0.0,165.73075268013253,165.7058355392384,331.43658821937095
AMZN,2024-02-21T21:00:00+00:00,2024-02-21,AMZN,0.0,661.5562943038566,168.5899963,111531.77320892889,111531.77320892889,1.0,174.88740310154998,-4223.938038515452,15755.711247444344,331.43658821937095,-0.04647322580136448,116967.6365959022,0.0,165.73075268013253,165.7058355392384,331.43658821937095
AMZN,2024-02-22T21:00:00+00:00,2024-02-22,AMZN,0.0,661.5562943038566,174.5800018,115494.49905036861,115494.49905036861,1.0,174.88740310154998,-261.21219707573505,15755.711247444344,331.43658821937095,-0.012594402934060778,116967.6365959022,0.0,165.73075268013253,165.7058355392384,331.43658821937095
AMZN,2024-02-23T21:00:00+00:00,2024-02-23,AMZN,0.0,661.5562943038566,174.9900055,115765.73957879149,115765.73957879149,1.0,174.88740310154998,10.02833134713795,15755.711247444344,331.43658821937095,-0.01027546637761867,116967.6365959022,0.0,165.73075268013253,165.7058355392384,331.43658821937095
AMZN,2024-02-26T21:00:00+00:00,2024-02-26,AMZN,0.0,661.5562943038566,174.7299957,115593.72845902079,115593.72845902079,1.0,174.88740310154998,-161.9827884235529,15755.711247444344,331.43658821937095,-0.011746053668058254,116967.6365959022,0.0,165.73075268013253,165.7058355392384,331.43658821937095
AMZN,2024-02-27T21:00:00+00:00,2024-02-27,AMZN,0.0,661.5562943038566,173.5399933,114806.47488106409,114806.47488106409,1.0,174.88740310154998,-949.2363663802469,15755.711247444344,331.43658821937095,-0.01847657845994144,116967.6365959022,0.0,165.73075268013253,165.7058355392384,331.43658821937095
AMZN,2024-02-28T21:00:00+00:00,2024-02-28,AMZN,0.0,661.5562943038566,173.1600037,114555.0903694141,114555.0903694141,1.0,174.88740310154998,-1200.6208780302434,15755.711247444344,331.43658821937095,-0.020625758514920767,116967.6365959022,0.0,165.73075268013253,165.7058355392384,331.43658821937095
AMZN,2024-02-29T21:00:00+00:00,2024-02-29,AMZN,0.0,661.5562943038566,176.7599945,116936.68694259008,116936.68694259008,1.0,174.88740310154998,1180.975695145733,15755.711247444344,331.43658821937095,-0.00026460014250806463,116967.6365959022,0.0,165.73075268013253,165.7058355392384,331.43658821937095
AMZN,2024-03-01T21:00:00+00:00,2024-03-01,AMZN,0.0,661.5562943038566,178.2200012,117902.56356470089,117902.56356470089,1.0,174.88740310154998,2146.852317256541,15755.711247444344,331.43658821937095,0.0,117902.56356470089,0.0,165.73075268013253,165.7058355392384,331.43658821937095
AMZN,2024-03-04T21:00:00+00:00,2024-03-04,AMZN,0.0,661.5562943038566,177.5800018,117479.16793328017,117479.16793328017,1.0,174.88740310154998,1723.4566858358346,15755.711247444344,331.43658821937095,-0.0035910638294847086,117902.56356470089,0.0,165.73075268013253,165.7058355392384,331.43658821937095
AMZN,2024-03-05T21:00:00+00:00,2024-03-05,AMZN,0.0,661.5562943038566,174.1199951,115190.17872256167,115190.17872256167,1.0,174.88740310154998,-565.5325248826675,15755.711247444344,331.43658821937095,-0.023005308452438866,117902.56356470089,0.0,165.73075268013253,165.7058355392384,331.43658821937095
AMZN,2024-03-06T21:00:00+00:00,2024-03-06,AMZN,0.0,661.5562943038566,173.5099945,114786.62898610254,114786.62898610254,1.0,174.88740310154998,-969.0822613418009,15755.711247444344,331.43658821937095,-0.026428047740356564,117902.56356470089,0.0,165.73075268013253,165.7058355392384,331.43658821937095
AMZN,2024-03-07T21:00:00+00:00,2024-03-07,AMZN,0.0,661.5562943038566,176.8200073,116976.38878816886,116976.38878816886,1.0,174.88740310154998,1220.677540724519,15755.711247444344,331.43658821937095,-0.007855425264131632,117902.56356470089,0.0,165.73075268013253,165.7058355392384,331.43658821937095
AMZN,2024-03-08T21:00:00+00:00,2024-03-08,AMZN,0.0,661.5562943038566,175.3500061,116003.90024167465,116003.90024167465,1.0,174.88740310154998,248.18899423030717,15755.711247444344,331.43658821937095,-0.016103664463447576,117902.56356470089,0.0,165.73075268013253,165.7058355392384,331.43658821937095
AMZN,2024-03-11T20:00:00+00:00,2024-03-11,AMZN,0.0,661.5562943038566,171.9600067,113761.22480091835,113761.22480091835,1.0,174.88740310154998,-1994.486446525986,15755.711247444344,331.43658821937095,-0.03512509515121709,117902.56356470089,0.0,165.73075268013253,165.7058355392384,331.43658821937095
AMZN,2024-03-12T20:00:00+00:00,2024-03-12,AMZN,0.0,661.5562943038566,175.3899994,116030.35806101962,116030.35806101962,1.0,174.88740310154998,274.6468135752842,15755.711247444344,331.43658821937095,-0.015879260357675506,117902.56356470089,0.0,165.73075268013253,165.7058355392384,331.43658821937095
AMZN,2024-03-13T20:00:00+00:00,2024-03-13,AMZN,0.0,661.5562943038566,176.5599976,116804.37773455381,116804.37773455381,1.0,174.88740310154998,1048.6664871094727,15755.711247444344,331.43658821937095,-0.009314350739663357,117902.56356470089,0.0,165.73075268013253,165.7058355392384,331.43658821937095
AMZN,2024-03-14T20:00:00+00:00,2024-03-14,AMZN,0.0,661.5562943038566,178.75,118253.18760681436,118253.18760681436,1.0,174.88740310154998,2497.4763593700236,15755.711247444344,331.43658821937095,0.0,118253.18760681436,0.0,165.73075268013253,165.7058355392384,331.43658821937095
AMZN,2024-03-15T20:00:00+00:00,2024-03-15,AMZN,0.0,661.5562943038566,174.4199982,115388.64766167734,115388.64766167734,1.0,174.88740310154998,-367.06358576699955,15755.711247444344,331.43658821937095,-0.02422378629370625,118253.18760681436,0.0,165.73075268013253,165.7058355392384,331.43658821937095
AMZN,2024-03-18T20:00:00+00:00,2024-03-18,AMZN,0.0,661.5562943038566,174.4799957,115428.33938544482,115428.33938544482,1.0,174.88740310154998,-327.371861999517,15755.711247444344,331.43658821937095,-0.023888135944056033,118253.18760681436,0.0,165.73075268013253,165.7058355392384,331.43658821937095
AMZN,2024-03-19T20:00:00+00:00,2024-03-19,AMZN,0.0,661.5562943038566,175.8999939,116367.74813255497,116367.74813255497,1.0,174.88740310154998,612.0368851106357,15755.711247444344,331.43658821937095,-0.015944090069930028,118253.18760681436,0.0,165.73075268013253,165.7058355392384,331.43658821937095
AMZN,2024-03-20T20:00:00+00:00,2024-03-20,AMZN,0.0,661.5562943038566,178.1499939,117856.24979473866,117856.24979473866,1.0,174.88740310154998,2100.538547294313,15755.711247444344,331.43658821937095,-0.003356677482517445,118253.18760681436,0.0,165.73075268013253,165.7058355392384,331.43658821937095
AMZN,2024-03-21T20:00:00+00:00,2024-03-21,AMZN,0.0,661.5562943038566,178.1499939,117856.24979473866,117856.24979473866,1.0,174.88740310154998,2100.538547294313,15755.711247444344,331.43658821937095,-0.003356677482517445,118253.18760681436,0.0,165.73075268013253,165.7058355392384,331.43658821937095
AMZN,2024-03-22T20:00:00+00:00,2024-03-22,AMZN,0.0,661.5562943038566,178.8699951,118332.57112050499,118332.57112050499,1.0,174.88740310154998,2576.8598730606514,15755.711247444344,331.43658821937095,0.0,118332.57112050499,0.0,165.73075268013253,165.7058355392384,331.43658821937095
AMZN,2024-03-25T20:00:00+00:00,2024-03-25,AMZN,0.0,661.5562943038566,179.7100067,118888.28608177324,118888.28608177324,1.0,174.88740310154998,3132.574834328903,15755.711247444344,331.43658821937095,0.0,118888.28608177324,0.0,165.73075268013253,165.7058355392384,331.43658821937095
AMZN,2024-03-26T20:00:00+00:00,2024-03-26,AMZN,0.0,661.5562943038566,178.3000031,117955.48932520214,117955.48932520214,1.0,174.88740310154998,2199.7780777577987,15755.711247444344,331.43658821937095,-0.007845993809091567,118888.28608177324,0.0,165.73075268013253,165.7058355392384,331.43658821937095
AMZN,2024-03-27T20:00:00+00:00,2024-03-27,AMZN,0.0,661.5562943038566,179.8300018,118967.66959546386,118967.66959546386,1.0,174.88740310154998,3211.9583480195124,15755.711247444344,331.43658821937095,0.0,118967.66959546386,0.0,165.73075268013253,165.7058355392384,331.43658821937095
AMZN,2024-03-28T20:00:00+00:00,2024-03-28,AMZN,0.0,661.5562943038566,180.3800049,119331.52760815549,119331.52760815549,1.0,174.88740310154998,3575.816360711144,15755.711247444344,331.43658821937095,0.0,119331.52760815549,0.0,165.73075268013253,165.7058355392384,331.43658821937095
AMZN,2024-04-01T20:00:00+00:00,2024-04-01,AMZN,0.0,661.5562943038566,180.9700012,119721.84337403649,119721.84337403649,1.0,174.88740310154998,3966.1321265921465,15755.711247444344,331.43658821937095,0.0,119721.84337403649,0.0,165.73075268013253,165.7058355392384,331.43658821937095
AMZN,2024-04-02T20:00:00+00:00,2024-04-02,AMZN,0.0,661.5562943038566,180.6900024,119536.60840549895,119536.60840549895,1.0,174.88740310154998,3780.89715805461,15755.711247444344,331.43658821937095,-0.00154721112970857,119721.84337403649,0.0,165.73075268013253,165.7058355392384,331.43658821937095
AMZN,2024-04-03T20:00:00+00:00,2024-04-03,AMZN,0.0,661.5562943038566,182.4100037,120674.48609172477,120674.48609172477,1.0,174.88740310154998,4918.7748442804295,15755.711247444344,331.43658821937095,0.0,120674.48609172477,0.0,165.73075268013253,165.7058355392384,331.43658821937095
AMZN,2024-04-04T20:00:00+00:00,2024-04-04,AMZN,0.0,661.5562943038566,180.0,119080.13297469419,119080.13297469419,1.0,174.88740310154998,3324.421727249844,15755.711247444344,331.43658821937095,-0.013212014972400321,120674.48609172477,0.0,165.73075268013253,165.7058355392384,331.43658821937095
AMZN,2024-04-05T20:00:00+00:00,2024-04-05,AMZN,0.0,661.5562943038566,185.0700073,122434.22821617567,122434.22821617567,1.0,174.88740310154998,6678.5169687313355,15755.711247444344,331.43658821937095,0.0,122434.22821617567,0.0,165.73075268013253,165.7058355392384,331.43658821937095
AMZN,2024-04-08T20:00:00+00:00,2024-04-08,AMZN,0.0,661.5562943038566,185.1900024,122513.6117298663,122513.6117298663,1.0,174.88740310154998,6757.900482421964,15755.711247444344,331.43658821937095,0.0,122513.6117298663,0.0,165.73075268013253,165.7058355392384,331.43658821937095
AMZN,2024-04-09T20:00:00+00:00,2024-04-09,AMZN,0.0,661.5562943038566,185.6699982,122831.15597259573,122831.15597259573,1.0,174.88740310154998,7075.444725151387,15755.711247444344,331.43658821937095,0.0,122831.15597259573,0.0,165.73075268013253,165.7058355392384,331.43658821937095
AMZN,2024-04-10T20:00:00+00:00,2024-04-10,AMZN,0.0,661.5562943038566,185.9499969,123016.39087497762,123016.39087497762,1.0,174.88740310154998,7260.679627533279,15755.711247444344,331.43658821937095,0.0,123016.39087497762,0.0,165.73075268013253,165.7058355392384,331.43658821937095
AMZN,2024-04-11T20:00:00+00:00,2024-04-11,AMZN,0.0,661.5562943038566,189.0500031,125067.21948896859,125067.21948896859,1.0,174.88740310154998,9311.508241524256,15755.711247444344,331.43658821937095,0.0,125067.21948896859,0.0,165.73075268013253,165.7058355392384,331.43658821937095
AMZN,2024-04-12T20:00:00+00:00,2024-04-12,AMZN,0.0,661.5562943038566,186.1300049,123135.47630040266,123135.47630040266,1.0,174.88740310154998,7379.765052958319,15755.711247444344,331.43658821937095,-0.015445639524562349,125067.21948896859,0.0,165.73075268013253,165.7058355392384,331.43658821937095
AMZN,2024-04-15T20:00:00+00:00,2024-04-15,AMZN,0.0,661.5562943038566,183.6199951,121474.9635184483,121474.9635184483,1.0,174.88740310154998,5719.25227100397,15755.711247444344,331.43658821937095,-0.028722602015127885,125067.21948896859,0.0,165.73075268013253,165.7058355392384,331.43658821937095
AMZN,2024-04-16T20:00:00+00:00,2024-04-16,AMZN,0.0,661.5562943038566,183.3200073,121276.50470114393,121276.50470114393,1.0,174.88740310154998,5520.793453699587,15755.711247444344,331.43658821937095,-0.030309419233222945,125067.21948896859,0.0,165.73075268013253,165.7058355392384,331.43658821937095
AMZN,2024-04-17T20:00:00+00:00,2024-04-17,AMZN,0.0,661.5562943038566,181.2799988,119926.92423753557,119926.92423753557,1.0,174.88740310154998,4171.212990091219,15755.711247444344,331.43658821937095,-0.04110026010361911,125067.21948896859,0.0,165.73075268013253,165.7058355392384,331.43658821937095
AMZN,2024-04-18T20:00:00+00:00,2024-04-18,AMZN,0.0,661.5562943038566,179.2200012,118564.11985900474,118564.11985900474,1.0,174.88740310154998,2808.4086115603977,15755.711247444344,331.43658821937095,-0.05199683543406386,125067.21948896859,0.0,165.73075268013253,165.7058355392384,331.43658821937095
AMZN,2024-04-19T20:00:00+00:00,2024-04-19,AMZN,0.0,661.5562943038566,174.6300049,115527.5789159083,115527.5789159083,1.0,174.88740310154998,-228.13233153603127,15755.711247444344,331.43658821937095,-0.07627610665720219,125067.21948896859,0.0,165.73075268013253,165.7058355392384,331.43658821937095
AMZN,2024-04-22T20:00:00+00:00,2024-04-22,AMZN,0.0,661.5562943038566,177.2299957,117247.61919478043,117247.61919478043,1.0,174.88740310154998,1491.9079473360885,15755.711247444344,331.43658821937095,-0.06252318014376168,125067.21948896859,0.0,165.73075268013253,165.7058355392384,331.43658821937095
AMZN,2024-04-23T20:00:00+00:00,2024-04-23,AMZN,0.0,661.5562943038566,179.5399933,118775.81264688724,118775.81264688724,1.0,174.88740310154998,3020.101399442893,15755.711247444344,331.43658821937095,-0.0503042033539115,125067.21948896859,0.0,165.73075268013253,165.7058355392384,331.43658821937095
AMZN,2024-04-24T20:00:00+00:00,2024-04-24,AMZN,0.0,661.5562943038566,176.5899963,116824.22356335974,116824.22356335974,1.0,174.88740310154998,1068.5123159154011,15755.711247444344,331.43658821937095,-0.06590852470607544,125067.21948896859,0.0,165.73075268013253,165.7058355392384,331.43658821937095
AMZN,2024-04-25T20:00:00+00:00,2024-04-25,AMZN,0.0,661.5562943038566,173.6699982,114892.48044094945,114892.48044094945,1.0,174.88740310154998,-863.230806494892,15755.711247444344,331.43658821937095,-0.08135416370167714,125067.21948896859,0.0,165.73075268013253,165.7058355392384,331.43658821937095
AMZN,2024-04-26T20:00:00+00:00,2024-04-26,AMZN,0.0,661.5562943038566,179.6199951,118828.73834123289,118828.73834123289,1.0,174.88740310154998,3073.027093788544,15755.711247444344,331.43658821937095,-0.04988102536561112,125067.21948896859,0.0,165.73075268013253,165.7058355392384,331.43658821937095
AMZN,2024-04-29T20:00:00+00:00,2024-04-29,AMZN,0.0,661.5562943038566,180.9600067,119715.23144965306,119715.23144965306,1.0,174.88740310154998,3959.5202022087237,15755.711247444344,331.43658821937095,-0.04279289218377158,125067.21948896859,0.0,165.73075268013253,165.7058355392384,331.43658821937095
AMZN,2024-04-30T20:00:00+00:00,2024-04-30,AMZN,0.0,661.5562943038566,175.0,115772.3515031749,115772.3515031749,1.0,174.88740310154998,16.64025573056101,15755.711247444344,331.43658821937095,-0.07431897841635104,125067.21948896859,0.0,165.73075268013253,165.7058355392384,331.43658821937095
AMZN,2024-05-01T20:00:00+00:00,2024-05-01,AMZN,0.0,661.5562943038566,179.0,118418.57668039032,118418.57668039032,1.0,174.88740310154998,2662.8654329459873,15755.711247444344,331.43658821937095,-0.05316055506586759,125067.21948896859,0.0,165.73075268013253,165.7058355392384,331.43658821937095
AMZN,2024-05-02T20:00:00+00:00,2024-05-02,AMZN,0.0,661.5562943038566,184.7200012,122202.67947767595,122202.67947767595,1.0,174.88740310154998,6446.968230231609,15755.711247444344,331.43658821937095,-0.022904003327149258,125067.21948896859,0.0,165.73075268013253,165.7058355392384,331.43658821937095
AMZN,2024-05-03T20:00:00+00:00,2024-05-03,AMZN,0.0,661.5562943038566,186.2100067,123188.40199474832,123188.40199474832,1.0,174.88740310154998,7432.69074730397,15755.711247444344,331.43658821937095,-0.015022461536262077,125067.21948896859,0.0,165.73075268013253,165.7058355392384,331.43658821937095
AMZN,2024-05-06T20:00:00+00:00,2024-05-06,AMZN,0.0,661.5562943038566,188.6999969,124835.67068431323,124835.67068431323,1.0,174.88740310154998,9079.959436868885,15755.711247444344,331.43658821937095,-0.0018513948387234302,125067.21948896859,0.0,165.73075268013253,165.7058355392384,331.43658821937095
AMZN,2024-05-07T20:00:00+00:00,2024-05-07,AMZN,0.0,661.5562943038566,188.7599945,124875.36247423636,124875.36247423636,1.0,174.88740310154998,9119.651226792012,15755.711247444344,331.43658821937095,-0.0015340311835201348,125067.21948896859,0.0,165.73075268013253,165.7058355392384,331.43658821937095
AMZN,2024-05-08T20:00:00+00:00,2024-05-08,AMZN,0.0,661.5562943038566,188.0,124372.58332912505,124372.58332912505,1.0,174.88740310154998,8616.872081680696,15755.711247444344,331.43658821937095,-0.005554102527279836,125067.21948896859,0.0,165.73075268013253,165.7058355392384,331.43658821937095
AMZN,2024-05-09T20:00:00+00:00,2024-05-09,AMZN,0.0,661.5562943038566,189.5,125364.91777058083,125364.91777058083,1.0,174.88740310154998,9609.206523136481,15755.711247444344,331.43658821937095,0.0,125364.91777058083,0.0,165.73075268013253,165.7058355392384,331.43658821937095
AMZN,2024-05-10T20:00:00+00:00,2024-05-10,AMZN,0.0,661.5562943038566,187.4799957,124028.57121139496,124028.57121139496,1.0,174.88740310154998,8272.85996395062,15755.711247444344,331.43658821937095,-0.010659653298153104,125364.91777058083,0.0,165.73075268013253,165.7058355392384,331.43658821937095
AMZN,2024-05-13T20:00:00+00:00,2024-05-13,AMZN,0.0,661.5562943038566,186.5700073,123426.56265763147,123426.56265763147,1.0,174.88740310154998,7670.851410187121,15755.711247444344,331.43658821937095,-0.015461702902374697,125364.91777058083,0.0,165.73075268013253,165.7058355392384,331.43658821937095
AMZN,2024-05-14T20:00:00+00:00,2024-05-14,AMZN,0.0,661.5562943038566,187.0700073,123757.3408047834,123757.3408047834,1.0,174.88740310154998,8001.629557339049,15755.711247444344,331.43658821937095,-0.012823180474934137,125364.91777058083,0.0,165.73075268013253,165.7058355392384,331.43658821937095
AMZN,2024-05-15T20:00:00+00:00,2024-05-15,AMZN,0.0,661.5562943038566,185.9900055,123042.8588161339,123042.8588161339,1.0,174.88740310154998,7287.14756868956,15755.711247444344,331.43658821937095,-0.018522398416886632,125364.91777058083,0.0,165.73075268013253,165.7058355392384,331.43658821937095
AMZN,2024-05-16T20:00:00+00:00,2024-05-16,AMZN,0.0,661.5562943038566,183.6300049,121481.58556464301,121481.58556464301,1.0,174.88740310154998,5725.874317198678,15755.711247444344,331.43658821937095,-0.03097622744063333,125364.91777058083,0.0,165.73075268013253,165.7058355392384,331.43658821937095
AMZN,2024-05-17T20:00:00+00:00,2024-05-17,AMZN,0.0,661.5562943038566,184.6999969,122189.4455070978,122189.4455070978,1.0,174.88740310154998,6433.734259653459,15755.711247444344,331.43658821937095,-0.025329831662269098,125364.91777058083,0.0,165.73075268013253,165.7058355392384,331.43658821937095
AMZN,2024-05-20T20:00:00+00:00,2024-05-20,AMZN,0.0,661.5562943038566,183.5399933,121422.03782410266,121422.03782410266,1.0,174.88740310154998,5666.326576658319,15755.711247444344,331.43658821937095,-0.03145122269129297,125364.91777058083,0.0,165.73075268013253,165.7058355392384,331.43658821937095
AMZN,2024-05-21T20:00:00+00:00,2024-05-21,AMZN,0.0,661.5562943038566,183.1499939,121164.03126625794,121164.03126625794,1.0,174.88740310154998,5408.320018813595,15755.711247444344,331.43658821937095,-0.03350926701846968,125364.91777058083,0.0,165.73075268013253,165.7058355392384,331.43658821937095
AMZN,2024-05-22T20:00:00+00:00,2024-05-22,AMZN,0.0,661.5562943038566,183.1300049,121150.80741749109,121150.80741749109,1.0,174.88740310154998,5395.09617004675,15755.711247444344,331.43658821937095,-0.033614749868074,125364.91777058083,0.0,165.73075268013253,165.7058355392384,331.43658821937095
AMZN,2024-05-23T20:00:00+00:00,2024-05-23,AMZN,0.0,661.5562943038566,181.0500031,119774.76913453775,119774.76913453775,1.0,174.88740310154998,4019.0578870934046,15755.711247444344,331.43658821937095,-0.044591012664907614,125364.91777058083,0.0,165.73075268013253,165.7058355392384,331.43658821937095
AMZN,2024-05-24T20:00:00+00:00,2024-05-24,AMZN,0.0,661.5562943038566,180.75,119576.30019542208,119576.30019542208,1.0,174.88740310154998,3820.5889479777366,15755.711247444344,331.43658821937095,-0.04617414248021112,125364.91777058083,0.0,165.73075268013253,165.7058355392384,331.43658821937095
AMZN,2024-05-28T20:00:00+00:00,2024-05-28,AMZN,0.0,661.5562943038566,182.1499939,120502.47497195409,120502.47497195409,1.0,174.88740310154998,4746.763724509739,15755.711247444344,331.43658821937095,-0.03878631187335091,125364.91777058083,0.0,165.73075268013253,165.7058355392384,331.43658821937095
AMZN,2024-05-29T20:00:00+00:00,2024-05-29,AMZN,0.0,661.5562943038566,182.0200043,120416.47953388005,120416.47953388005,1.0,174.88740310154998,4660.768286435707,15755.711247444344,331.43658821937095,-0.03947227282321897,125364.91777058083,0.0,165.73075268013253,165.7058355392384,331.43658821937095
AMZN,2024-05-30T20:00:00+00:00,2024-05-30,AMZN,0.0,661.5562943038566,179.3200073,118630.2795239285,118630.2795239285,1.0,174.88740310154998,2874.568276484161,15755.711247444344,331.43658821937095,-0.05372027810026392,125364.91777058083,0.0,165.73075268013253,165.7058355392384,331.43658821937095
AMZN,2024-05-31T20:00:00+00:00,2024-05-31,AMZN,0.0,661.5562943038566,176.4400024,116724.99415470756,116724.99415470756,1.0,174.88740310154998,969.2829072632189,15755.711247444344,331.43658821937095,-0.06891819313984171,125364.91777058083,0.0,165.73075268013253,165.7058355392384,331.43658821937095
AMZN,2024-06-03T20:00:00+00:00,2024-06-03,AMZN,0.0,661.5562943038566,178.3399963,117981.94707839149,117981.94707839149,1.0,174.88740310154998,2226.2358309471506,15755.711247444344,331.43658821937095,-0.05889184010554094,125364.91777058083,0.0,165.73075268013253,165.7058355392384,331.43658821937095
AMZN,2024-06-04T20:00:00+00:00,2024-06-04,AMZN,0.0,661.5562943038566,179.3399963,118643.50337269536,118643.50337269536,1.0,174.88740310154998,2887.792125251007,15755.711247444344,331.43658821937095,-0.0536147952506596,125364.91777058083,0.0,165.73075268013253,165.7058355392384,331.43658821937095
AMZN,2024-06-05T20:00:00+00:00,2024-06-05,AMZN,0.0,661.5562943038566,181.2799988,119926.92423753557,119926.92423753557,1.0,174.88740310154998,4171.212990091219,15755.711247444344,331.43658821937095,-0.04337731503957787,125364.91777058083,0.0,165.73075268013253,165.7058355392384,331.43658821937095
AMZN,2024-06-06T20:00:00+00:00,2024-06-06,AMZN,0.0,661.5562943038566,185.0,122387.91444621347,122387.91444621347,1.0,174.88740310154998,6632.203198769126,15755.711247444344,331.43658821937095,-0.0237467018469657,125364.91777058083,0.0,165.73075268013253,165.7058355392384,331.43658821937095
AMZN,2024-06-07T20:00:00+00:00,2024-06-07,AMZN,0.0,661.5562943038566,184.3000031,121924.82709102528,121924.82709102528,1.0,174.88740310154998,6169.1158435809375,15755.711247444344,331.43658821937095,-0.027440616886543645,125364.91777058083,0.0,165.73075268013253,165.7058355392384,331.43658821937095
AMZN,2024-06-10T20:00:00+00:00,2024-06-10,AMZN,0.0,661.5562943038566,187.0599976,123750.71882474431,123750.71882474431,1.0,174.88740310154998,7995.007577299966,15755.711247444344,331.43658821937095,-0.012876002110817963,125364.91777058083,0.0,165.73075268013253,165.7058355392384,331.43658821937095
AMZN,2024-06-11T20:00:00+00:00,2024-06-11,AMZN,0.0,661.5562943038566,187.2299957,123863.18213781899,123863.18213781899,1.0,174.88740310154998,8107.470890374654,15755.711247444344,331.43658821937095,-0.011978914511873495,125364.91777058083,0.0,165.73075268013253,165.7058355392384,331.43658821937095
AMZN,2024-06-12T20:00:00+00:00,2024-06-12,AMZN,0.0,661.5562943038566,186.8899994,123638.25544551398,123638.25544551398,1.0,174.88740310154998,7882.544198069635,15755.711247444344,331.43658821937095,-0.01377309023746709,125364.91777058083,0.0,165.73075268013253,165.7058355392384,331.43658821937095
AMZN,2024-06-13T20:00:00+00:00,2024-06-13,AMZN,0.0,661.5562943038566,183.8300018,121613.89477267928,121613.89477267928,1.0,174.88740310154998,5858.183525234938,15755.711247444344,331.43658821937095,-0.029920834828496057,125364.91777058083,0.0,165.73075268013253,165.7058355392384,331.43658821937095
AMZN,2024-06-14T20:00:00+00:00,2024-06-14,AMZN,0.0,661.5562943038566,183.6600037,121501.43145960459,121501.43145960459,1.0,174.88740310154998,5745.72021216025,15755.711247444344,331.43658821937095,-0.030817922427440636,125364.91777058083,0.0,165.73075268013253,165.7058355392384,331.43658821937095
AMZN,2024-06-17T20:00:00+00:00,2024-06-17,AMZN,0.0,661.5562943038566,184.0599976,121766.04994183274,121766.04994183274,1.0,174.88740310154998,6010.338694388397,15755.711247444344,331.43658821937095,-0.028707136675461764,125364.91777058083,0.0,165.73075268013253,165.7058355392384,331.43658821937095
AMZN,2024-06-18T20:00:00+00:00,2024-06-18,AMZN,0.0,661.5562943038566,182.8099976,120939.10457395292,120939.10457395292,1.0,174.88740310154998,5183.393326508576,15755.711247444344,331.43658821937095,-0.035303442744063274,125364.91777058083,0.0,165.73075268013253,165.7058355392384,331.43658821937095
AMZN,2024-06-20T20:00:00+00:00,2024-06-20,AMZN,0.0,661.5562943038566,186.1000061,123115.6304054411,123115.6304054411,1.0,174.88740310154998,7359.9191579967655,15755.711247444344,331.43658821937095,-0.017941920316622784,125364.91777058083,0.0,165.73075268013253,165.7058355392384,331.43658821937095
AMZN,2024-06-21T20:00:00+00:00,2024-06-21,AMZN,0.0,661.5562943038566,189.0800018,125087.06531777453,125087.06531777453,1.0,174.88740310154998,9331.354070330186,15755.711247444344,331.43658821937095,-0.0022163493403695167,125364.91777058083,0.0,165.73075268013253,165.7058355392384,331.43658821937095
AMZN,2024-06-24T20:00:00+00:00,2024-06-24,AMZN,0.0,661.5562943038566,185.5700073,122765.0063633276,122765.0063633276,1.0,174.88740310154998,7009.295115883264,15755.711247444344,331.43658821937095,-0.020738747757256037,125364.91777058083,0.0,165.73075268013253,165.7058355392384,331.43658821937095
AMZN,2024-06-25T20:00:00+00:00,2024-06-25,AMZN,0.0,661.5562943038566,186.3399963,123274.39743282234,123274.39743282234,1.0,174.88740310154998,7518.686185378003,15755.711247444344,331.43658821937095,-0.016675481266490877,125364.91777058083,0.0,165.73075268013253,165.7058355392384,331.43658821937095
AMZN,2024-06-26T20:00:00+00:00,2024-06-26,AMZN,0.0,661.5562943038566,193.6100006,128083.91453710345,128083.91453710345,1.0,174.88740310154998,12328.203289659114,15755.711247444344,331.43658821937095,0.0,128083.91453710345,0.0,165.73075268013253,165.7058355392384,331.43658821937095
AMZN,2024-06-27T20:00:00+00:00,2024-06-27,AMZN,0.0,661.5562943038566,197.8500061,130888.91686351142,130888.91686351142,1.0,174.88740310154998,15133.20561606708,15755.711247444344,331.43658821937095,0.0,130888.91686351142,0.0,165.73075268013253,165.7058355392384,331.43658821937095
AMZN,2024-06-28T20:00:00+00:00,2024-06-28,AMZN,0.0,661.5562943038566,193.25,127845.75387422029,127845.75387422029,1.0,174.88740310154998,12090.042626775943,15755.711247444344,331.43658821937095,-0.02324996693543191,130888.91686351142,0.0,165.73075268013253,165.7058355392384,331.43658821937095
AMZN,2024-07-01T20:00:00+00:00,2024-07-01,AMZN,0.0,661.5562943038566,197.1999969,130458.899185896,130458.899185896,1.0,174.88740310154998,14703.187938451667,15755.711247444344,331.43658821937095,-0.003285363558045429,130888.91686351142,0.0,165.73075268013253,165.7058355392384,331.43658821937095
AMZN,2024-07-02T20:00:00+00:00,2024-07-02,AMZN,0.0,661.5562943038566,200.0,132311.2588607713,132311.2588607713,1.0,174.88740310154998,16555.547613326977,15755.711247444344,331.43658821937095,0.0,132311.2588607713,0.0,165.73075268013253,165.7058355392384,331.43658821937095
AMZN,2024-07-03T17:00:00+00:00,2024-07-03,AMZN,0.0,661.5562943038566,197.5899963,130716.90574374073,130716.90574374073,1.0,174.88740310154998,14961.19449629639,15755.711247444344,331.43658821937095,-0.012050018499999982,132311.2588607713,0.0,165.73075268013253,165.7058355392384,331.43658821937095
AMZN,2024-07-05T20:00:00+00:00,2024-07-05,AMZN,0.0,661.5562943038566,200.0,132311.2588607713,132311.2588607713,1.0,174.88740310154998,16555.547613326977,15755.711247444344,331.43658821937095,0.0,132311.2588607713,0.0,165.73075268013253,165.7058355392384,331.43658821937095
JPM,2024-01-05T21:00:00+00:00,2024-01-05,JPM,100000.0,0.0,172.2700043,0.0,100000.0,0.0,0.0,0.0,0.0,0.0,0.0,100000.0,0.0,0.0,0.0,0.0
JPM,2024-01-08T21:00:00+00:00,2024-01-08,JPM,0.0,580.7468460226705,172.0200043,99900.07495003122,99900.07495003122,1.0,172.10601430215002,-99.92504996877136,0.0,99.92504996877136,-0.0009992504996877427,100000.0,0.0,49.97501249375312,49.95003747501825,99.92504996877136
JPM,2024-01-09T21:00:00+00:00,2024-01-09,JPM,0.0,580.7468460226705,170.6600037,99110.25889099228,99110.25889099228,1.0,172.10601430215002,-889.7411090077146,0.0,99.92504996877136,-0.008897411090077245,100000.0,0.0,49.97501249375312,49.95003747501825,99.92504996877136
JPM,2024-01-10T21:00:00+00:00,2024-01-10,JPM,0.0,580.7468460226705,171.0200043,99319.32810400856,99319.32810400856,1.0,172.10601430215002,-680.6718959914418,0.0,99.92504996877136,-0.006806718959914471,100000.0,0.0,49.97501249375312,49.95003747501825,99.92504996877136
JPM,2024-01-11T21:00:00+00:00,2024-01-11,JPM,0.0,580.7468460226705,170.3000031,98901.18967797601,98901.18967797601,1.0,172.10601430215002,-1098.8103220239875,0.0,99.92504996877136,-0.010988103220239909,100000.0,0.0,49.97501249375312,49.95003747501825,99.92504996877136
JPM,2024-01-12T21:00:00+00:00,2024-01-12,JPM,0.0,580.7468460226705,169.0500031,98175.25612044768,98175.25612044768,1.0,172.10601430215002,-1824.7438795523256,0.0,99.92504996877136,-0.018247438795523152,100000.0,0.0,49.97501249375312,49.95003747501825,99.92504996877136
JPM,2024-01-16T21:00:00+00:00,2024-01-16,JPM,0.0,580.7468460226705,167.9900055,97559.66585745607,97559.66585745607,1.0,172.10601430215002,-2440.3341425439276,0.0,99.92504996877136,-0.024403341425439318,100000.0,0.0,49.97501249375312,49.95003747501825,99.92504996877136
JPM,2024-01-17T21:00:00+00:00,2024-01-17,JPM,0.0,580.7468460226705,167.0899963,97036.98835316469,97036.98835316469,1.0,172.10601430215002,-2963.011646835314,0.0,99.92504996877136,-0.029630116468353118,100000.0,0.0,49.97501249375312,49.95003747501825,99.92504996877136
JPM,2024-01-18T21:00:00+00:00,2024-01-18,JPM,0.0,580.7468460226705,167.4199982,97228.63591577118,97228.63591577118,1.0,172.10601430215002,-2771.3640842288173,0.0,99.92504996877136,-0.027713640842288112,100000.0,0.0,49.97501249375312,49.95003747501825,99.92504996877136
JPM,2024-01-19T21:00:00+00:00,2024-01-19,JPM,0.0,580.7468460226705,170.3099976,98906.99395232859,98906.99395232859,1.0,172.10601430215002,-1093.0060476714111,0.0,99.92504996877136,-0.010930060476714187,100000.0,0.0,49.97501249375312,49.95003747501825,99.92504996877136
JPM,2024-01-22T21:00:00+00:00,2024-01-22,JPM,0.0,580.7468460226705,170.1100006,98790.84632536459,98790.84632536459,1.0,172.10601430215002,-1209.153674635405,0.0,99.92504996877136,-0.012091536746354103,100000.0,0.0,49.97501249375312,49.95003747501825,99.92504996877136
JPM,2024-01-23T21:00:00+00:00,2024-01-23,JPM,0.0,580.7468460226705,168.9900055,98140.41270347874,98140.41270347874,1.0,172.10601430215002,-1859.5872965212568,0.0,99.92504996877136,-0.01859587296521259,100000.0,0.0,49.97501249375312,49.95003747501825,99.92504996877136
JPM,2024-01-24T21:00:00+00:00,2024-01-24,JPM,0.0,580.7468460226705,170.5,99017.33724686533,99017.33724686533,1.0,172.10601430215002,-982.6627531346746,0.0,99.92504996877136,-0.009826627531346777,100000.0,0.0,49.97501249375312,49.95003747501825,99.92504996877136
JPM,2024-01-25T21:00:00+00:00,2024-01-25,JPM,0.0,580.7468460226705,172.9400024,100434.36094495306,100434.36094495306,1.0,172.10601430215002,434.3609449530703,0.0,99.92504996877136,0.0,100434.36094495306,0.0,49.97501249375312,49.95003747501825,99.92504996877136
JPM,2024-01-26T21:00:00+00:00,2024-01-26,JPM,0.0,580.7468460226705,172.2799988,100051.06593588945,100051.06593588945,1.0,172.10601430215002,51.06593588945612,0.0,99.92504996877136,-0.003816373255699723,100434.36094495306,0.0,49.97501249375312,49.95003747501825,99.92504996877136
JPM,2024-01-29T21:00:00+00:00,2024-01-29,JPM,0.0,580.7468460226705,172.7299957,100312.40021628444,100312.40021628444,1.0,172.10601430215002,312.40021628443645,0.0,99.92504996877136,-0.0012143326996969517,100434.36094495306,0.0,49.97501249375312,49.95003747501825,99.92504996877136
JPM,2024-01-30T21:00:00+00:00,2024-01-30,JPM,0.0,580.7468460226705,176.2700043,102368.24904562758,102368.24904562758,1.0,172.10601430215002,2368.249045627578,0.0,99.92504996877136,0.0,102368.24904562758,0.0,49.97501249375312,49.95003747501825,99.92504996877136
JPM,2024-01-31T21:00:00+00:00,2024-01-31,JPM,0.0,580.7468460226705,174.3600006,101259.02042096095,101259.02042096095,1.0,172.10601430215002,1259.0204209609449,0.0,99.92504996877136,-0.010835670581531898,102368.24904562758,0.0,49.97501249375312,49.95003747501825,99.92504996877136
JPM,2024-02-01T21:00:00+00:00,2024-02-01,JPM,0.0,580.7468460226705,173.7299957,100893.1470623071,100893.1470623071,1.0,172.10601430215002,893.147062307107,0.0,99.92504996877136,-0.014409760810336736,102368.24904562758,0.0,49.97501249375312,49.95003747501825,99.92504996877136
JPM,2024-02-02T21:00:00+00:00,2024-02-02,JPM,0.0,580.7468460226705,174.7299957,101473.89390832977,101473.89390832977,1.0,172.10601430215002,1473.8939083297773,0.0,99.92504996877136,-0.008736645841223467,102368.24904562758,0.0,49.97501249375312,49.95003747501825,99.92504996877136
JPM,2024-02-05T21:00:00+00:00,2024-02-05,JPM,0.0,580.7468460226705,174.5,101340.324630956,101340.324630956,1.0,172.10601430215002,1340.3246309560072,0.0,99.92504996877136,-0.010041437889725113,102368.24904562758,0.0,49.97501249375312,49.95003747501825,99.92504996877136
JPM,2024-02-06T21:00:00+00:00,2024-02-06,JPM,0.0,580.7468460226705,175.1000061,101688.77628112536,101688.77628112536,1.0,172.10601430215002,1688.7762811253713,0.0,99.92504996877136,-0.0066375343022558875,102368.24904562758,0.0,49.97501249375312,49.95003747501825,99.92504996877136
JPM,2024-02-07T21:00:00+00:00,2024-02-07,JPM,0.0,580.7468460226705,175.4299927,101880.41495830512,101880.41495830512,1.0,172.10601430215002,1880.414958305123,0.0,99.92504996877136,-0.004765482382188879,102368.24904562758,0.0,49.97501249375312,49.95003747501825,99.92504996877136
JPM,2024-02-08T21:00:00+00:00,2024-02-08,JPM,0.0,580.7468460226705,174.8000031,101514.55048507803,101514.55048507803,1.0,172.10601430215002,1514.5504850780299,0.0,99.92504996877136,-0.00833948581233468,102368.24904562758,0.0,49.97501249375312,49.95003747501825,99.92504996877136
JPM,2024-02-09T21:00:00+00:00,2024-02-09,JPM,0.0,580.7468460226705,175.0099945,101636.50232831991,101636.50232831991,1.0,172.10601430215002,1636.502328319919,0.0,99.92504996877136,-0.007148180457609676,102368.24904562758,0.0,49.97501249375312,49.95003747501825,99.92504996877136
JPM,2024-02-12T21:00:00+00:00,2024-02-12,JPM,0.0,580.7468460226705,175.7899933,102089.48417132138,102089.48417132138,1.0,172.10601430215002,2089.484171321379,0.0,99.92504996877136,-0.0027231575894391957,102368.24904562758,0.0,49.97501249375312,49.95003747501825,99.92504996877136
JPM,2024-02-13T21:00:00+00:00,2024-02-13,JPM,0.0,580.7468460226705,174.2599945,101200.94219380291,101200.94219380291,1.0,172.10601430215002,1200.942193802916,0.0,99.92504996877136,-0.011403016684444656,102368.24904562758,0.0,49.97501249375312,49.95003747501825,99.92504996877136
JPM,2024-02-14T21:00:00+00:00,2024-02-14,JPM,0.0,580.7468460226705,176.0299988,102228.86660847448,102228.86660847448,1.0,172.10601430215002,2228.8666084744705,0.0,99.92504996877136,-0.0013615787947196534,102368.24904562758,0.0,49.97501249375312,49.95003747501825,99.92504996877136
JPM,2024-02-15T21:00:00+00:00,2024-02-15,JPM,0.0,580.7468460226705,179.8699951,104458.9323484382,104458.9323484382,1.0,172.10601430215002,4458.932348438209,0.0,99.92504996877136,0.0,104458.9323484382,0.0,49.97501249375312,49.95003747501825,99.92504996877136
JPM,2024-02-16T21:00:00+00:00,2024-02-16,JPM,0.0,580.7468460226705,179.0299988,103971.10714654248,103971.10714654248,1.0,172.10601430215002,3971.107146542482,0.0,99.92504996877136,-0.004670019029761052,104458.9323484382,0.0,49.97501249375312,49.95003747501825,99.92504996877136
JPM,2024-02-20T21:00:00+00:00,2024-02-20,JPM,0.0,580.7468460226705,179.7299957,104377.62813844313,104377.62813844313,1.0,172.10601430215002,4377.62813844313,0.0,99.92504996877136,-0.0007783365976197221,104458.9323484382,0.0,49.97501249375312,49.95003747501825,99.92504996877136
JPM,2024-02-21T21:00:00+00:00,2024-02-21,JPM,0.0,580.7468460226705,180.8999939,105057.10090294534,105057.10090294534,1.0,172.10601430215002,5057.100902945337,0.0,99.92504996877136,0.0,105057.10090294534,0.0,49.97501249375312,49.95003747501825,99.92504996877136
JPM,2024-02-22T21:00:00+00:00,2024-02-22,JPM,0.0,580.7468460226705,183.0700073,106317.32934082227,106317.32934082227,1.0,172.10601430215002,6317.329340822262,0.0,99.92504996877136,0.0,106317.32934082227,0.0,49.97501249375312,49.95003747501825,99.92504996877136
JPM,2024-02-23T21:00:00+00:00,2024-02-23,JPM,0.0,580.7468460226705,183.9900055,106851.6153938188,106851.6153938188,1.0,172.10601430215002,6851.615393818802,0.0,99.92504996877136,0.0,106851.6153938188,0.0,49.97501249375312,49.95003747501825,99.92504996877136
JPM,2024-02-26T21:00:00+00:00,2024-02-26,JPM,0.0,580.7468460226705,183.3600006,106485.74203516498,106485.74203516498,1.0,172.10601430215002,6485.74203516498,0.0,99.92504996877136,-0.003424125665347666,106851.6153938188,0.0,49.97501249375312,49.95003747501825,99.92504996877136
JPM,2024-02-27T21:00:00+00:00,2024-02-27,JPM,0.0,580.7468460226705,183.4499969,106538.00710254369,106538.00710254369,1.0,172.10601430215002,6538.007102543687,0.0,99.92504996877136,-0.002934988770354696,106851.6153938188,0.0,49.97501249375312,49.95003747501825,99.92504996877136
JPM,2024-02-28T21:00:00+00:00,2024-02-28,JPM,0.0,580.7468460226705,184.3800049,107078.10631531953,107078.10631531953,1.0,172.10601430215002,7078.106315319532,0.0,99.92504996877136,0.0,107078.10631531953,0.0,49.97501249375312,49.95003747501825,99.92504996877136
JPM,2024-02-29T21:00:00+00:00,2024-02-29,JPM,0.0,580.7468460226705,186.0599976,108053.75677718566,108053.75677718566,1.0,172.10601430215002,8053.75677718565,0.0,99.92504996877136,0.0,108053.75677718566,0.0,49.97501249375312,49.95003747501825,99.92504996877136
JPM,2024-03-01T21:00:00+00:00,2024-03-01,JPM,0.0,580.7468460226705,185.2899933,107606.57920853674,107606.57920853674,1.0,172.10601430215002,7606.579208536749,0.0,99.92504996877136,-0.004138473126584774,108053.75677718566,0.0,49.97501249375312,49.95003747501825,99.92504996877136
JPM,2024-03-04T21:00:00+00:00,2024-03-04,JPM,0.0,580.7468460226705,186.6799927,108413.81697606016,108413.81697606016,1.0,172.10601430215002,8413.816976060167,0.0,99.92504996877136,0.0,108413.81697606016,0.0,49.97501249375312,49.95003747501825,99.92504996877136
JPM,2024-03-05T21:00:00+00:00,2024-03-05,JPM,0.0,580.7468460226705,188.5500031,109499.81961788975,109499.81961788975,1.0,172.10601430215002,9499.81961788975,0.0,99.92504996877136,0.0,109499.81961788975,0.0,49.97501249375312,49.95003747501825,99.92504996877136
JPM,2024-03-06T21:00:00+00:00,2024-03-06,JPM,0.0,580.7468460226705,189.5299988,110068.94902978052,110068.94902978052,1.0,172.10601430215002,10068.949029780522,0.0,99.92504996877136,0.0,110068.94902978052,0.0,49.97501249375312,49.95003747501825,99.92504996877136
JPM,2024-03-07T21:00:00+00:00,2024-03-07,JPM,0.0,580.7468460226705,187.8699951,109104.90711661958,109104.90711661958,1.0,172.10601430215002,9104.907116619574,0.0,99.92504996877136,-0.008758527465362653,110068.94902978052,0.0,49.97501249375312,49.95003747501825,99.92504996877136
JPM,2024-03-08T21:00:00+00:00,2024-03-08,JPM,0.0,580.7468460226705,188.2200012,109308.17205528327,109308.17205528327,1.0,172.10601430215002,9308.17205528327,0.0,99.92504996877136,-0.006911821918926586,110068.94902978052,0.0,49.97501249375312,49.95003747501825,99.92504996877136
JPM,2024-03-11T20:00:00+00:00,2024-03-11,JPM,0.0,580.7468460226705,188.2899933,109348.81974660476,109348.81974660476,1.0,172.10601430215002,9348.81974660476,0.0,99.92504996877136,-0.006542528928671021,110068.94902978052,0.0,49.97501249375312,49.95003747501825,99.92504996877136
JPM,2024-03-12T20:00:00+00:00,2024-03-12,JPM,0.0,580.7468460226705,189.8399963,110248.97910018044,110248.97910018044,1.0,172.10601430215002,10248.97910018044,0.0,99.92504996877136,0.0,110248.97910018044,0.0,49.97501249375312,49.95003747501825,99.92504996877136
JPM,2024-03-13T20:00:00+00:00,2024-03-13,JPM,0.0,580.7468460226705,191.3800049,111143.33423747822,111143.33423747822,1.0,172.10601430215002,11143.334237478226,0.0,99.92504996877136,0.0,111143.33423747822,0.0,49.97501249375312,49.95003747501825,99.92504996877136
JPM,2024-03-14T20:00:00+00:00,2024-03-14,JPM,0.0,580.7468460226705,187.9700012,109162.9853437776,109162.9853437776,1.0,172.10601430215002,9162.985343777602,0.0,99.92504996877136,-0.017817972686236305,111143.33423747822,0.0,49.97501249375312,49.95003747501825,99.92504996877136
JPM,2024-03-15T20:00:00+00:00,2024-03-15,JPM,0.0,580.7468460226705,190.3000031,110516.12659842942,110516.12659842942,1.0,172.10601430215002,10516.126598429424,0.0,99.92504996877136,-0.005643232168189849,111143.33423747822,0.0,49.97501249375312,49.95003747501825,99.92504996877136
JPM,2024-03-18T20:00:00+00:00,2024-03-18,JPM,0.0,580.7468460226705,192.6600037,111886.68950349104,111886.68950349104,1.0,172.10601430215002,11886.689503491038,0.0,99.92504996877136,0.0,111886.68950349104,0.0,49.97501249375312,49.95003747501825,99.92504996877136
JPM,2024-03-19T20:00:00+00:00,2024-03-19,JPM,0.0,580.7468460226705,193.7899933,112542.92739972945,112542.92739972945,1.0,172.10601430215002,12542.92739972945,0.0,99.92504996877136,0.0,112542.92739972945,0.0,49.97501249375312,49.95003747501825,99.92504996877136
JPM,2024-03-20T20:00:00+00:00,2024-03-20,JPM,0.0,580.7468460226705,196.3300018,114018.02932497523,114018.02932497523,1.0,172.10601430215002,14018.029324975223,0.0,99.92504996877136,0.0,114018.02932497523,0.0,49.97501249375312,49.95003747501825,99.92504996877136
JPM,2024-03-21T20:00:00+00:00,2024-03-21,JPM,0.0,580.7468460226705,199.0599976,115603.46577548036,115603.46577548036,1.0,172.10601430215002,15603.465775480367,0.0,99.92504996877136,0.0,115603.46577548036,0.0,49.97501249375312,49.95003747501825,99.92504996877136
JPM,2024-03-22T20:00:00+00:00,2024-03-22,JPM,0.0,580.7468460226705,196.6199951,114186.44201931794,114186.44201931794,1.0,172.10601430215002,14186.442019317941,0.0,99.92504996877136,-0.012257623477435309,115603.46577548036,0.0,49.97501249375312,49.95003747501825,99.92504996877136
JPM,2024-03-25T20:00:00+00:00,2024-03-25,JPM,0.0,580.7468460226705,194.8200073,113141.10478158864,113141.10478158864,1.0,172.10601430215002,13141.104781588641,0.0,99.92504996877136,-0.02130006204722279,115603.46577548036,0.0,49.97501249375312,49.95003747501825,99.92504996877136
JPM,2024-03-26T20:00:00+00:00,2024-03-26,JPM,0.0,580.7468460226705,195.7299957,113669.57767480586,113669.57767480586,1.0,172.10601430215002,13669.57767480586,0.0,99.92504996877136,-0.016728634281868437,115603.46577548036,0.0,49.97501249375312,49.95003747501825,99.92504996877136
JPM,2024-03-27T20:00:00+00:00,2024-03-27,JPM,0.0,580.7468460226705,199.5200043,115870.61321565467,115870.61321565467,1.0,172.10601430215002,15870.613215654668,0.0,99.92504996877136,0.0,115870.61321565467,0.0,49.97501249375312,49.95003747501825,99.92504996877136
JPM,2024-03-28T20:00:00+00:00,2024-03-28,JPM,0.0,580.7468460226705,200.3000031,116323.59505865612,116323.59505865612,1.0,172.10601430215002,16323.595058656128,0.0,99.92504996877136,0.0,116323.59505865612,0.0,49.97501249375312,49.95003747501825,99.92504996877136
JPM,2024-04-01T20:00:00+00:00,2024-04-01,JPM,0.0,580.7468460226705,198.9400024,115533.7789415425,115533.7789415425,1.0,172.10601430215002,15533.778941542505,0.0,99.92504996877136,-0.006789818666757652,116323.59505865612,0.0,49.97501249375312,49.95003747501825,99.92504996877136
JPM,2024-04-02T20:00:00+00:00,2024-04-02,JPM,0.0,580.7468460226705,198.8600006,115487.31814851637,115487.31814851637,1.0,172.10601430215002,15487.318148516373,0.0,99.92504996877136,-0.007189228545748327,116323.59505865612,0.0,49.97501249375312,49.95003747501825,99.92504996877136
JPM,2024-04-03T20:00:00+00:00,2024-04-03,JPM,0.0,580.7468460226705,198.3000031,115162.10136661079,115162.10136661079,1.0,172.10601430215002,15162.101366610788,0.0,99.92504996877136,-0.009985022311764458,116323.59505865612,0.0,49.97501249375312,49.95003747501825,99.92504996877136
JPM,2024-04-04T20:00:00+00:00,2024-04-04,JPM,667.8588729260711,580.7468460226705,195.6499939,113623.11688177973,114290.9757547058,0.9941565038839161,172.10601430215002,13623.116881779728,0.0,99.92504996877136,-0.017473834976690528,116323.59505865612,667.8588729260711,49.97501249375312,49.95003747501825,99.92504996877136
JPM,2024-04-05T20:00:00+00:00,2024-04-05,JPM,667.8588729260711,580.7468460226705,197.4499969,114668.46294686108,115336.32181978715,0.994209466173461,172.10601430215002,14668.462946861075,0.0,99.92504996877136,-0.008487299918568891,116323.59505865612,667.8588729260711,49.97501249375312,49.95003747501825,99.92504996877136
JPM,2024-04-08T20:00:00+00:00,2024-04-08,JPM,667.8588729260711,580.7468460226705,198.4799957,115266.6315013682,115934.49037429427,0.9942393426600671,172.10601430215002,15266.631501368203,0.0,99.92504996877136,-0.0033450194190236537,116323.59505865612,667.8588729260711,49.97501249375312,49.95003747501825,99.92504996877136
JPM,2024-04-09T20:00:00+00:00,2024-04-09,JPM,667.8588729260711,580.7468460226705,197.1499939,114494.23715081373,115162.0960237398,0.9942007058226138,172.10601430215002,14494.237150813733,0.0,99.92504996877136,-0.009985068242867157,116323.59505865612,667.8588729260711,49.97501249375312,49.95003747501825,99.92504996877136
JPM,2024-04-10T20:00:00+00:00,2024-04-10,JPM,667.8588729260711,580.7468460226705,195.4700012,113518.58668894763,114186.4455618737,0.9941511545469364,172.10601430215002,13518.586688947631,0.0,99.92504996877136,-0.01837245053941783,116323.59505865612,667.8588729260711,49.97501249375312,49.95003747501825,99.92504996877136
JPM,2024-04-11T20:00:00+00:00,2024-04-11,JPM,667.8588729260711,580.7468460226705,195.4299927,113495.35187875853,114163.2107516846,0.9941499641738465,172.10601430215002,13495.351878758534,0.0,99.92504996877136,-0.018572193421997896,116323.59505865612,667.8588729260711,49.97501249375312,49.95003747501825,99.92504996877136
JPM,2024-04-12T20:00:00+00:00,2024-04-12,JPM,667.8588729260711,580.7468460226705,182.7899933,106154.71209348008,106822.57096640614,0.9937479610639955,172.10601430215002,6154.712093480073,0.0,99.92504996877136,-0.08167753143684298,116323.59505865612,667.8588729260711,49.97501249375312,49.95003747501825,99.92504996877136
JPM,2024-04-15T20:00:00+00:00,2024-04-15,JPM,667.8588729260711,580.7468460226705,182.8899994,106212.7903206381,106880.64919356417,0.9937513583799762,172.10601430215002,6212.7903206381025,0.0,99.92504996877136,-0.08117824986693678,116323.59505865612,667.8588729260711,49.97501249375312,49.95003747501825,99.92504996877136
JPM,2024-04-16T20:00:00+00:00,2024-04-16,JPM,667.8588729260711,580.7468460226705,180.8000031,104999.03156121405,105666.89043414012,0.9936795824105156,172.10601430215002,4999.031561214054,0.0,99.92504996877136,-0.09161257971043935,116323.59505865612,667.8588729260711,49.97501249375312,49.95003747501825,99.92504996877136
JPM,2024-04-17T20:00:00+00:00,2024-04-17,JPM,667.8588729260711,580.7468460226705,180.0800018,104580.89307710683,105248.75195003289,0.9936544722806486,172.10601430215002,4580.893077106827,0.0,99.92504996877136,-0.09520719423293911,116323.59505865612,667.8588729260711,49.97501249375312,49.95003747501825,99.92504996877136
JPM,2024-04-18T20:00:00+00:00,2024-04-18,JPM,667.8588729260711,580.7468460226705,181.25,105260.36584160903,105928.2247145351,0.9936951754385965,172.10601430215002,5260.365841609034,0.0,99.92504996877136,-0.08936596516707696,116323.59505865612,667.8588729260711,49.97501249375312,49.95003747501825,99.92504996877136
JPM,2024-04-19T20:00:00+00:00,2024-04-19,JPM,667.8588729260711,580.7468460226705,185.8000031,107902.7657913274,108570.62466425347,0.9938486227283727,172.10601430215002,7902.765791327406,0.0,99.92504996877136,-0.06665002393102815,116323.59505865612,667.8588729260711,49.97501249375312,49.95003747501825,99.92504996877136
JPM,2024-04-22T20:00:00+00:00,2024-04-22,JPM,667.8588729260711,580.7468460226705,189.4100037,109999.26225391736,110667.12112684343,0.9939651554488295,172.10601430215002,9999.262253917359,0.0,99.92504996877136,-0.048627055662786356,116323.59505865612,667.8588729260711,49.97501249375312,49.95003747501825,99.92504996877136
JPM,2024-04-23T20:00:00+00:00,2024-04-23,JPM,667.8588729260711,580.7468460226705,192.1399994,111584.69864634781,112252.55751927388,0.9940503905863223,172.10601430215002,11584.698646347804,0.0,99.92504996877136,-0.0349975216750259,116323.59505865612,667.8588729260711,49.97501249375312,49.95003747501825,99.92504996877136
JPM,2024-04-24T20:00:00+00:00,2024-04-24,JPM,667.8588729260711,580.7468460226705,193.0800018,112130.60207540155,112798.46094832761,0.9940791845268881,172.10601430215002,12130.602075401544,0.0,99.92504996877136,-0.030304549206469744,116323.59505865612,667.8588729260711,49.97501249375312,49.95003747501825,99.92504996877136
JPM,2024-04-25T20:00:00+00:00,2024-04-25,JPM,667.8588729260711,580.7468460226705,193.3699951,112299.01476974426,112966.87364267033,0.9940880113666012,172.10601430215002,12299.01476974426,0.0,99.92504996877136,-0.028856754421088593,116323.59505865612,667.8588729260711,49.97501249375312,49.95003747501825,99.92504996877136
JPM,2024-04-26T20:00:00+00:00,2024-04-26,JPM,667.8588729260711,580.7468460226705,193.4900055,112368.71043103417,113036.56930396023,0.9940916565582403,172.10601430215002,12368.710431034171,0.0,99.92504996877136,-0.028257601160266876,116323.59505865612,667.8588729260711,49.97501249375312,49.95003747501825,99.92504996877136
JPM,2024-04-29T20:00:00+00:00,2024-04-29,JPM,667.8588729260711,580.7468460226705,193.2799988,112246.74970236553,112914.6085752916,0.9940852748696309,172.10601430215002,12246.749702365538,0.0,99.92504996877136,-0.029306061952826923,116323.59505865612,667.8588729260711,49.97501249375312,49.95003747501825,99.92504996877136
JPM,2024-04-30T20:00:00+00:00,2024-04-30,JPM,667.8588729260711,580.7468460226705,191.7400055,111352.4034504945,112020.26232342057,0.9940380529461906,172.10601430215002,11352.403450494498,0.0,99.92504996877136,-0.03699449568306068,116323.59505865612,667.8588729260711,49.97501249375312,49.95003747501825,99.92504996877136
JPM,2024-05-01T20:00:00+00:00,2024-05-01,JPM,667.8588729260711,580.7468460226705,191.8600006,111422.09022635767,112089.94909928374,0.9940417595128488,172.10601430215002,11422.090226357679,0.0,99.92504996877136,-0.03639541880765951,116323.59505865612,667.8588729260711,49.97501249375312,49.95003747501825,99.92504996877136
JPM,2024-05-02T20:00:00+00:00,2024-05-02,JPM,667.8588729260711,580.7468460226705,191.6600037,111305.94265746836,111973.80153039443,0.9940355791819323,172.10601430215002,11305.942657468368,0.0,99.92504996877136,-0.037393905562051355,116323.59505865612,667.8588729260711,49.97501249375312,49.95003747501825,99.92504996877136
JPM,2024-05-03T20:00:00+00:00,2024-05-03,JPM,667.8588729260711,580.7468460226705,190.5099945,110638.07844167131,111305.93731459738,0.9939997911249028,172.10601430215002,10638.078441671312,0.0,99.92504996877136,-0.04313533932241853,116323.59505865612,667.8588729260711,49.97501249375312,49.95003747501825,99.92504996877136
JPM,2024-05-06T20:00:00+00:00,2024-05-06,JPM,667.8588729260711,580.7468460226705,192.0,111503.39443635274,112171.2533092788,0.9940460781775823,172.10601430215002,11503.394436352743,0.0,99.92504996877136,-0.035696470241342704,116323.59505865612,667.8588729260711,49.97501249375312,49.95003747501825,99.92504996877136
JPM,2024-05-07T20:00:00+00:00,2024-05-07,JPM,667.8588729260711,580.7468460226705,191.75,111358.20772484707,112026.06659777314,0.9940383618455159,172.10601430215002,11358.207724847074,0.0,99.92504996877136,-0.03694459803031325,116323.59505865612,667.8588729260711,49.97501249375312,49.95003747501825,99.92504996877136
JPM,2024-05-08T20:00:00+00:00,2024-05-08,JPM,667.8588729260711,580.7468460226705,195.6499939,113623.11688177973,114290.9757547058,0.9941565038839161,172.10601430215002,13623.116881779728,0.0,99.92504996877136,-0.017473834976690528,116323.59505865612,667.8588729260711,49.97501249375312,49.95003747501825,99.92504996877136
JPM,2024-05-09T20:00:00+00:00,2024-05-09,JPM,667.8588729260711,580.7468460226705,197.5,114697.50208947744,115365.3609624035,0.9942109237352127,172.10601430215002,14697.50208947743,0.0,99.92504996877136,-0.008237658883990195,116323.59505865612,667.8588729260711,49.97501249375312,49.95003747501825,99.92504996877136
JPM,2024-05-10T20:00:00+00:00,2024-05-10,JPM,667.8588729260711,580.7468460226705,198.7700043,115435.05308113767,116102.91195406373,0.9942476992033559,172.10601430215002,15435.053081137665,0.0,99.92504996877136,-0.0018971482482217361,116323.59505865612,667.8588729260711,49.97501249375312,49.95003747501825,99.92504996877136
JPM,2024-05-13T20:00:00+00:00,2024-05-13,JPM,667.8588729260711,580.7468460226705,198.7299957,115411.81821287387,116079.67708579994,0.9942465478049838,172.10601430215002,15411.81821287387,0.0,99.92504996877136,-0.0020968916300531104,116323.59505865612,667.8588729260711,49.97501249375312,49.95003747501825,99.92504996877136
JPM,2024-05-14T20:00:00+00:00,2024-05-14,JPM,667.8588729260711,580.7468460226705,201.5099945,117026.29374792069,117694.15262084675,0.994325471078605,172.10601430215002,17026.29374792069,0.0,99.92504996877136,0.0,117694.15262084675,667.8588729260711,49.97501249375312,49.95003747501825,99.92504996877136
JPM,2024-05-15T20:00:00+00:00,2024-05-15,JPM,667.8588729260711,580.7468460226705,202.1100006,117374.74539809005,118042.60427101611,0.9943422218016071,172.10601430215002,17374.745398090054,0.0,99.92504996877136,0.0,118042.60427101611,667.8588729260711,49.97501249375312,49.95003747501825,99.92504996877136
JPM,2024-05-16T20:00:00+00:00,2024-05-16,JPM,667.8588729260711,580.7468460226705,202.4700012,117583.81461110633,118251.67348403239,0.9943522247656288,172.10601430215002,17583.814611106325,0.0,99.92504996877136,0.0,118251.67348403239,667.8588729260711,49.97501249375312,49.95003747501825,99.92504996877136
JPM,2024-05-17T20:00:00+00:00,2024-05-17,JPM,667.8588729260711,580.7468460226705,204.7899933,118931.14270597883,119599.00157890489,0.994415849094815,172.10601430215002,18931.142705978826,0.0,99.92504996877136,0.0,119599.00157890489,667.8588729260711,49.97501249375312,49.95003747501825,99.92504996877136
JPM,2024-05-20T20:00:00+00:00,2024-05-20,JPM,667.8588729260711,580.7468460226705,195.5800018,113582.46919045821,114250.32806338428,0.9941544248997206,172.10601430215002,13582.46919045822,0.0,99.92504996877136,-0.04472172380127981,119599.00157890489,667.8588729260711,49.97501249375312,49.95003747501825,99.92504996877136
JPM,2024-05-21T20:00:00+00:00,2024-05-21,JPM,667.8588729260711,580.7468460226705,199.5200043,115870.61321565467,116538.47208858073,0.9942691983088775,172.10601430215002,15870.613215654668,0.0,99.92504996877136,-0.02558992508231761,119599.00157890489,667.8588729260711,49.97501249375312,49.95003747501825,99.92504996877136
JPM,2024-05-22T20:00:00+00:00,2024-05-22,JPM,667.8588729260711,580.7468460226705,198.3099976,115167.90564096336,115835.76451388943,0.9942344328996423,172.10601430215002,15167.905640963365,0.0,99.92504996877136,-0.03146545552500024,119599.00157890489,667.8588729260711,49.97501249375312,49.95003747501825,99.92504996877136
JPM,2024-05-23T20:00:00+00:00,2024-05-23,JPM,667.8588729260711,580.7468460226705,196.9199982,114360.66787343996,115028.52674636603,0.9941939717753782,172.10601430215002,14360.667873439963,0.0,99.92504996877136,-0.038214991531710374,119599.00157890489,667.8588729260711,49.97501249375312,49.95003747501825,99.92504996877136
JPM,2024-05-24T20:00:00+00:00,2024-05-24,JPM,667.8588729260711,580.7468460226705,200.7100067,116561.70335621407,117229.56222914014,0.9943029824540277,172.10601430215002,16561.703356214075,0.0,99.92504996877136,-0.01981153118741985,119599.00157890489,667.8588729260711,49.97501249375312,49.95003747501825,99.92504996877136
JPM,2024-05-28T20:00:00+00:00,2024-05-28,JPM,667.8588729260711,580.7468460226705,199.5,115858.99578152277,116526.85465444883,0.9942686269623723,172.10601430215002,15858.995781522772,0.0,99.92504996877136,-0.02568706163010248,119599.00157890489,667.8588729260711,49.97501249375312,49.95003747501825,99.92504996877136
JPM,2024-05-29T20:00:00+00:00,2024-05-29,JPM,667.8588729260711,580.7468460226705,198.1100006,115051.75801399937,115719.61688692543,0.994228646007542,172.10601430215002,15051.75801399937,0.0,99.92504996877136,-0.032436597636812614,119599.00157890489,667.8588729260711,49.97501249375312,49.95003747501825,99.92504996877136
JPM,2024-05-30T20:00:00+00:00,2024-05-30,JPM,667.8588729260711,580.7468460226705,199.3300018,115760.26986304323,116428.1287359693,0.9942637670108002,172.10601430215002,15760.269863043235,0.0,99.92504996877136,-0.026512536066980674,119599.00157890489,667.8588729260711,49.97501249375312,49.95003747501825,99.92504996877136
JPM,2024-05-31T20:00:00+00:00,2024-05-31,JPM,667.8588729260711,580.7468460226705,202.6300049,117676.73625523326,118344.59512815933,0.9943566592779094,172.10601430215002,17676.736255233267,0.0,99.92504996877136,-0.010488435807868957,119599.00157890489,667.8588729260711,49.97501249375312,49.95003747501825,99.92504996877136
JPM,2024-06-03T20:00:00+00:00,2024-06-03,JPM,667.8588729260711,580.7468460226705,201.8200073,117206.33270374734,117874.1915766734,0.9943341382537361,172.10601430215002,17206.332703747335,0.0,99.92504996877136,-0.01442160870459741,119599.00157890489,667.8588729260711,49.97501249375312,49.95003747501825,99.92504996877136
JPM,2024-06-04T20:00:00+00:00,2024-06-04,JPM,667.8588729260711,580.7468460226705,199.1600037,115661.54400263839,116329.40287556445,0.9942588988130502,172.10601430215002,15661.544002638395,0.0,99.92504996877136,-0.0273380100182804,119599.00157890489,667.8588729260711,49.97501249375312,49.95003747501825,99.92504996877136
JPM,2024-06-05T20:00:00+00:00,2024-06-05,JPM,667.8588729260711,580.7468460226705,197.2599945,114558.11965232434,115225.97852525041,0.9942039210126585,172.10601430215002,14558.119652324338,0.0,99.92504996877136,-0.036564043143532454,119599.00157890489,667.8588729260711,49.97501249375312,49.95003747501825,99.92504996877136
JPM,2024-06-06T20:00:00+00:00,2024-06-06,JPM,667.8588729260711,580.7468460226705,196.9100037,114354.86359908739,115022.72247201345,0.9941936787916964,172.10601430215002,14354.863599087386,0.0,99.92504996877136,-0.038263522658859794,119599.00157890489,667.8588729260711,49.97501249375312,49.95003747501825,99.92504996877136
JPM,2024-06-07T20:00:00+00:00,2024-06-07,JPM,667.8588729260711,580.7468460226705,199.9499969,116120.33006191775,116788.18893484381,0.9942814519257708,172.10601430215002,16120.330061917752,0.0,99.92504996877136,-0.023501974154915173,119599.00157890489,667.8588729260711,49.97501249375312,49.95003747501825,99.92504996877136
JPM,2024-06-10T20:00:00+00:00,2024-06-10,JPM,667.8588729260711,580.7468460226705,199.6100006,115922.87828303338,116590.73715595945,0.9942717673014393,172.10601430215002,15922.878283033377,0.0,99.92504996877136,-0.02515292254309298,119599.00157890489,667.8588729260711,49.97501249375312,49.95003747501825,99.92504996877136
JPM,2024-06-11T20:00:00+00:00,2024-06-11,JPM,667.8588729260711,580.7468460226705,194.3600006,112873.95734141435,113541.81621434042,0.9941179479491036,172.10601430215002,12873.957341414356,0.0,99.92504996877136,-0.05064578537111175,119599.00157890489,667.8588729260711,49.97501249375312,49.95003747501825,99.92504996877136
JPM,2024-06-12T20:00:00+00:00,2024-06-12,JPM,667.8588729260711,580.7468460226705,191.5299988,111230.44272182586,111898.30159475193,0.9940315548725237,172.10601430215002,11230.442721825864,0.0,99.92504996877136,-0.06438766112167305,119599.00157890489,667.8588729260711,49.97501249375312,49.95003747501825,99.92504996877136
JPM,2024-06-13T20:00:00+00:00,2024-06-13,JPM,667.8588729260711,580.7468460226705,193.6600037,112467.43634951371,113135.29522243977,0.994096812390749,172.10601430215002,12467.436349513708,0.0,99.92504996877136,-0.05404481869525235,119599.00157890489,667.8588729260711,49.97501249375312,49.95003747501825,99.92504996877136
JPM,2024-06-14T20:00:00+00:00,2024-06-14,JPM,667.8588729260711,580.7468460226705,193.7799988,112537.12312537688,113204.98199830294,0.9941004462777435,172.10601430215002,12537.123125376873,0.0,99.92504996877136,-0.05346214848109343,119599.00157890489,667.8588729260711,49.97501249375312,49.95003747501825,99.92504996877136
JPM,2024-06-17T20:00:00+00:00,2024-06-17,JPM,667.8588729260711,580.7468460226705,194.9799957,113234.01754028886,113901.87641321492,0.9941365419608788,172.10601430215002,13234.017540288856,0.0,99.92504996877136,-0.04763522345904636,119599.00157890489,667.8588729260711,49.97501249375312,49.95003747501825,99.92504996877136
JPM,2024-06-18T20:00:00+00:00,2024-06-18,JPM,667.8588729260711,580.7468460226705,197.0,114407.12866646609,115074.98753939215,0.9941963159222812,172.10601430215002,14407.128666466095,0.0,99.92504996877136,-0.037826520119635276,119599.00157890489,667.8588729260711,49.97501249375312,49.95003747501825,99.92504996877136
JPM,2024-06-20T20:00:00+00:00,2024-06-20,JPM,667.8588729260711,580.7468460226705,198.6699982,115376.97485397964,116044.83372690571,0.9942448202864612,172.10601430215002,15376.974853979636,0.0,99.92504996877136,-0.02971737058903734,119599.00157890489,667.8588729260711,49.97501249375312,49.95003747501825,99.92504996877136
JPM,2024-06-21T20:00:00+00:00,2024-06-21,JPM,667.8588729260711,580.7468460226705,196.3000031,114000.60767456544,114668.46654749151,0.9941757407852885,172.10601430215002,14000.607674565446,0.0,99.92504996877136,-0.041225553443775875,119599.00157890489,667.8588729260711,49.97501249375312,49.95003747501825,99.92504996877136
JPM,2024-06-24T20:00:00+00:00,2024-06-24,JPM,667.8588729260711,580.7468460226705,198.8800049,115498.93558264825,116166.79445557432,0.9942508625114772,172.10601430215002,15498.935582648253,0.0,99.92504996877136,-0.028697623542168094,119599.00157890489,667.8588729260711,49.97501249375312,49.95003747501825,99.92504996877136
JPM,2024-06-25T20:00:00+00:00,2024-06-25,JPM,667.8588729260711,580.7468460226705,198.0700073,115028.53203116232,115696.39090408839,0.994227487411602,172.10601430215002,15028.53203116232,0.0,99.92504996877136,-0.03263079643889644,119599.00157890489,667.8588729260711,49.97501249375312,49.95003747501825,99.92504996877136
JPM,2024-06-26T20:00:00+00:00,2024-06-26,JPM,667.8588729260711,580.7468460226705,197.4299927,114656.84557080387,115324.70444372993,0.9942088828569083,172.10601430215002,14656.845570803875,0.0,99.92504996877136,-0.03573856870665437,119599.00157890489,667.8588729260711,49.97501249375312,49.95003747501825,99.92504996877136
JPM,2024-06-27T20:00:00+00:00,2024-06-27,JPM,667.8588729260711,580.7468460226705,199.1699982,115667.34827699098,116335.20714991704,0.9942591852519296,172.10601430215002,15667.348276990971,0.0,99.92504996877136,-0.02728947889113087,119599.00157890489,667.8588729260711,49.97501249375312,49.95003747501825,99.92504996877136
JPM,2024-06-28T20:00:00+00:00,2024-06-28,JPM,667.8588729260711,580.7468460226705,202.2599945,117461.85388243769,118129.71275536375,0.994346393829729,172.10601430215002,17461.853882437692,0.0,99.92504996877136,-0.012285126164466975,119599.00157890489,667.8588729260711,49.97501249375312,49.95003747501825,99.92504996877136
JPM,2024-07-01T20:00:00+00:00,2024-07-01,JPM,667.8588729260711,580.7468460226705,205.4499969,119314.43771504244,119982.2965879685,0.9944336882030225,172.10601430215002,19314.43771504244,0.0,99.92504996877136,0.0,119982.2965879685,667.8588729260711,49.97501249375312,49.95003747501825,99.92504996877136
JPM,2024-07-02T20:00:00+00:00,2024-07-02,JPM,667.8588729260711,580.7468460226705,208.8300018,121277.3649002586,121945.22377318467,0.9945232879791318,172.10601430215002,21277.364900258606,0.0,99.92504996877136,0.0,121945.22377318467,667.8588729260711,49.97501249375312,49.95003747501825,99.92504996877136
JPM,2024-07-03T17:00:00+00:00,2024-07-03,JPM,667.8588729260711,580.7468460226705,208.6900024,121196.06069026353,121863.9195631896,0.9945196340695429,172.10601430215002,21196.06069026354,0.0,99.92504996877136,-0.0006667273016472963,121945.22377318467,667.8588729260711,49.97501249375312,49.95003747501825,99.92504996877136
JPM,2024-07-05T20:00:00+00:00,2024-07-05,JPM,1335.7177458521421,580.7468460226705,204.7899933,118931.14270597883,120266.86045183097,0.9888937173479545,172.10601430215002,18931.142705978826,0.0,99.92504996877136,-0.01376325590640115,121945.22377318467,1335.7177458521421,49.97501249375312,49.95003747501825,99.92504996877136
