symbol,formal_case_references,formal_case_reference_count,source_member,source_index,record_hash,Date,Stock_symbol,Article_title,Url,Article,preprocessed_title,preprocessed_body,raw_row_fidelity,integrity_status,integrity_rationale
AAPL,"[""AAPL:2024-01-05"", ""AAPL:2024-01-12""]",2,sp500_news/AAPL.jsonl,520,097f8929c639d3d650508e81157edb10008b48a7c7d0fca6163daf9c6a1feacd,2023-12-16,AAPL,AAPL Quantitative Stock Analysis,https://www.nasdaq.com/articles/aapl-quantitative-stock-analysis-10,"The Dow Jones industrial average continues to hit highs while the S&P 500 and Nasdaq take a breather.
[ibd-display-video id=2067944 width=50 float=left autostart=true]That could help new buy opportunities to take shape. Two ETFs with big weightings in PayPal ( PYPL ) and Apple ( AAPL ) are poised near buy points.
First Trust US Equity Opportunities ( FPX ) is pulling back near its 50-day moving average , after marking a record high last week. It gained about 3% from an early July bounce off the support line to the peak.
The fund tracks the IPOX-100 U.S. Index, which is a market-cap-weighted index of the 100 biggest and most liquid U.S. initial public offerings. The index sets a 10% cap on weightings in all constituents and is reconstituted quarterly.
[ibdchart symbol=""FPX"" type=""daily"" size=""threequarter"" position=""leftchart"" /]
FPX, which turned 11 in April, has gathered $858.2 million in assets. Its biggest sector weightings as of Aug. 1 were technology, at about 21%, health care at 19% and consumer defensive at 15%. Top holdings included drugmaker AbbVie ( ABBV ), Kraft Heinz ( KHC ) and PayPal ( PYPL ).
PayPal has rallied about 50% this year. AbbVie has advanced 13%. Kraft Heinz is slightly negative. The top five holdings accounted for nearly 33% of assets.
The fund outperformed the S&P 500 with a 12.8% vs. 11.9% gain through Aug. 1, according to Morningstar Inc. It lagged the benchmark index over the past three years but has outpaced the S&P 500 on a five- and 10-year basis. FPX has a 0.60% expense ratio.
IShares Edge MSCI U.S. Quality Factor (QUAL), which gained 2% from a June 1 breakout past a 74.39 buy point to a June 19 peak, is testing support at its 50-day line for the second time since the breakout.
A solid rebound off the line could set up a buy opportunity. The $3.5 billion fund, which marked its fourth anniversary last month, trails the S&P 500 this year with a 10.2% gain. Its three-year average annual return of 11.4% is just ahead of the benchmark index's 11.1% advance.
[ibdchart symbol=""QUAL"" type=""daily"" size=""threequarter"" position=""leftchart"" /]
QUAL, featured in this column June 1, counted among its top holdings as of Monday: Altria Group (MO), Johnson & Johnson (JNJ), Microsoft (MSFT) and Apple ( AAPL ). Apple leapt 5% Tuesday on the heels of its quarterly earnings report. QUAL carries a 0.15% expense ratio.
Wednesday's picks remain slightly below their respective buy points: iShares Edge Min Vol USA (USMV) is just shy of a 50.13 flat-base entry; FlexShares Quality Dividend Index Fund (QDF) is less than 1% away from a 41.85 flat-base buy point.
Indexes Narrowly Mixed; Oil Funds Reverse Lower
Key U.S. index funds were mixed in the stock market today . SPDR Dow Jones Industrial Average (DIA) up 0.1%, while SPDR S&P 500 (SPY) and PowerShares QQQ Trust (QQQ) gave up 0.1% and 0.2%, respectively.
Health care, utilities and retail ETFs held modest gains. SPDR Health Care (XLV) advanced 0.4%. It's near the top of a buy range from a 76.84 flat-base entry. The fund is drawing close to its 50-day line, where it could set up a buy opportunity on a solid bounce.
Oil plays were lower as West Texas intermediate prices dipped 0.7% to $49.26 a barrel. United States Oil Fund (USO) and PowerShares DB Oil Fund (DBO) gained nearly 1% each.VanEck Vectors Oil Services (OIH) was down 1%, while SPDR S&P Oil & Gas Exploration & Production (XOP) sank nearly 4%, on track for a fifth straight slide.
Energy, banks and gold miners also lagged. But SPDR Gold Trust (GLD) and iShares Gold Trust (IAU) were slightly higher.
Among foreign ETFs iShares MSCI South Korea Capped (EWY) gapped down and fell 2%. The Kospi Composite Index tumbled 1.7%. The move sent EWY shares to a test of the 50-day line. If they find support and rebound off the line, that could set up a potential buy opportunity.
RELATED:
Dow Holds Up, Oil Reverses Higher; 2 Big-Dividend Plays Near Breakout
Dow Keeps Win Streak Alive; Which Foreign Plays Breaking Out?
Like Apple? Watch These 2 Big ETFs For Potential Breakout
Snapped Up! First Trust ETF Is First To Pick Up Red-Hot Snap IPO
The views and opinions expressed herein are the views and opinions of the author and do not necessarily reflect those of Nasdaq, Inc.
The views and opinions expressed herein are the views and opinions of the author and do not necessarily reflect those of Nasdaq, Inc.",AAPL Quantitative Stock Analysis,"The Dow Jones industrial average continues to hit highs while the S&P 500 and Nasdaq take a breather. [ibd-display-video id=2067944 width=50 float=left autostart=true]That could help new buy opportunities to take shape. Two ETFs with big weightings in PayPal ( PYPL ) and Apple ( AAPL ) are poised near buy points. First Trust US Equity Opportunities ( FPX ) is pulling back near its 50-day moving average , after marking a record high last week. It gained about 3% from an early July bounce off the support line to the peak. The fund tracks the IPOX-100 U.S. Index, which is a market-cap-weighted index of the 100 biggest and most liquid U.S. initial public offerings. The index sets a 10% cap on weightings in all constituents and is reconstituted quarterly. [ibdchart symbol=""FPX"" type=""daily"" size=""threequarter"" position=""leftchart"" /] FPX, which turned 11 in April, has gathered $858.2 million…",PASS,VERIFIED_MISMATCH,Article body begins with an unrelated historical company/event and 2015-2019 earnings-era prose while the title and Nasdaq URL identify a different 2023 Apple-targeted article.
AAPL,"[""AAPL:2024-01-05"", ""AAPL:2024-01-12""]",2,sp500_news/AAPL.jsonl,521,3333e96841525e4be5980d448fe3543e7195eb5484c3ec217f25427054dfa19b,2023-12-16,AAPL,3 Artificial Intelligence (AI) Stocks for 2024 (and Beyond),https://www.nasdaq.com/articles/3-artificial-intelligence-ai-stocks-for-2024-and-beyond,"The NASDAQ 100 After Hours Indicator is down -1.04 to 5,890.16. The total After hours volume is currently 40,597,207 shares traded.
The following are the most active stocks for the after hours session :
Nabors Industries Ltd. ( NBR ) is unchanged at $7.46, with 3,761,075 shares traded. As reported by Zacks, the current mean recommendation for NBR is in the ""buy range"".
Star Bulk Carriers Corp. ( SBLK ) is -0.37 at $9.60, with 3,065,980 shares traded.SBLK is scheduled to provide an earnings report on 8/8/2017, for the fiscal quarter ending Jun2017. The consensus earnings per share forecast is -0.1 per share, which represents a -73 percent increase over the EPS one Year Ago
Freeport-McMoran, Inc. ( FCX ) is +0.02 at $14.39, with 2,436,936 shares traded. Over the last four weeks they have had 3 up revisions for the earnings forecast, for the fiscal quarter ending Mar 2018. The consensus EPS forecast is $0.38. FCX's current last sale is 110.69% of the target price of $13.
Bank of America Corporation ( BAC ) is -0.04 at $24.33, with 2,253,068 shares traded. Over the last four weeks they have had 4 up revisions for the earnings forecast, for the fiscal quarter ending Sep 2017. The consensus EPS forecast is $0.47. BAC's current last sale is 93.58% of the target price of $26.
HP Inc. ( HPQ ) is unchanged at $19.36, with 2,060,452 shares traded. HPQ's current last sale is 96.8% of the target price of $20.
Wells Fargo & Company ( WFC ) is -0.09 at $53.31, with 1,881,048 shares traded. Over the last four weeks they have had 3 up revisions for the earnings forecast, for the fiscal quarter ending Sep 2017. The consensus EPS forecast is $1.05. WFC's current last sale is 93.53% of the target price of $57.
JetBlue Airways Corporation ( JBLU ) is unchanged at $22.13, with 1,505,630 shares traded. Over the last four weeks they have had 3 up revisions for the earnings forecast, for the fiscal quarter ending Sep 2017. The consensus EPS forecast is $0.63. JBLU's current last sale is 79.04% of the target price of $28.
Genpact Limited ( G ) is unchanged at $29.99, with 1,418,058 shares traded., following a 52-week high recorded in today's regular session.
Applied Optoelectronics, Inc. ( AAOI ) is -28.39 at $69.60, with 1,411,040 shares traded. Over the last four weeks they have had 4 up revisions for the earnings forecast, for the fiscal quarter ending Jun 2017. The consensus EPS forecast is $1.28. Seeking Alpha Reports: Applied Optoelectronics: China Fears Loom Before Earnings
PowerShares QQQ Trust, Series 1 ( QQQ ) is +0.03 at $143.42, with 1,326,417 shares traded. This represents a 26.42% increase from its 52 Week Low.
Micron Technology, Inc. ( MU ) is -0.03 at $27.80, with 1,232,722 shares traded. As reported by Zacks, the current mean recommendation for MU is in the ""buy range"".
Microsoft Corporation ( MSFT ) is +0.01 at $72.16, with 1,174,939 shares traded. Over the last four weeks they have had 3 up revisions for the earnings forecast, for the fiscal quarter ending Sep 2017. The consensus EPS forecast is $0.77. As reported by Zacks, the current mean recommendation for MSFT is in the ""buy range"".
The views and opinions expressed herein are the views and opinions of the author and do not necessarily reflect those of Nasdaq, Inc.
The views and opinions expressed herein are the views and opinions of the author and do not necessarily reflect those of Nasdaq, Inc.",3 Artificial Intelligence (AI) Stocks for 2024 (and Beyond),"The NASDAQ 100 After Hours Indicator is down -1.04 to 5,890.16. The total After hours volume is currently 40,597,207 shares traded. The following are the most active stocks for the after hours session : Nabors Industries Ltd. ( NBR ) is unchanged at $7.46, with 3,761,075 shares traded. As reported by Zacks, the current mean recommendation for NBR is in the ""buy range"". Star Bulk Carriers Corp. ( SBLK ) is -0.37 at $9.60, with 3,065,980 shares traded.SBLK is scheduled to provide an earnings report on 8/8/2017, for the fiscal quarter ending Jun2017. The consensus earnings per share forecast is -0.1 per share, which represents a -73 percent increase over the EPS one Year Ago Freeport-McMoran, Inc. ( FCX ) is +0.02 at $14.39, with 2,436,936 shares traded. Over the last four weeks they have had 3 up revisions for the earnings forecast, for the fiscal quarter ending Mar 2018. The consensus EP…",PASS,VERIFIED_MISMATCH,Article body begins with an unrelated historical company/event and 2015-2019 earnings-era prose while the title and Nasdaq URL identify a different 2023 Apple-targeted article.
AAPL,"[""AAPL:2024-01-05"", ""AAPL:2024-01-12""]",2,sp500_news/AAPL.jsonl,506,5f2daaae54dc2f3d543a46a6d1bbb422b4521aafd2e2962fd58fa6090282b74e,2023-12-16,AAPL,3 Outstanding Stocks to Buy if Interest Rates Fall Next Year,https://www.nasdaq.com/articles/3-outstanding-stocks-to-buy-if-interest-rates-fall-next-year,"Westchester Capital Management, Inc.
New Purchases: MCHP , SDY , VZ ,
Added Positions:PFE, AGN, WM, ZBH, MSFT, CVS, SYF, DIS, CSCO, BRK.B,
Reduced Positions:MCD, CAT, GLD,
Sold Out:SPY,
For the details of Westchester Capital Management, Inc.'s stock buys and sells, go to http://www.gurufocus.com/StockBuy.php?GuruName=Westchester+Capital+Management%2C+Inc.
These are the top 5 holdings of Westchester Capital Management, Inc.
Apple Inc ( AAPL ) - 79,397 shares, 5.21% of the total portfolio. Shares added by 1.07%
Berkshire Hathaway Inc (BRK.B) - 66,429 shares, 5.13% of the total portfolio. Shares added by 2.38%
AbbVie Inc ( ABBV ) - 147,343 shares, 4.87% of the total portfolio. Shares added by 1.73%
Bank of New York Mellon Corp ( BK ) - 189,076 shares, 4.4% of the total portfolio. Shares added by 1.96%
Microsoft Corp ( MSFT ) - 132,418 shares, 4.16% of the total portfolio. Shares added by 3.66%
New Purchase: Microchip Technology Inc ( MCHP )
Westchester Capital Management, Inc. initiated holdings in Microchip Technology Inc. The purchase prices were between $72.15 and $86.86, with an estimated average price of $78.59. The stock is now traded at around $79.79. The impact to the portfolio due to this purchase was 3.58%. The holdings were 101,600 shares as of 2017-06-30.
New Purchase: SPDR S&P Dividend (SDY)
Westchester Capital Management, Inc. initiated holdings in SPDR S&P Dividend. The purchase prices were between $86.77 and $90.78, with an estimated average price of $88.59. The stock is now traded at around $89.77. The impact to the portfolio due to this purchase was 2.08%. The holdings were 51,362 shares as of 2017-06-30.
New Purchase: Verizon Communications Inc (VZ)
Westchester Capital Management, Inc. initiated holdings in Verizon Communications Inc. The purchase prices were between $44.41 and $49.31, with an estimated average price of $46.65. The stock is now traded at around $48.32. The impact to the portfolio due to this purchase was less than 0.01%. The holdings were 100 shares as of 2017-06-30.
Added: Ford Motor Co (F)
Westchester Capital Management, Inc. added to the holdings in Ford Motor Co by 76.80%. The purchase prices were between $10.76 and $11.64, with an estimated average price of $11.17. The stock is now traded at around $10.97. The impact to the portfolio due to this purchase was less than 0.01%. The holdings were 1,151 shares as of 2017-06-30.
Sold Out: SPDR S&P 500 (SPY)
Westchester Capital Management, Inc. sold out the holdings in SPDR S&P 500. The sale prices were between $232.51 and $244.66, with an estimated average price of $239.5.
Warning! GuruFocus has detected 5 Warning Signs with F. Click here to check it out.
High Yield Dividend Stocks in Gurus' Portfolio
Top dividend stocks of Warren Buffett
Top dividend stocks of George Soros
Premium Members
This article first appeared on GuruFocus .
The views and opinions expressed herein are the views and opinions of the author and do not necessarily reflect those of Nasdaq, Inc.
The views and opinions expressed herein are the views and opinions of the author and do not necessarily reflect those of Nasdaq, Inc.",3 Outstanding Stocks to Buy if Interest Rates Fall Next Year,"Westchester Capital Management, Inc. New Purchases: MCHP , SDY , VZ , Added Positions:PFE, AGN, WM, ZBH, MSFT, CVS, SYF, DIS, CSCO, BRK.B, Reduced Positions:MCD, CAT, GLD, Sold Out:SPY, For the details of Westchester Capital Management, Inc.'s stock buys and sells, go to http://www.gurufocus.com/StockBuy.php?GuruName=Westchester+Capital+Management%2C+Inc. These are the top 5 holdings of Westchester Capital Management, Inc. Apple Inc ( AAPL ) - 79,397 shares, 5.21% of the total portfolio. Shares added by 1.07% Berkshire Hathaway Inc (BRK.B) - 66,429 shares, 5.13% of the total portfolio. Shares added by 2.38% AbbVie Inc ( ABBV ) - 147,343 shares, 4.87% of the total portfolio. Shares added by 1.73% Bank of New York Mellon Corp ( BK ) - 189,076 shares, 4.4% of the total portfolio. Shares added by 1.96% Microsoft Corp ( MSFT ) - 132,418 shares, 4.16% of the total portfolio. Shares added by 3…",PASS,VERIFIED_MISMATCH,Article body begins with an unrelated historical company/event and 2015-2019 earnings-era prose while the title and Nasdaq URL identify a different 2023 Apple-targeted article.
AAPL,"[""AAPL:2024-01-05"", ""AAPL:2024-01-12""]",2,sp500_news/AAPL.jsonl,522,6961288fd42fbb1ad72f500824391de368a89df35801c1d361185832e8b34c12,2023-12-16,AAPL,49.1% of Warren Buffett's $373 Billion Portfolio Is Invested in 3 Artificial Intelligence (AI) Stocks,https://www.nasdaq.com/articles/49.1-of-warren-buffetts-%24373-billion-portfolio-is-invested-in-3-artificial-intelligence-ai,"Applied Optoelectronics, Inc. (AAOI) just released its second-quarter fiscal 2017 financial results, posting earnings of $1.54 per share and revenues of $117.4 million. Currently, AAOI is down a whopping 29.38% to $69.20 per share in trading shortly after its earnings report was released.
Applied Optoelectronics:
Beat earnings estimates . The company posted earnings of $1.54 per share, defeating the Wall Street Consensus Estimate of $1.32 per share.
Beat revenue estimates . The company saw revenue figures of $117.4 million, which is up 112% year-over-year, beating our consensus estimate of $115.64 million.
Applied Optoelectronics is calling for revenues between $107 million and $115 million during the third-quarter of fiscal 2017. This range falls below our Zacks Consensus Estimate for the quarter of $122.93 million, which is a large part of the reason the stock lost over 25% after hours.
The company also projects Non-GAAP gross margin in the range of 43% to 44.5%, net income in the range of $26.6 million to $29.4 million, and EPS in the range of $1.30 to $1.43.
""Our record gross margin and earnings demonstrate the strength of our business model and deep manufacturing know-how. We believe our ability to leverage our vertical integration and proprietary manufacturing processes to drive greater efficiencies and shorten our production cycle times sets AOI apart from others in the industry,"" said President and CEO Dr. Thompson Lin.
Here's a graph that looks at AAOI's Price, Consensus and EPS Surprise:
Applied Optoelectronics, Inc. Price, Consensus and EPS Surprise
Applied Optoelectronics, Inc. Price, Consensus and EPS Surprise | Applied Optoelectronics, Inc. Quote
Applied Optoelectronics, Inc. designs, develops and manufactures advanced optical devices, packaged optical components, optical subsystems, laser transmitters and fiber optic transceivers. The company's products are used in fiber optic communications equipment for FTTH, point-to-point telecom, datacom and access networks and systems supporting cable television, network infrastructure.
Check back later for our full analysis on AAOI's earnings report!
More Stock News: Tech Opportunity Worth $386 Billion in 2017
From driverless cars to artificial intelligence, we've seen an unsurpassed growth of high-tech products in recent months. Yesterday's science-fiction is becoming today's reality. Despite all the innovation, there is a single component no tech company can survive without.
Demand for this critical device will reach $387 billion this year alone, and it's likely to grow even faster in the future. Zacks has released a brand-new Special Report to help you take advantage of this exciting investment opportunity. Most importantly, it reveals 4 stocks with massive profit potential. See these stocks now>>
Want the latest recommendations from Zacks Investment Research? Today, you can download 7 Best Stocks for the Next 30 Days. Click to get this free report
Applied Optoelectronics, Inc. (AAOI): Free Stock Analysis Report
To read this article on Zacks.com click here.
Zacks Investment Research
The views and opinions expressed herein are the views and opinions of the author and do not necessarily reflect those of Nasdaq, Inc.
The views and opinions expressed herein are the views and opinions of the author and do not necessarily reflect those of Nasdaq, Inc.",49.1% of Warren Buffett's $373 Billion Portfolio Is Invested in 3 Artificial Intelligence (AI) Stocks,"Applied Optoelectronics, Inc. (AAOI) just released its second-quarter fiscal 2017 financial results, posting earnings of $1.54 per share and revenues of $117.4 million. Currently, AAOI is down a whopping 29.38% to $69.20 per share in trading shortly after its earnings report was released. Applied Optoelectronics: Beat earnings estimates . The company posted earnings of $1.54 per share, defeating the Wall Street Consensus Estimate of $1.32 per share. Beat revenue estimates . The company saw revenue figures of $117.4 million, which is up 112% year-over-year, beating our consensus estimate of $115.64 million. Applied Optoelectronics is calling for revenues between $107 million and $115 million during the third-quarter of fiscal 2017. This range falls below our Zacks Consensus Estimate for the quarter of $122.93 million, which is a large part of the reason the stock lost over 25% after hour…",PASS,VERIFIED_MISMATCH,Article body begins with an unrelated historical company/event and 2015-2019 earnings-era prose while the title and Nasdaq URL identify a different 2023 Apple-targeted article.
AAPL,"[""AAPL:2024-01-05"", ""AAPL:2024-01-12""]",2,sp500_news/AAPL.jsonl,527,6f634f5b15ee13e1f0a8c90cddd78466821c828c175b021f5d1af5e3bb3fb6fe,2023-12-16,AAPL,2 Top Warren Buffett Stocks to Buy Right Now,https://www.nasdaq.com/articles/2-top-warren-buffett-stocks-to-buy-right-now-14,"Hubspot, Inc.HUBS reported revenues of $89.1 million, showcasing a year-over-year increase of 37.1% in second-quarter 2017. The figure surpassed the Zacks Consensus Estimate of $86 million as well as the guided range of $85-$86 million.
The company posted adjusted profit of 7 cents per share against a loss of 7 cents per share in the year-ago quarter. Notably, including stock-based compensation, loss per share came in at 26 cents.
The Zacks Consensus Estimate was pegged at a loss of 37 cents.
The year-over-year growth in revenues can be primarily attributed to the growing customer base.
HubSpot's stock has gained 49.2% year to date, substantially outperforming the 19.4% rally of the industry it belongs to.
Quarter Details
Total customers increased 40% year over year to 34,326. Marketing customers increased 30% to 26,560.
Average subscription revenue per customer was up 6.6% year over year to $12,773. The company continues to witness rapid adoption of its $50 per month marketing starter product, but we believe this will hurt the average subscription revenue per customer in the near term.
Management stated that it is hopeful about these customers upgrading to higher priced products over time.
Deferred revenues grew 44% year over year to $111.3 million, while calculated billings, defined as revenue plus the change in deferred revenues, came in at $94.8 million, up 39% year over year. Management noted that growth in billings was partially backed by a forex benefit.
International revenues grew 62% year over year, representing 32% of total revenue in the quarter.
HubSpot, Inc. Price, Consensus and EPS Surprise
HubSpot, Inc. Price, Consensus and EPS Surprise | HubSpot, Inc. Quote
Management stated that the growing adoption of Hubspot's flagship product, One Hubspot and launch of a few other freemium products as a complementary addition to the company's core paid sales and marketing products, have been positives for the top line.
Adjusted subscription revenue gross margin expanded 160 basis points (bps) from the year-ago quarter to 85.4%.
The company reported non-GAAP operating income of $2.4 million against a loss of $2.5 million in the year-ago quarter.
Guidance
HubSpot forecasts revenues in the range of $92.8-$93.8 million for the third quarter of 2017, which reflects sequential improvement of almost 4.7% at the mid-point. The Zacks Consensus Estimate is currently pegged at $84.5 million.
Management expects non-GAAP operating loss in the range of $4.5 million to $3.5 million for the quarter. Moreover, HubSpot expects non-GAAP net loss per share to be in the range 8 cents to 10 cents. The Zacks Consensus Estimate (includes stock-based compensation) is currently pegged at a loss of 43 cents per share.
For full-year 2017, HubSpot expects revenues in the range of $362.8 million to $364.8 million. Non-GAAP operating income is expected in the range of breakeven to $2 million, up from the previous guidance of a loss of $3 million to $5 million.
Non-GAAP net income per share is anticipated to be in the range of 3 cents to 7 cents compared with the previously guided range of 4 cents to 10 cents per share. The Zacks Consensus Estimate for revenues is currently pegged at $358.17 million.
The company expects free cash flow for the year in the range of $15 million to $16 million, up from $13 million to $14 million.
Zacks Rank & Stocks to Consider
Currently, HubSpot carries a Zacks Rank #3 (Hold). You can see the complete list of today's Zacks #1 Rank (Strong Buy) stocks here.
Better-ranked stocks in the industry are Alibaba Group Holding Limited BABA , Applied Optoelectronics, Inc. AAOI , and Symantec Corp. SYMC , all sporting a Zacks Rank #1.
Long-term earnings growth rate for Alibaba Group, Applied Optoelectronics and Symantec are projected to be 28.9%, 18.7% and 10.3%, respectively.
More Stock News: Tech Opportunity Worth $386 Billion in 2017
From driverless cars to artificial intelligence, we've seen an unsurpassed growth of high-tech products in recent months. Yesterday's science-fiction is becoming today's reality. Despite all the innovation, there is a single component no tech company can survive without. Demand for this critical device will reach $387 billion this year alone, and it's likely to grow even faster in the future.
Zacks has released a brand-new Special Report to help you take advantage of this exciting investment opportunity. Most importantly, it reveals 4 stocks with massive profit potential.
See these stocks now>>
Want the latest recommendations from Zacks Investment Research? Today, you can download 7 Best Stocks for the Next 30 Days. Click to get this free report
Alibaba Group Holding Limited (BABA): Free Stock Analysis Report
HubSpot, Inc. (HUBS): Free Stock Analysis Report
Symantec Corporation (SYMC): Free Stock Analysis Report
Applied Optoelectronics, Inc. (AAOI): Free Stock Analysis Report
To read this article on Zacks.com click here.
Zacks Investment Research
The views and opinions expressed herein are the views and opinions of the author and do not necessarily reflect those of Nasdaq, Inc.
The views and opinions expressed herein are the views and opinions of the author and do not necessarily reflect those of Nasdaq, Inc.",2 Top Warren Buffett Stocks to Buy Right Now,"Hubspot, Inc.HUBS reported revenues of $89.1 million, showcasing a year-over-year increase of 37.1% in second-quarter 2017. The figure surpassed the Zacks Consensus Estimate of $86 million as well as the guided range of $85-$86 million. The company posted adjusted profit of 7 cents per share against a loss of 7 cents per share in the year-ago quarter. Notably, including stock-based compensation, loss per share came in at 26 cents. The Zacks Consensus Estimate was pegged at a loss of 37 cents. The year-over-year growth in revenues can be primarily attributed to the growing customer base. HubSpot's stock has gained 49.2% year to date, substantially outperforming the 19.4% rally of the industry it belongs to. Quarter Details Total customers increased 40% year over year to 34,326. Marketing customers increased 30% to 26,560. Average subscription revenue per customer was up 6.6% year over ye…",PASS,VERIFIED_MISMATCH,Article body begins with an unrelated historical company/event and 2015-2019 earnings-era prose while the title and Nasdaq URL identify a different 2023 Apple-targeted article.
AAPL,"[""AAPL:2024-01-05"", ""AAPL:2024-01-12""]",2,sp500_news/AAPL.jsonl,529,b35641d9e48f0ef26334eaa320b1d081980a210b6191e53b09afd375e557a204,2023-12-16,AAPL,Apple To Halt Sale Of Watch Series 9 And Ultra 2,https://www.nasdaq.com/articles/apple-to-halt-sale-of-watch-series-9-and-ultra-2,"American Financial Group, Inc. 's AFG second-quarter 2017 net operating earnings per share (EPS) of $1.61 surpassed the Zacks Consensus Estimate of $1.30 by 23.9%. Further, the bottom line improved about 25.8% year over year.
This year-over-year growth in the bottom line can be attributed to higher operating earnings in both Specialty Property and Casualty (P&C) Insurance Segment and Annuity Segment.
American Financial Group, Inc. Price, Consensus and EPS Surprise
American Financial Group, Inc. Price, Consensus and EPS Surprise | American Financial Group, Inc. Quote
Behind the Headlines
Total operating revenue of $1.6 billion rose 6.7% year over year. The top-line growth can be attributed to higher net investment income and P&C insurance net earned premiums. The top line outpaced the Zacks Consensus Estimate of $1.2 billion.
Net investment income of $460 million grew 8.7% year over year.
American Financial's total cost and expenses of $1.4 billion slipped 0.3% year over year due to lower losses and expenses in the P&C segment.
Segment Results
Specialty P&C generated $1 billion in net premiums written, up 7% year over year. Increase in net premiums written in the Property & Transportation (up 3%), Specialty Casualty (12%) and Specialty Financial (3%), on a year-over-year basis, resulted in the improvement.
Underwriting profit of the segment rallied 15.9% to $73 million. Higher underwriting profit at Property and Transportation Group, Specialty Casualty Group and Specialty Financial Group led to this upside.
The segment's combined ratio improved 70 basis points (bps) year over year to 93.2% owing to rise of 170 bps and 60 bps, respectively in the combined ratios of Property & Transportation plus Specialty Casualty segments.
The Annuity segment reported $1.3 billion in total premiums written, up 18.2% year over year.
Financial Update
As of Jun 30, 2017, American Financial had cash and investments of $44.8 billion, up 8.2% from the level of $41.4 billion at 2016-end.
Long-term debt of $1.4 billion increased 7.7% from 2016-end level. As of Jun 30, 2017, the company's book value per share (excluding unrealized gains/losses on fixed maturities) was $54.97, up 3.5% from the level at 2016-end.
In the reported quarter, the company reported return on equity (ROE) of 12.3% compared with 5.1% in the prior-year quarter.
Dividend Update
American Financial paid $1.8125 per share as dividend in the quarter, including $1.50 per share as a special dividend.
2017 Guidance Raised
Given a solid performance through the first half of 2017, American Financial projects core net operating earnings per share in the range of $6.40-$6.79, up from the earlier guided range of $6.20-$6.70.
The insurer projects net written premium to grow between 3% and 7% in Specialty Financial Group and combined ratio between 92% and 94%.
Zacks Rank
American Financial carries a Zacks Rank #3 (Hold). You can see the complete list of today's Zacks #1 Rank (Strong Buy) stocks here .
Performance of Other Insurers
Among other players from the insurance industry which have reported second-quarter earnings so far, Brown & Brown, Inc. BRO and Fidelity National Financial, Inc. FNF beat their respective Zacks Consensus Estimate, while The Progressive Corporation PGR missed the same.
More Stock News: Tech Opportunity Worth $386 Billion in 2017
From driverless cars to artificial intelligence, we've seen an unsurpassed growth of high-tech products in recent months. Yesterday's science-fiction is becoming today's reality. Despite all the innovation, there is a single component no tech company can survive without. Demand for this critical device will reach $387 billion this year alone, and it's likely to grow even faster in the future.
Zacks has released a brand-new Special Report to help you take advantage of this exciting investment opportunity. Most importantly, it reveals 4 stocks with massive profit potential. See these stocks now>>
Want the latest recommendations from Zacks Investment Research? Today, you can download 7 Best Stocks for the Next 30 Days. Click to get this free report
Brown & Brown, Inc. (BRO): Free Stock Analysis Report
Progressive Corporation (The) (PGR): Free Stock Analysis Report
Fidelity National Financial, Inc. (FNF): Free Stock Analysis Report
American Financial Group, Inc. (AFG): Free Stock Analysis Report
To read this article on Zacks.com click here.
Zacks Investment Research
The views and opinions expressed herein are the views and opinions of the author and do not necessarily reflect those of Nasdaq, Inc.
The views and opinions expressed herein are the views and opinions of the author and do not necessarily reflect those of Nasdaq, Inc.",Apple To Halt Sale Of Watch Series 9 And Ultra 2,"American Financial Group, Inc. 's AFG second-quarter 2017 net operating earnings per share (EPS) of $1.61 surpassed the Zacks Consensus Estimate of $1.30 by 23.9%. Further, the bottom line improved about 25.8% year over year. This year-over-year growth in the bottom line can be attributed to higher operating earnings in both Specialty Property and Casualty (P&C) Insurance Segment and Annuity Segment. American Financial Group, Inc. Price, Consensus and EPS Surprise American Financial Group, Inc. Price, Consensus and EPS Surprise | American Financial Group, Inc. Quote Behind the Headlines Total operating revenue of $1.6 billion rose 6.7% year over year. The top-line growth can be attributed to higher net investment income and P&C insurance net earned premiums. The top line outpaced the Zacks Consensus Estimate of $1.2 billion. Net investment income of $460 million grew 8.7% year over year…",PASS,VERIFIED_MISMATCH,Article body begins with an unrelated historical company/event and 2015-2019 earnings-era prose while the title and Nasdaq URL identify a different 2023 Apple-targeted article.
AAPL,"[""AAPL:2024-01-05"", ""AAPL:2024-01-12""]",2,sp500_news/AAPL.jsonl,532,cedaa51b71c121b1cfc06a8295ca9fb4a8480ec2a7ec8d2cafc27e646a646c4a,2023-12-16,AAPL,"After Hours Most Active for Dec 18, 2023 : PACB, AAPL, VTIP, EDAP, FTNT, AMZN, HPE, SKT, VZ, MRK, BVN, PFE",https://www.nasdaq.com/articles/after-hours-most-active-for-dec-18-2023-%3A-pacb-aapl-vtip-edap-ftnt-amzn-hpe-skt-vz-mrk-bvn,"Dominion Energy Inc . D reported second-quarter 2017 operating earnings of 67 per share, beating the Zacks Consensus Estimate of 66 by a penny. Earnings were within management's guidance range of 60-70 cents per share.
However, operating earnings decreased 5.6% from 71 cents earned a year ago. The year-over-year increase is primarily due to reduction of Cove Point import contract revenues and the absence of a farm-out transaction.
GAAP earnings were 62 cents per share compared with 73 cents in the year-ago quarter. The difference between GAAP and operating earnings was due to transition and integration costs associated with the Dominion Energy Questar combination.
Dominion Energy Inc. Price, Consensus and EPS Surprise
Dominion Energy Inc. Price, Consensus and EPS Surprise | Dominion Energy Inc. Quote
Total Revenue
Dominion's total revenue came in at $2,811 million, lagging the Zacks Consensus Estimate of $2,865 million by 1.9%. However, quarterly revenues were up 8.3% year over year.
Highlights of the Release
Total operating expenses increased 8.7% year over year to $1,976 million primarily due to a surge in purchased gas prices and other operation and maintenance expenses.
Interest and related charges in the reported quarter were $308 million, up 28.9% from the year-ago quarter.
In the reported quarter, Dominion Virginia Power's electric customer base increased by 25,140 from the prior-year quarter. Total electricity sales volumes improved 3.8% to 19,641 Gigawatt per hour (Gwh).
Financial Update
Dominion exited second-quarter 2017 with cash and cash equivalents of $260 million, down from $261 million as of Dec 31 2016.
Long-term debt as of Jun 30, 2017 was $30.15 billion compared with $30.23 billion at the end of 2016.
Cash from operating activities in the first half of 2017 was $2.35 billion, up 16.9% from $2.01 billion in the year-ago period.
Looking Ahead
In third-quarter 2017, Dominion expects to generate operating earnings of 95 cents to $1.15 per share compared with $1.14 earned in third-quarter 2016.
For the full year, Dominion reiterated its earnings guidance in the range of $3.40-$3.90 per share.
Our View
Dominion reported mixed results in the second quarter. Earnings beat the Zacks Consensus Estimate while total revenue lagged the same.
Dominion's Greensville County Power Station and Cove Point Liquefaction project are proceeding on time and budget. These are likely to boost the company's performance over the long term. However, lower solar investment tax credit could hurt its earnings in the near term.
Dominion Resources has a Zacks Rank #4 (Sell).
You can see the the complete list of today's Zacks #1 Rank (Strong Buy) stocks here .
Peer Releases
American Electric Power Co., Inc. AEP reported second-quarter 2017 operating earnings of 75 cents per share, lagging the Zacks Consensus Estimate of 82 cents by 8.5%.
NextEra Energy, Inc. NEE reported second-quarter 2017 adjusted earnings of $1.86 per share, beating the Zacks Consensus Estimate of $1.76 by 5.7%. Reported earnings were also up 11.4% year over year.
WEC Energy Group WEC reported second-quarter 2017 adjusted earnings of 63 cents per share, surpassing the Zacks Consensus Estimate of 59 cents by 6.8% and the year-ago figure of 57 cents by 10.5%.
More Stock News: Tech Opportunity Worth $386 Billion in 2017
From driverless cars to artificial intelligence, we've seen an unsurpassed growth of high-tech products in recent months. Yesterday's science-fiction is becoming today's reality. Despite all the innovation, there is a single component no tech company can survive without. Demand for this critical device will reach $387 billion this year alone, and it's likely to grow even faster in the future.
Zacks has released a brand-new Special Report to help you take advantage of this exciting investment opportunity. Most importantly, it reveals 4 stocks with massive profit potential.
See these stocks now>>
Want the latest recommendations from Zacks Investment Research? Today, you can download 7 Best Stocks for the Next 30 Days. Click to get this free report
American Electric Power Company, Inc. (AEP): Free Stock Analysis Report
WEC Energy Group, Inc. (WEC): Free Stock Analysis Report
NextEra Energy, Inc. (NEE): Free Stock Analysis Report
Dominion Energy Inc. (D): Free Stock Analysis Report
To read this article on Zacks.com click here.
Zacks Investment Research
The views and opinions expressed herein are the views and opinions of the author and do not necessarily reflect those of Nasdaq, Inc.
The views and opinions expressed herein are the views and opinions of the author and do not necessarily reflect those of Nasdaq, Inc.","After Hours Most Active for Dec 18, 2023 : PACB, AAPL, VTIP, EDAP, FTNT, AMZN, HPE, SKT, VZ, MRK, BVN, PFE","Dominion Energy Inc . D reported second-quarter 2017 operating earnings of 67 per share, beating the Zacks Consensus Estimate of 66 by a penny. Earnings were within management's guidance range of 60-70 cents per share. However, operating earnings decreased 5.6% from 71 cents earned a year ago. The year-over-year increase is primarily due to reduction of Cove Point import contract revenues and the absence of a farm-out transaction. GAAP earnings were 62 cents per share compared with 73 cents in the year-ago quarter. The difference between GAAP and operating earnings was due to transition and integration costs associated with the Dominion Energy Questar combination. Dominion Energy Inc. Price, Consensus and EPS Surprise Dominion Energy Inc. Price, Consensus and EPS Surprise | Dominion Energy Inc. Quote Total Revenue Dominion's total revenue came in at $2,811 million, lagging the Zacks Con…",PASS,VERIFIED_MISMATCH,Article body begins with an unrelated historical company/event and 2015-2019 earnings-era prose while the title and Nasdaq URL identify a different 2023 Apple-targeted article.
AAPL,"[""AAPL:2024-01-05"", ""AAPL:2024-01-12""]",2,sp500_news/AAPL.jsonl,501,edcdab63623fb448fdf4ed6e09cec3cc23ced07eb71ee4dedeb7ce47b6a9f9a9,2023-12-16,AAPL,3 Stocks You Can Confidently Buy After a Market Downturn,https://www.nasdaq.com/articles/3-stocks-you-can-confidently-buy-after-a-market-downturn-9,"Tirschwell & Loewy Inc
New Purchases: NVRO ,
Added Positions: ROST , SBUX , IP, STT, ADI, DXCM, DHR, RTN, PAYX, PODD,
Reduced Positions:CGNX, OXY, IDXX, BF.B, BIIB, GIS, JNJ, COP, SLB, VZ,
Sold Out:GWW, WFC,
For the details of TIRSCHWELL & LOEWY INC's stock buys and sells, go to http://www.gurufocus.com/StockBuy.php?GuruName=TIRSCHWELL+%26+LOEWY+INC
These are the top 5 holdings of TIRSCHWELL & LOEWY INC
Cognex Corp ( CGNX ) - 399,580 shares, 5.9% of the total portfolio. Shares reduced by 6.58%
Tiffany & Co ( TIF ) - 352,736 shares, 5.76% of the total portfolio. Shares reduced by 0.64%
Johnson & Johnson ( JNJ ) - 198,623 shares, 4.57% of the total portfolio. Shares reduced by 1.14%
Analog Devices Inc ( ADI ) - 328,315 shares, 4.44% of the total portfolio. Shares added by 2.73%
IDEXX Laboratories Inc ( IDXX ) - 154,000 shares, 4.32% of the total portfolio. Shares reduced by 4.78%
New Purchase: Nevro Corp (NVRO)
Tirschwell & Loewy Inc initiated holdings in Nevro Corp. The purchase prices were between $68.83 and $96.9, with an estimated average price of $80.42. The stock is now traded at around $82.00. The impact to the portfolio due to this purchase was 0.59%. The holdings were 45,330 shares as of 2017-06-30.
Added: Ross Stores Inc (ROST)
Tirschwell & Loewy Inc added to the holdings in Ross Stores Inc by 20.40%. The purchase prices were between $55.97 and $66.05, with an estimated average price of $62.54. The stock is now traded at around $55.78. The impact to the portfolio due to this purchase was 0.35%. The holdings were 203,280 shares as of 2017-06-30.
Added: International Paper Co (IP)
Tirschwell & Loewy Inc added to the holdings in International Paper Co by 239.06%. The purchase prices were between $49.64 and $56.94, with an estimated average price of $53.28. The stock is now traded at around $54.51. The impact to the portfolio due to this purchase was 0.23%. The holdings were 32,550 shares as of 2017-06-30.
Added: JPMorgan Chase & Co (JPM)
Tirschwell & Loewy Inc added to the holdings in JPMorgan Chase & Co by 90.45%. The purchase prices were between $82.15 and $91.15, with an estimated average price of $86.23. The stock is now traded at around $92.98. The impact to the portfolio due to this purchase was less than 0.01%. The holdings were 151,148 shares as of 2017-06-30.
Added: Dentsply Sirona Inc (XRAY)
Tirschwell & Loewy Inc added to the holdings in Dentsply Sirona Inc by 29.98%. The purchase prices were between $61.35 and $65.59, with an estimated average price of $63.14. The stock is now traded at around $61.16. The impact to the portfolio due to this purchase was less than 0.01%. The holdings were 243,211 shares as of 2017-06-30.
Sold Out: W.W. Grainger Inc (GWW)
Tirschwell & Loewy Inc sold out the holdings in W.W. Grainger Inc. The sale prices were between $169.51 and $232.76, with an estimated average price of $189.55.
Sold Out: Wells Fargo & Co (WFC)
Tirschwell & Loewy Inc sold out the holdings in Wells Fargo & Co. The sale prices were between $51.14 and $55.78, with an estimated average price of $53.58.
ROST 15-Year Financial Data
The intrinsic value of ROST
Peter Lynch Chart of ROST
Premium Members
This article first appeared on GuruFocus .
The views and opinions expressed herein are the views and opinions of the author and do not necessarily reflect those of Nasdaq, Inc.
The views and opinions expressed herein are the views and opinions of the author and do not necessarily reflect those of Nasdaq, Inc.",3 Stocks You Can Confidently Buy After a Market Downturn,"Tirschwell & Loewy Inc New Purchases: NVRO , Added Positions: ROST , SBUX , IP, STT, ADI, DXCM, DHR, RTN, PAYX, PODD, Reduced Positions:CGNX, OXY, IDXX, BF.B, BIIB, GIS, JNJ, COP, SLB, VZ, Sold Out:GWW, WFC, For the details of TIRSCHWELL & LOEWY INC's stock buys and sells, go to http://www.gurufocus.com/StockBuy.php?GuruName=TIRSCHWELL+%26+LOEWY+INC These are the top 5 holdings of TIRSCHWELL & LOEWY INC Cognex Corp ( CGNX ) - 399,580 shares, 5.9% of the total portfolio. Shares reduced by 6.58% Tiffany & Co ( TIF ) - 352,736 shares, 5.76% of the total portfolio. Shares reduced by 0.64% Johnson & Johnson ( JNJ ) - 198,623 shares, 4.57% of the total portfolio. Shares reduced by 1.14% Analog Devices Inc ( ADI ) - 328,315 shares, 4.44% of the total portfolio. Shares added by 2.73% IDEXX Laboratories Inc ( IDXX ) - 154,000 shares, 4.32% of the total portfolio. Shares reduced by 4.78% New Purc…",PASS,VERIFIED_MISMATCH,Article body begins with an unrelated historical company/event and 2015-2019 earnings-era prose while the title and Nasdaq URL identify a different 2023 Apple-targeted article.
AMZN,"[""AMZN:2024-01-05"", ""AMZN:2024-01-12""]",2,sp500_news/AMZN.jsonl,840,189466e3ff91582799719f03359b2c3ed5a5ae614be7c135b72fc7acd0d11f4f,2023-12-16,AMZN,"3 FAANG Stocks With 30% to 53% Upside in 2024, According to a Trio of Wall Street Analysts",https://www.nasdaq.com/articles/3-faang-stocks-with-30-to-53-upside-in-2024-according-to-a-trio-of-wall-street-analysts,"Though volatility is inherent on Wall Street, things have been especially erratic over the past four years. The COVID-19 crash, 2022 bear market, and investment euphoria of 2021 all whipsawed equities.
When uncertainty becomes the norm, both professional and everyday investors tend to seek out the safety of companies that offer a history of outperformance. For the past decade, it's the FAANG stocks that have fit the bill.
Image source: Getty Images.
When I say ""FAANG,"" I'm referring to:
Facebook, which is now a subsidiary of Meta Platforms (NASDAQ: META)
Apple (NASDAQ: AAPL)
Amazon (NASDAQ: AMZN)
Netflix (NASDAQ: NFLX)
Google, which is now a subsidiary of Alphabet (NASDAQ: GOOGL) (NASDAQ: GOOG)
On top of running circles around the benchmark S&P 500 over the trailing decade, the FAANG stocks bring clearly identifiable, and often sustainable, competitive advantages to the table. For example:
Meta Platforms is the world's leading social media platform and is responsible for drawing in nearly 4 billion unique users each month.
Apple is the dominant force in the U.S. smartphone arena. It also has the top capital-return program among publicly traded companies -- more than $600 billion in common-stock purchases since the start of 2013.
Amazon is the world's premier online marketplace and accounts for roughly $0.40 of every $1 spent in online retail sales in the United States.
Netflix is the domestic and international share leader in streaming services. No streaming company comes remotely close to the sheer amount of original programming Netflix has produced.
Alphabet's internet search engine Google is a virtual monopoly. It was responsible for almost 92% of global search share in November.
The fact that these are industry-leading businesses with potentially sustainable advantages isn't lost on Wall Street or its analysts. As we prepare to open the curtain on 2024, three of these FAANG stocks offer between 30% and 53% upside, according to a trio of Wall Street analysts.
Alphabet: Implied upside of 36%
The first FAANG stock that could be putting a smile on the faces of its shareholders in 2024 is Alphabet, the parent company of Google, autonomous vehicle company Waymo, and streaming platform YouTube.
According to analyst Ross Sandler of Barclays, shares of this trillion-dollar behemoth can reach $180 in the new year. This would represent upside of 36%, relative to where Alphabet's Class A shares (GOOGL) closed on Dec. 15.
As noted, Alphabet's most front-and-center advantage is its leading search engine. Based on data from GlobalStats, it's been more than eight years since Google accounted for less than a 90% share of worldwide internet search. This makes it the unquestioned go-to for advertisers looking to target consumers.
But what investors may be overlooking is Alphabet's substantially higher margin ancillary segments, which are positioned to drive its future growth. For instance, YouTube is the second most-visited social site behind Facebook. Daily views of short-form videos, known as Shorts, have soared from 6.5 billion in 2021 to more than 50 billion this year. YouTube should have no trouble commanding significant ad-pricing power.
Perhaps even more exciting is what's happened with Google Cloud. Estimates from tech analysis company Canalys show that Google Cloud comprised 10% of worldwide cloud infrastructure service spend during the third quarter. Following years of losses, Google Cloud has delivered three consecutive quarters of operating profit. Since cloud margins are substantially higher than advertising margins, the expectation is that Google Cloud will lead Alphabet's cash flow meaningfully higher as the decade wears on.
There's also an enticing value proposition with Alphabet. Shares can currently be purchased for 13.7 times forward-year cash flow, a clear discount to its average multiple of closer to 18 times cash flow over the previous five-year period.
Meta Platforms: Implied upside of 30%
A second FAANG stock that offers significant upside in the new year is Meta Platforms, the parent of Facebook, Instagram, WhatsApp, and Threads, among other social-themed sites.
The bull among all other optimists on Wall Street is analyst Ivan Feinseth of Tigress Financial. Feinseth believes Meta's shares can reach $435 in 2024. After more than tripling from their 2022 bear market low, Meta's shares could propel another 30% higher if Feinseth is correct.
Since Meta generates more than 98% of its revenue from advertising, there had been some fear that ad spending would weaken due to recessionary concerns. Thankfully, history is working in the company's favor.
Recessions tend to be short-lived, with none of the 12 downturns in the U.S. economy since World War II lasting longer than 18 months. By comparison, most periods of expansion are measured in multiple years, with some even lasting a decade. Ad-driven businesses like Meta Platforms are geared for long-term success.
It also doesn't hurt that Meta Platforms' family of apps attracted 3.96 billion monthly active users in the September-ended quarter. Advertisers are well aware that no other social media company gives them access to more eyeballs than Meta. That's good news for the company's ad-pricing power.
Meta's cash flow and balance sheet represent additional reasons the company could feasibly reach Feinseth's lofty price target. It ended the third quarter with $61.1 billion in cash, cash equivalents, and marketable securities, as well as generated $51.7 billion in net cash from operations through the first nine months of 2023. A cash-rich balance sheet gives Meta and CEO Mark Zuckerberg the luxury of taking risks, which includes spending billions of dollars each quarter on metaverse and augmented/virtual reality innovations.
Image source: Amazon.
Amazon: Implied upside of 53%
The third FAANG stock that offers abundant upside in 2024, at least according to one Wall Street analyst, is e-commerce leader Amazon. Redburn Atlantic's Alex Haissl foresees shares of Amazon climbing to $230 in the new year, which would be 53% above where the company's stock closed on Dec. 15.
Similar to Meta, shares of Amazon have been held back by the expectation of a U.S. recession taking place. Amazon's top revenue segment is its online marketplace. When downturns occur in the U.S. economy, it's perfectly normal for consumers and businesses to spend less.
But there's a very big difference between where Amazon collects its revenue and where it generates most of its operating income and cash flow. Although its e-commerce marketplace is the face of the company, it's ultimately a low-margin operating segment. Amazon brings in the lion's share of its cash flow from a couple of its ancillary operating divisions.
Nothing is more important than Amazon Web Services (AWS), which accounted for an astonishing 31% of worldwide cloud infrastructure service spending during the third quarter, per Canalys. Enterprise cloud spending is still ramping up, which means a sustained double-digit growth opportunity likely awaits AWS. Despite accounting for just a sixth of Amazon's net sales, AWS regularly contributes 50% to 100% of Amazon's operating income.
Don't overlook Amazon's subscription services, either. The company surpassed 200 million global Prime subscribers in April 2021 and has almost certainly added to this figure since. The e-commerce marketplace continues to grow in popularity, and Amazon is now the exclusive home of Thursday Night Football.
To somewhat keep with this theme, Amazon is relatively inexpensive. Throughout the 2010s, it closed out each year at a multiple of 23 to 37 times its operating cash flow. Investors can purchase shares of Amazon right now for roughly 13 times forward-year cash flow. That's the cheapest this online juggernaut has ever traded, relative to its future cash flow.
Should you invest $1,000 in Alphabet right now?
Before you buy stock in Alphabet, consider this:
The Motley Fool Stock Advisor analyst team just identified what they believe are the 10 best stocks for investors to buy now... and Alphabet wasn't one of them. The 10 stocks that made the cut could produce monster returns in the coming years.
Stock Advisor provides investors with an easy-to-follow blueprint for success, including guidance on building a portfolio, regular updates from analysts, and two new stock picks each month. The Stock Advisor service has more than tripled the return of S&P 500 since 2002*.
See the 10 stocks
*Stock Advisor returns as of December 11, 2023
Suzanne Frey, an executive at Alphabet, is a member of The Motley Fool's board of directors. John Mackey, former CEO of Whole Foods Market, an Amazon subsidiary, is a member of The Motley Fool's board of directors. Randi Zuckerberg, a former director of market development and spokeswoman for Facebook and sister to Meta Platforms CEO Mark Zuckerberg, is a member of The Motley Fool's board of directors. Sean Williams has positions in Alphabet, Amazon, and Meta Platforms. The Motley Fool has positions in and recommends Alphabet, Amazon, Apple, Meta Platforms, and Netflix. The Motley Fool recommends Barclays Plc. The Motley Fool has a disclosure policy.
The views and opinions expressed herein are the views and opinions of the author and do not necessarily reflect those of Nasdaq, Inc.","3 FAANG Stocks With 30% to 53% Upside in 2024, According to a Trio of Wall Street Analysts","Though volatility is inherent on Wall Street, things have been especially erratic over the past four years. The COVID-19 crash, 2022 bear market, and investment euphoria of 2021 all whipsawed equities. When uncertainty becomes the norm, both professional and everyday investors tend to seek out the safety of companies that offer a history of outperformance. For the past decade, it's the FAANG stocks that have fit the bill. Image source: Getty Images. When I say ""FAANG,"" I'm referring to: Facebook, which is now a subsidiary of Meta Platforms (NASDAQ: META) Apple (NASDAQ: AAPL) Amazon (NASDAQ: AMZN) Netflix (NASDAQ: NFLX) Google, which is now a subsidiary of Alphabet (NASDAQ: GOOGL) (NASDAQ: GOOG) On top of running circles around the benchmark S&P 500 over the trailing decade, the FAANG stocks bring clearly identifiable, and often sustainable, competitive advantages to the table. For examp…",PASS,VERIFIED_MATCH,"Title slug, URL, and source-local body discuss the same Amazon/market topic; no clear cross-article body substitution was observed."
AMZN,"[""AMZN:2024-01-05"", ""AMZN:2024-01-12""]",2,sp500_news/AMZN.jsonl,819,4cf697bc4a51d51975e7e6cf473e7060a74521af717e084b88355af49954a091,2023-12-16,AMZN,2 Top Stocks to Buy During a Bull Market (and It's Not Even Close),https://www.nasdaq.com/articles/2-top-stocks-to-buy-during-a-bull-market-and-its-not-even-close,"The S&P 500 peaked in January 2022, with subsequent declines triggering a bear market. Analysts typically define a bear market as a 20% drop from recent highs, with a bull market not achieved again until stocks gain what they lost and surpass the previous high.
Data by YCharts
The chart above shows a bear market that is inching closer to a bull market as the S&P 500 nears its January 2022 high. As a result, now is an excellent time to get familiar with some of the best stocks to buy in a bull market and be ready to strike when the time is right.
Here are two top stocks to buy during the next bull market.
1. Amazon
Like the S&P 500, Amazon's (NASDAQ: AMZN) stock price has yet to surpass its previous high. The company hit $186 per share in July 2021 but remains about 20% below that. However, recent developments indicate shares could soar in the coming years as it becomes a crucial growth driver in the next bull market.
Data by YCharts
Macroeconomic headwinds curbed consumer spending in 2022, with Amazon experiencing steep declines in its e-commerce business. However, easing inflation and various cost-cutting measures have triggered a solid recovery for the retail giant this year.
In the third quarter of 2023, Amazon posted revenue growth of 13% year over year, beating Wall Street forecasts by $1.5 billion.
The spike was mainly owed to growth in its e-commerce division. The quarter saw Amazon's North American segment recorded more than $4 billion in operating income, improving on the $412 million in losses it posted in the year-ago period. A bull market is often a sign of a strengthening economy, which is positive for Amazon as it could mean increased sales on its retail site.
In addition to e-commerce, the company's leading market share in cloud computing with Amazon Web Services (AWS) gives it solid prospects in the future of artificial intelligence (AI). The AI market is projected to expand at a compound annual rate of 37% through 2030.
Meanwhile, Amazon is rapidly expanding its range of AI cloud tools on AWS in an effort to meet increased demand for such services.
Amazon's price-to-sales ratio (P/S) of 2.8 makes its stock an attractive option. Comparatively, competitors like Apple and Microsoft have P/S ratios hovering around 8 and 12, with Amazon's lower figure suggesting its stock offers more value. Alongside a recovering e-commerce business and a solid position in AI, Amazon is a no-brainer in a bull market.
2. Walt Disney
Walt Disney (NYSE: DIS) hasn't had it easy recently, with COVID-19 pandemic closures shuttering large parts of its business in 2020 and 2021. Then, an economic downturn last year made it challenging to expand in the streaming industry.
As a result, its stock has fallen 57% since the high it hit in March 2021. However, the company has restructured its business to prioritize profitability and could benefit significantly from a bull market.
Streaming has proved a major headwind over the last two years, resulting in considerable operating losses. Multiple price hikes throughout the last year for its various subscription services led Disney to gradually shrink these losses. From 2022 to fiscal 2023, the company's direct-to-consumer operating losses fell from more than $3 billion to $2 billion.
Meanwhile, the entertainment giant maintains that its streaming business will be profitable within the next fiscal year.
Moreover, visitors showed up to Disney's theme parks in droves in 2023 after they reopened, with its experiences segment reporting revenue growth of 16% year over year and a 23% rise in operating income.
However, the biggest vote of confidence in Disney's stock is the return of its dividend after it was halted during the height of the pandemic in 2020. The payout remains meager at 0.6%, but its return shows that the company is healing and that executives believe in Disney's long-term growth.
Disney's business is particularly vulnerable to economic fluctuation. However, it appears to be back on a growth path and is a screaming buy in a bull market. Its P/S of about 2 and forward price-to-earnings ratio of 21 are at one of their lowest points in years, making Disney stock a bargain right now.
Where to invest $1,000 right now
When our analyst team has a stock tip, it can pay to listen. After all, the newsletter they have run for two decades, Motley Fool Stock Advisor, has more than tripled the market.*
They just revealed what they believe are the ten best stocks for investors to buy right now... and Amazon made the list -- but there are 9 other stocks you may be overlooking.
See the 10 stocks
*Stock Advisor returns as of December 11, 2023
John Mackey, former CEO of Whole Foods Market, an Amazon subsidiary, is a member of The Motley Fool's board of directors. Dani Cook has no position in any of the stocks mentioned. The Motley Fool has positions in and recommends Amazon, Apple, Microsoft, and Walt Disney. The Motley Fool has a disclosure policy.
The views and opinions expressed herein are the views and opinions of the author and do not necessarily reflect those of Nasdaq, Inc.",2 Top Stocks to Buy During a Bull Market (and It's Not Even Close),"The S&P 500 peaked in January 2022, with subsequent declines triggering a bear market. Analysts typically define a bear market as a 20% drop from recent highs, with a bull market not achieved again until stocks gain what they lost and surpass the previous high. Data by YCharts The chart above shows a bear market that is inching closer to a bull market as the S&P 500 nears its January 2022 high. As a result, now is an excellent time to get familiar with some of the best stocks to buy in a bull market and be ready to strike when the time is right. Here are two top stocks to buy during the next bull market. 1. Amazon Like the S&P 500, Amazon's (NASDAQ: AMZN) stock price has yet to surpass its previous high. The company hit $186 per share in July 2021 but remains about 20% below that. However, recent developments indicate shares could soar in the coming years as it becomes a crucial growth …",PASS,VERIFIED_MATCH,"Title slug, URL, and source-local body discuss the same Amazon/market topic; no clear cross-article body substitution was observed."
AMZN,"[""AMZN:2024-01-05"", ""AMZN:2024-01-12""]",2,sp500_news/AMZN.jsonl,817,584bd2170c1271940c2fc32c02f7ae6576bdbbe7bcd5977a2abd05ce6ad49913,2023-12-16,AMZN,3 Reasons Amazon Stock Could Extend Its Rally in 2024,https://www.nasdaq.com/articles/3-reasons-amazon-stock-could-extend-its-rally-in-2024,"If you're an Amazon (NASDAQ: AMZN) investor, you're likely feeling cheery this holiday season. Share prices of the tech giant have soared 76% through mid-December, easily beating the 23% rally in the S&P 500 this year.
It might seem outlandish to think Amazon stock will have another strong year after outperforming at that fantastic level in 2023, but don't discount that real possibility. There are at least three good reasons to believe you haven't missed the market-beating gains from Amazon stock just yet.
1. Services matter for Amazon's margins
Many tech companies, including Apple, are shifting away from a focus on selling products and moving toward marketing services. Services have higher profit margins, after all. Compare Microsoft's 42%-plus operating margin to Apple's 30% figure for some illustration of that difference. And services provide more stable income because they tend to be subscription-based.
Amazon is moving quickly in Microsoft's direction. Its services unit -- anchored by Amazon Web Services (AWS) and things like its merchant advertising business and Prime subscription sales -- now accounts for nearly 60% of total revenue. It is expanding at a much faster pace than e-commerce sales, too, suggesting that it will be an even bigger part of the company over time. As a result, Wall Street is starting to look at -- and value -- the stock as less of an e-commerce retailer and more of a tech services giant.
2. Amazon has a new focus on finances
Since its inception, Amazon has famously prioritized growth over short-term net earnings, to the consternation of many investors. That broader approach hasn't changed, but management is now more focused on finding balance. There's no reason why this massive business can't deliver strong earnings even while investing aggressively in areas like artificial intelligence (AI) and its global delivery network.
You can see proof of that shift in areas like free cash flow, which was $21 billion over the past full year compared to a $20 billion outflow in the prior-year period. Operating income was $24 billion in the first nine months of 2023, up sharply from about $10 billion a year earlier.
Expectations for further gains in these metrics are key reasons why Amazon stock has done so well lately. Management predicted in late October that Q4 operating earnings will land between $7 billion and $11 billion, up from $3 billion last year.
3. Amazon is seeing valuation wins
The best news is that there's room for Amazon's stock valuation to continue rising in 2024. Shares are priced at less than 3 times annual sales even factoring in the 2023 rally. That compares well against other tech giants like Apple (8 times sales) and Microsoft (12 times sales).
Sure, Amazon isn't nearly as profitable as these companies. Its 5% operating margin is closer to what you might see from a retailer like Walmart than what tech investors are accustomed to. Yet that rate is improving right now and has a good chance of expanding toward double-digit percentages in 2024. Amazon's surging cash flow trend is a clear signal that earnings will be rising in the next few years. Investors are likely to see solid returns if they own the stock and simply go along for that ride.
Where to invest $1,000 right now
When our analyst team has a stock tip, it can pay to listen. After all, the newsletter they have run for two decades, Motley Fool Stock Advisor, has more than tripled the market.*
They just revealed what they believe are the ten best stocks for investors to buy right now... and Amazon made the list -- but there are 9 other stocks you may be overlooking.
See the 10 stocks
*Stock Advisor returns as of December 11, 2023
John Mackey, former CEO of Whole Foods Market, an Amazon subsidiary, is a member of The Motley Fool's board of directors. Demitri Kalogeropoulos has positions in Amazon and Apple. The Motley Fool has positions in and recommends Amazon, Apple, Microsoft, and Walmart. The Motley Fool has a disclosure policy.
The views and opinions expressed herein are the views and opinions of the author and do not necessarily reflect those of Nasdaq, Inc.",3 Reasons Amazon Stock Could Extend Its Rally in 2024,"If you're an Amazon (NASDAQ: AMZN) investor, you're likely feeling cheery this holiday season. Share prices of the tech giant have soared 76% through mid-December, easily beating the 23% rally in the S&P 500 this year. It might seem outlandish to think Amazon stock will have another strong year after outperforming at that fantastic level in 2023, but don't discount that real possibility. There are at least three good reasons to believe you haven't missed the market-beating gains from Amazon stock just yet. 1. Services matter for Amazon's margins Many tech companies, including Apple, are shifting away from a focus on selling products and moving toward marketing services. Services have higher profit margins, after all. Compare Microsoft's 42%-plus operating margin to Apple's 30% figure for some illustration of that difference. And services provide more stable income because they tend to b…",PASS,VERIFIED_MATCH,"Title slug, URL, and source-local body discuss the same Amazon/market topic; no clear cross-article body substitution was observed."
AMZN,"[""AMZN:2024-01-05"", ""AMZN:2024-01-12""]",2,sp500_news/AMZN.jsonl,826,7a29069a25fce8c2c6f09f2f957ba384b4badf0266f6658ca814c6b265479d1e,2023-12-16,AMZN,3 Top Ranked Stocks for a Year End Rally,https://www.nasdaq.com/articles/3-top-ranked-stocks-for-a-year-end-rally,"It’s no secret that the last two weeks of the year are one of the seasonally strongest periods of the year, that’s why its deemed the Santa Claus rally.
What better way to take advantage of the bullish drift than to pick up some top Zacks Rank stocks. Here I will share three such stocks that enjoy upward trending earnings revisions and strong relative price momentum.

Image Source: Zacks Investment Research
Duolingo
If you have sought out language education of any sort, you have probably heard of Duolingo DUOL. Duolingo went public in mid-2021, and after a challenging initial 12 months has gone on an incredible run in 2023. Since the start of the year DUOL has rallied 236% and currently hovers at its all-time high.

Image Source: Zacks Investment Research
Analysts have revised earnings estimates considerably higher over the last two months, giving Duolingo a Zacks Rank #1 (Strong Buy) rating. In addition to seeing earnings flip to a net positive in the coming quarters and years, sales growth is forecast to grow at an impressive pace.
In FY23 sales are projected to grow 42.6% YoY to $527 million, and FY24 is expected to see growth of 29.3% to $681.5 million. With next year’s sales expected to be $681.5 million and a total market capitalization of $10 billion the company is trading at a forward sales multiple of 14.7x, which is an admittedly loft valuation.

Image Source: Zacks Investment Research
Sunoco
Sunoco SUN is a master limited partnership (MLP) based in the United States. The company is primarily engaged in the wholesale distribution and retail sale of motor fuels, operating convenience stores and fueling stations across the country. Sunoco’s business activities include the acquisition, distribution, and marketing of fuel products, as well as operating convenience stores under various brand names.
In what has been a more challenging year for oil stocks Sunoco stock has managed in impressive performance. With the stock up 45% YTD it has doubled the performance of the industry and well outperformed the market.
As part of the Oil and Gas - Refining and Marketing - Master Limited Partnerships it sits in the Top 1% (3 out of 252) of the Zacks Industry Rank.
In addition to a Zacks Rank #1 (Strong Buy) reflecting upward trending earnings revisions, Sunoco also pays a hefty dividend of 5.8%.

Image Source: Zacks Investment Research
Amazon
After a very challenging 2022, Amazon AMZN has made an impressive comeback this year, rallying 81% YTD. Over the last 20 years, Amazon has compounded at an annual rate of 22.2%.
As seen in the technical chart below, AMZN stock has been forming, and breaking out of some prototypical momentum trading patterns. Just this week, the stock broke out from a very clean sideways bull consolidation. Because of the year end bullish tendencies in stocks, I wouldn’t be surprised to see AMZN stock rally right into the year end.

Image Source: TradingView
Amazon has also experienced earnings estimates upgrades over the last two months, giving it a Zacks Rank #1 (Strong Buy) rating. Earnings over the next quarters and years are expected to grow at the fastest pace among the magnificent seven stocks.
Current quarter earnings are projected to climb 271% YoY, FY23 earnings are expected to increase 276%, and over the next 3-5 years, EPS are forecasted to grow 28.5% annually.

Image Source: Zacks Investment Research
Bottom Line
For investors looking to make trades benefitting from the year end rally, Sunoco, Duolingo and Amazon all make worthy considerations. 
Zacks Naming Top 10 Stocks for 2024
Want to be tipped off early to our 10 top picks for the entirety of 2024?
History suggests their performance could be sensational.
From 2012 (when our Director of Research, Sheraz Mian assumed responsibility for the portfolio) through November, 2023, the Zacks Top 10 Stocks gained +974.1%, nearly TRIPLING the S&P 500’s +340.1%. Now Sheraz is combing through 4,400 companies to handpick the best 10 tickers to buy and hold in 2024. Don’t miss your chance to get in on these stocks when they’re released on January 2.
Be First to New Top 10 Stocks >>
Want the latest recommendations from Zacks Investment Research? Today, you can download 7 Best Stocks for the Next 30 Days. Click to get this free report
Amazon.com, Inc. (AMZN) : Free Stock Analysis Report
Sunoco LP (SUN) : Free Stock Analysis Report
Duolingo, Inc. (DUOL) : Free Stock Analysis Report
To read this article on Zacks.com click here.
Zacks Investment Research
The views and opinions expressed herein are the views and opinions of the author and do not necessarily reflect those of Nasdaq, Inc.",3 Top Ranked Stocks for a Year End Rally,"It’s no secret that the last two weeks of the year are one of the seasonally strongest periods of the year, that’s why its deemed the Santa Claus rally. What better way to take advantage of the bullish drift than to pick up some top Zacks Rank stocks. Here I will share three such stocks that enjoy upward trending earnings revisions and strong relative price momentum.  Image Source: Zacks Investment Research Duolingo If you have sought out language education of any sort, you have probably heard of Duolingo DUOL. Duolingo went public in mid-2021, and after a challenging initial 12 months has gone on an incredible run in 2023. Since the start of the year DUOL has rallied 236% and currently hovers at its all-time high.  Image Source: Zacks Investment Research Analysts have revised earnings estimates considerably higher over the last two months, giving Duolingo a Zacks Rank #1 (Strong Buy) r…",PASS,VERIFIED_MATCH,"Title slug, URL, and source-local body discuss the same Amazon/market topic; no clear cross-article body substitution was observed."
AMZN,"[""AMZN:2024-01-05"", ""AMZN:2024-01-12""]",2,sp500_news/AMZN.jsonl,846,a2f9113f502b4c3bed9b8d537c306b1d32b4e7a9340da49503fb8f2a4d1e9956,2023-12-16,AMZN,2 Reasons to Buy Amazon Stock Like There's No Tomorrow,https://www.nasdaq.com/articles/2-reasons-to-buy-amazon-stock-like-theres-no-tomorrow,"After suffering a 50% drop in its stock in 2022, Amazon (NASDAQ: AMZN) has delivered an impressive turnaround this year.
Last year, high inflation and rising interest rates curbed consumer discretionary spending and caused significant declines in Amazon's e-commerce segments. However, in 2023, the company pulled its retail business back to profitability while delivering multiple quarters of impressive earnings.
As a result, Amazon's stock is up around 80% since Jan. 1. The company is on a promising growth trajectory with a recovering retail business and an expanding position in artificial intelligence (AI).
Now is an excellent time to learn more about this tech giant and potentially invest before it's too late. Here are two reasons to buy Amazon's stock like there's no tomorrow.
1. Amazon's comeback this year proves it's one of the most reliable investments over the long term
In 2022, Amazon's two e-commerce segments posted operating losses totaling $10.6 billion. The company managed to stay profitable thanks to its highly lucrative cloud business, Amazon Web Services (AWS). However, the steep declines made investors question whether Amazon's business would fully recover and if those vulnerabilities made it a risky investment.
The tech giant reacted quickly to poor macro conditions by introducing cost-cutting measures. Throughout 2022, it closed or canceled construction on dozens of warehouses, wound down unprofitable projects like Amazon Care, and laid off thousands of workers. The company has continued to prioritize profits this year, cutting thousands more jobs as recently as November, specifically in its music streaming, gaming, and Alexa divisions.
Amazon's restructuring has clearly paid off. In the third quarter of 2023, the company posted revenue growth of 13% year over year, beating analysts' expectations by $1.5 billion. Meanwhile, operating income from its North American segment exceeded $4 billion, a marked improvement from the $412 million in losses it reported in the prior-year period.
Amazon's leadership proved its strength by quickly getting the company back on track after a challenging 2022. This year's stock price recovery illustrates why it's crucial for investors to take a long-term view and keep holding onto the shares of companies they believe in during market downturns. Those who sold Amazon's stock as it fell last year to cut their losses will not have benefited from its rebounding share price in 2023.
The company's solid management team has shown it can successfully navigate temporary headwinds, making its stock one you can confidently invest in over the long term.
2. Big gains projected over the next two years
E-commerce sales made up about 19% of all retail purchases worldwide in 2022, and that share is projected to hit 23% by 2027. Amazon dominates the industry in multiple countries. In the U.S. alone, it holds a 38% market share in online retail. In comparison, Walmart, which holds the second-largest share, is responsible for just 6%.
Amazon has significant earnings potential in the sector as consumers increasingly choose its site over brick-and-mortar stores.
Additionally, the company is making promising headway in AI through AWS. Grand View Research forecasts that the AI market will expand at a compound annual rate of 37% through 2030. Amazon is using AWS' leading market share in cloud computing to carve out a lucrative role in the industry.
This year, AWS has introduced a diverse range of new AI tools as it works to meet the growing demand for such services, and it also announced a venture into chip development.
Data by YCharts.
Amazon is dominating two rapidly expanding markets, and its stock price is likely to reflect that growth well into the future. However, that doesn't mean it won't deliver big gains in the short term.
The chart above shows its earnings could exceed $4 per share by fiscal 2025. That figure multiplied by Amazon's current forward price-to-earnings ratio of 56 yields a stock price of $257. In other words, if the market continues to value Amazon in the same way as it does now, its shares could rise by 72% over the next two years.
With a recovering e-commerce business and solid position in AI, that amount of growth is not out of the question. As a result, Amazon stock is a screaming buy ahead of the new year and one you can confidently buy like there's no tomorrow.
Where to invest $1,000 right now
When our analyst team has a stock tip, it can pay to listen. After all, the newsletter they have run for two decades, Motley Fool Stock Advisor, has more than tripled the market.*
They just revealed what they believe are the ten best stocks for investors to buy right now... and Amazon made the list -- but there are 9 other stocks you may be overlooking.
See the 10 stocks
*Stock Advisor returns as of December 11, 2023
John Mackey, former CEO of Whole Foods Market, an Amazon subsidiary, is a member of The Motley Fool's board of directors. Dani Cook has no position in any of the stocks mentioned. The Motley Fool has positions in and recommends Amazon and Walmart. The Motley Fool has a disclosure policy.
The views and opinions expressed herein are the views and opinions of the author and do not necessarily reflect those of Nasdaq, Inc.",2 Reasons to Buy Amazon Stock Like There's No Tomorrow,"After suffering a 50% drop in its stock in 2022, Amazon (NASDAQ: AMZN) has delivered an impressive turnaround this year. Last year, high inflation and rising interest rates curbed consumer discretionary spending and caused significant declines in Amazon's e-commerce segments. However, in 2023, the company pulled its retail business back to profitability while delivering multiple quarters of impressive earnings. As a result, Amazon's stock is up around 80% since Jan. 1. The company is on a promising growth trajectory with a recovering retail business and an expanding position in artificial intelligence (AI). Now is an excellent time to learn more about this tech giant and potentially invest before it's too late. Here are two reasons to buy Amazon's stock like there's no tomorrow. 1. Amazon's comeback this year proves it's one of the most reliable investments over the long term In 2022, A…",PASS,VERIFIED_MATCH,"Title slug, URL, and source-local body discuss the same Amazon/market topic; no clear cross-article body substitution was observed."
AMZN,"[""AMZN:2024-01-05"", ""AMZN:2024-01-12""]",2,sp500_news/AMZN.jsonl,816,bed0d307576a6ff0d8e347dd52d14f4119f5268e96553facb58cbcadc23d5859,2023-12-16,AMZN,4 ETF Areas & Stocks to Win on Upbeat November Retail Sales,https://www.nasdaq.com/articles/4-etf-areas-stocks-to-win-on-upbeat-november-retail-sales,"Retail Sales in the United States increased 4.1% year-on-year in November 2023, marking the strongest annual growth since February, following a downwardly revised 2.2% gain in October. Sales rose 0.3% sequentially in November, stronger than the 0.2% decline in October and better than the Dow Jones estimate for a decrease of 0.1%, as quoted on CNBC.
Sales remained solid despite a 2.9% slide in receipts at gas stations, as energy prices broadly slumped during the month. Barring autos, sales rose 0.2%, again better than the forecast for no change. Stripping out autos and gas, sales rose 0.6%.
Below we highlight a few areas and the related ETFs that may benefit handsomely.
Winning Areas
Motor Vehicle & Parts Dealers
Sales of this category gained 0.5% sequentially in June and up 6.1% year over year.
First Trust S-Network Future Vehicles & Technology ETF CARZ follows the S-Network Electric & Future Vehicle Ecosystem Index constituents are chosen by selecting the eligible Pure-Play companies in descending order of float-adjusted market capitalization until 100 constituents have been selected.
Group 1 Automotive Inc. GPI is one of the leading automotive retailers in the world, with operations primarily located in the United States and the UK. The stock has a Zacks Rank #3 (Hold).
Food and Drink Places
Sales at restaurants and bars increased 11.3% year over year and 1.6% sequentially.
AdvisorShares Restaurant ETF EATZ – The AdvisorShares Restaurant ETF is an actively managed exchange-traded fund that seeks to achieve its investment objective by investing at least 80% of its net assets in securities of companies that derive at least 50% of their net revenue from the restaurant business. The fund charges 99 bps in fees.
Wingstop WING – Wingstop Inc. franchises and operates restaurants. The Company's operating segment consists of Franchise segment and Company segment. The fund has a Zacks Rank #1.
Non-Store Retailers
Sales at non-store retailers rose 10.6% year over year in June. Sequentially, sales are up 1.0%.
ProShares Online Retail ETF ONLN tracks the ProShares Online Retail Index is a specialized retail index that tracks retailers that principally sell online or through other non-store channels.
The Zacks Rank #1 Amazon.com AMZN is one of the largest e-commerce providers, with sprawling operations in North America, now spreading across the globe.
Health & Personal Care Stores
Sales gained 0.9% sequentially in November and 10.9% year over year.
Global X Funds Global X Health BFIT – The uderlying Indxx Global Health & Wellness Thematic Index tracks the performance of companies listed in developed markets that provide products and services aimed at promoting physical wellness through active and healthy lifestyles, including but not limited to fitness equipment and technology, athletic apparel, nutritional supplements, and organic/ natural food offerings.
Procter & Gamble PG – As far as stocks are concerned, investors can take a look at PG. Procter & Gamble or P&G, is a branded consumer products company which markets its products in more than 180 countries primarily through mass merchandisers, grocery stores, membership club stores, drug stores, department stores, distributors, baby stores, specialty beauty stores, e-commerce, high-frequency stores, pharmacies, electronics stores and professional channels. The fund has a Zacks Rank #3.
Want key ETF info delivered straight to your inbox?
Zacks’ free Fund Newsletter will brief you on top news and analysis, as well as top-performing ETFs, each week.
Get it free >>
Want the latest recommendations from Zacks Investment Research? Today, you can download 7 Best Stocks for the Next 30 Days. Click to get this free report
Amazon.com, Inc. (AMZN) : Free Stock Analysis Report
Procter & Gamble Company (The) (PG) : Free Stock Analysis Report
Group 1 Automotive, Inc. (GPI) : Free Stock Analysis Report
Wingstop Inc. (WING) : Free Stock Analysis Report
First Trust S-Network Future Vehicles & Technology ETF (CARZ): ETF Research Reports
Global X Funds Global X Health (BFIT): ETF Research Reports
ProShares Online Retail ETF (ONLN): ETF Research Reports
AdvisorShares Restaurant ETF (EATZ): ETF Research Reports
To read this article on Zacks.com click here.
Zacks Investment Research
The views and opinions expressed herein are the views and opinions of the author and do not necessarily reflect those of Nasdaq, Inc.",4 ETF Areas & Stocks to Win on Upbeat November Retail Sales,"Retail Sales in the United States increased 4.1% year-on-year in November 2023, marking the strongest annual growth since February, following a downwardly revised 2.2% gain in October. Sales rose 0.3% sequentially in November, stronger than the 0.2% decline in October and better than the Dow Jones estimate for a decrease of 0.1%, as quoted on CNBC. Sales remained solid despite a 2.9% slide in receipts at gas stations, as energy prices broadly slumped during the month. Barring autos, sales rose 0.2%, again better than the forecast for no change. Stripping out autos and gas, sales rose 0.6%. Below we highlight a few areas and the related ETFs that may benefit handsomely. Winning Areas Motor Vehicle & Parts Dealers Sales of this category gained 0.5% sequentially in June and up 6.1% year over year. First Trust S-Network Future Vehicles & Technology ETF CARZ follows the S-Network Electric & …",PASS,VERIFIED_MATCH,"Title slug, URL, and source-local body discuss the same Amazon/market topic; no clear cross-article body substitution was observed."
AMZN,"[""AMZN:2024-01-05"", ""AMZN:2024-01-12""]",2,sp500_news/AMZN.jsonl,820,c96ab507937129d1d15ce48e662b7ae425c1f6fc9e1fb84b7878530be3dc1204,2023-12-16,AMZN,2 Top Artificial Intelligence Stocks That Could Make You Richer in 2024,https://www.nasdaq.com/articles/2-top-artificial-intelligence-stocks-that-could-make-you-richer-in-2024,"Like many new technologies, generative artificial intelligence (AI) has become a bit of a hype cycle, and investor excitement is beginning to overshadow fundamentals. But like every hype cycle in the past, this one will mature. And the AI companies with the strongest business models will stand the test of time.
Let's explore some reasons why Nvidia (NASDAQ: NVDA) and Amazon (NASDAQ: AMZN) look to be among the best in an increasingly competitive field, and could make excellent buys in 2024.
1. Nvidia
If you liken the artificial intelligence boom to the California Gold Rush, Nvidia would sell the picks and shovels instead of mining for gold. This strategy gives the company a massive market opportunity and shields it from rising competition in the more consumer/client-focused side of the industry. And despite its market cap of $1.21 trillion, investors aren't too late to bet on the chip makers' long-term potential.
Nvidia's third-quarter revenue more than doubled to $18.12 billion because of surging demand for its data center chips, which are used to train and run the most advanced generative AI applications.
This level of growth is staggering for such a large company. More importantly, it is translating to record-breaking profitability. Net income surged more than 1,200% to $9.24 billion. This can be credited to Nvidia's spectacular pricing power because of low competition, which has led to high margins.
Rivals such as Advanced Micro Devices are racing to bring competition to the AI chip market. But with industry experts expecting the opportunity to be worth $400 billion by 2027, there is plenty of room for more players.
While Nvidia's trailing price-to-earnings (P/E) multiple of 65 looks high compared to the S&P 500 average of 26, this is a backward-looking metric that doesn't account for the company's epic growth rate. With a forward price-to-earnings (P/E) multiple of 25, Nvidia stock is still affordable relative to its projected earnings.
2. Amazon
Like Nvidia, Amazon is another technology giant focusing on the infrastructure side of the AI opportunity, albeit a little bit further up the food chain. The company is incorporating AI-related services into its cloud computing platform AWS, and this could add much-needed growth and diversification to its sprawling technology empire.
In September, Amazon announced the general availability of Bedrock, a platform designed to help clients build and scale customizable AI models. Bedrock will compete with similar services from rivals like Alphabet and Microsoft. But its association with the AWS ecosystem (the leading cloud service provider) could give it an economic moat. Because of its scale, more users are familiar with AWS, and enterprises may prefer to take a one-stop-shop approach to all their cloud computing needs.
Image source: Getty Images.
Amazon has also built its own AI-capable chips, Trainium and Inferentia, which could help lower costs and reduce Amazon's dependence on third-party providers for its hardware.
With a forward P/E of 40, Amazon stock isn't cheap. But part of the premium valuation can be explained by management's ongoing cost-cutting efforts, which are improving the company's bottom line. Third-quarter net income rose 244% year over year to $9.88 billion.
The power of an evolving business
Throughout their histories, Nvidia and Amazon have gone through substantial evolutions in their business models.
Nvidia made its name selling GPUs for personal computers before demand shifted toward cryptocurrency mining and data centers. Amazon started off as an online bookseller before transitioning to a generalized third-party marketplace that gets most of its profits from cloud computing.
Artificial intelligence could end up becoming the next big growth opportunity for both companies, and it isn't too late for investors to bet on their transitions.
Should you invest $1,000 in Nvidia right now?
Before you buy stock in Nvidia, consider this:
The Motley Fool Stock Advisor analyst team just identified what they believe are the 10 best stocks for investors to buy now... and Nvidia wasn't one of them. The 10 stocks that made the cut could produce monster returns in the coming years.
Stock Advisor provides investors with an easy-to-follow blueprint for success, including guidance on building a portfolio, regular updates from analysts, and two new stock picks each month. The Stock Advisor service has more than tripled the return of S&P 500 since 2002*.
See the 10 stocks
*Stock Advisor returns as of December 11, 2023
John Mackey, former CEO of Whole Foods Market, an Amazon subsidiary, is a member of The Motley Fool's board of directors. Will Ebiefung has no position in any of the stocks mentioned. The Motley Fool has positions in and recommends Advanced Micro Devices, Amazon, and Nvidia. The Motley Fool has a disclosure policy.
The views and opinions expressed herein are the views and opinions of the author and do not necessarily reflect those of Nasdaq, Inc.",2 Top Artificial Intelligence Stocks That Could Make You Richer in 2024,"Like many new technologies, generative artificial intelligence (AI) has become a bit of a hype cycle, and investor excitement is beginning to overshadow fundamentals. But like every hype cycle in the past, this one will mature. And the AI companies with the strongest business models will stand the test of time. Let's explore some reasons why Nvidia (NASDAQ: NVDA) and Amazon (NASDAQ: AMZN) look to be among the best in an increasingly competitive field, and could make excellent buys in 2024. 1. Nvidia If you liken the artificial intelligence boom to the California Gold Rush, Nvidia would sell the picks and shovels instead of mining for gold. This strategy gives the company a massive market opportunity and shields it from rising competition in the more consumer/client-focused side of the industry. And despite its market cap of $1.21 trillion, investors aren't too late to bet on the chip ma…",PASS,VERIFIED_MATCH,"Title slug, URL, and source-local body discuss the same Amazon/market topic; no clear cross-article body substitution was observed."
AMZN,"[""AMZN:2024-01-05"", ""AMZN:2024-01-12""]",2,sp500_news/AMZN.jsonl,818,de83099bf27228a8737df9d4f3a34f4d9bff73c8c7dbbe0a10e49dbc4ebbabb1,2023-12-16,AMZN,"3 ""Magnificent Seven"" Artificial Intelligence (AI) Stocks Will Leapfrog Apple to Join the $3 Trillion Club, According to 1 Wall Street Analyst",https://www.nasdaq.com/articles/3-magnificent-seven-artificial-intelligence-ai-stocks-will-leapfrog-apple-to-join-the-%243,"After turning in a dismal performance last year, the stock market has come roaring back, within striking distance of a new bull market. Helping fuel the market recovery is the viral excitement surrounding artificial intelligence (AI).
The list of this year's best performers is littered with companies best positioned to benefit from these next-generation algorithms. This includes the companies that make up the so-called ""Magnificent Seven"" stocks (as of market close on Wednesday):
Nvidia: Up 229%
Meta Platforms: Up 178%
Tesla: Up 94%
Amazon (NASDAQ: AMZN): Up 77%
Microsoft (NASDAQ: MSFT): Up 56%
Apple: Up 52%
Alphabet (NASDAQ: GOOG) (NASDAQ: GOOGL): Up 50%
Of these, Apple deserves special mention as the first publicly traded stock on U.S. markets to reach a market cap of $1 trillion and $2 trillion, respectively, and is currently the only one worth more than $3 trillion dollars. Despite being the first company to surpass each of these benchmarks, one analyst believes there will soon be a changing of the guard, with three of the Magnificent Seven stocks poised to leapfrog Apple's valuation in the coming years.
Image source: Getty Images.
The generative AI catalyst
There's a compelling argument that the spark that lifted the market higher in 2023 is generative AI. These new AI models have the ability to generate original content and automate a broad cross-section of mundane and time-consuming tasks, improving processes and making workers more efficient.
The promise of these productivity gains has businesses scrambling to adopt AI to reap the expected financial rewards. Several companies at the forefront of AI have already staked their claim, making them frontrunners to steal Apple's crown.
Microsoft was arguably among the first to recognize the potential of generative AI. The company took a $13 billion stake in ChatGPT creator OpenAI early last year and quickly integrated productivity tools into Microsoft Office and its other software-as-a-service (SaaS) offerings. Copilot, the company's AI-powered assistant, offers hundreds of time- and work-saving features, including summarizing emails and drafting responses, creating presentations using provided data, writing and troubleshooting computer code, and even generating original content.
Alphabet quickly jumped on the bandwagon, developing its Pathways Language Model (PaLM) LLM, which it says has the ability to ""understand, generate, and translate nuanced text -- including idioms, poems, and riddles -- across a wide variety of languages,"" which forms the foundation for its Bard conversational AI.
Alphabet was also quick to integrate a wide range of AI tools into Google's most popular products and services, including Gmail, Google Docs, and Google Sheets, among others. Alphabet has since released Gemini AI, which Google says outperforms ChatGPT in 30 of the 32 most widely used performance benchmarks.
While some market commentators cited Amazon for being late to the party, the company has made many of the most popular generative AI models available to Amazon Web Services (AWS) customers while also making a $4 billion investment in OpenAI rival Anthropic AI.
The company recently rolled out Amazon Q, an AI-fueled assistant focused on business use cases. Q helps employees with many of the same tasks as its rivals, summarizing documents and emails, searching corporate data banks, and submitting support requests.
The ""Big Three"" cloud providers
Needham analyst Laura Martin posits that as the three largest cloud infrastructure providers, Amazon, Microsoft, and Alphabet are uniquely positioned to offer AI services to cloud customers, which will ultimately vault their market caps to $3 trillion. ""Generative AI will redefine the basis of competition for media and internet companies,"" she wrote in a note to clients.
Martin went even further: ""Not only do [Microsoft, Amazon, and Google's] LLMs have the lowest cost structures and first-mover advantages, but their average lifetime value per Cloud customer is about to skyrocket owing to the stickiness of apps built on their LLMs,"" she said.
The numbers seem to bear out that opinion. It's estimated that 60% of all corporate data resides in the cloud, according to data compiled by Statista. Furthermore, 98% of corporations worldwide store at least some of their data there, according to cybersecurity solutions provider Check Point. AWS, Microsoft Azure, and Google Cloud control 31%, 25% and 10% of the market, respectively, according to data compiled by research firm Canalys. Given the vast reach of the big three, it's logical that they would be among the biggest beneficiaries of the AI revolution.
That's not to say Apple doesn't have much to gain from recent advances in AI, but the company's approach regarding how to deploy the technology will be different. Apple is more concerned with the continuing relevance of the iPhone and ensuring that its AI solutions further that goal.
Trillions at stake
No one knows for sure how far-reaching AI will ultimately be, but that hasn't stopped Wall Street's best and brightest from trying. Even the most conservative estimates are in the trillions of dollars, which makes it clear there will be many winners from the AI revolution.
Not only are Amazon, Microsoft, and Alphabet using recent developments in AI to strengthen their primary business offerings, but they also stand to gain by delivering to a wide audience via their cloud infrastructure platforms.
Finally, Microsoft, Alphabet, and Amazon are currently selling for 9 times, 4 times, and 2 times forward sales (as of this writing), making them relatively cheap when viewed in terms of the growing opportunity presented by AI.
Should you invest $1,000 in Microsoft right now?
Before you buy stock in Microsoft, consider this:
The Motley Fool Stock Advisor analyst team just identified what they believe are the 10 best stocks for investors to buy now... and Microsoft wasn't one of them. The 10 stocks that made the cut could produce monster returns in the coming years.
Stock Advisor provides investors with an easy-to-follow blueprint for success, including guidance on building a portfolio, regular updates from analysts, and two new stock picks each month. The Stock Advisor service has more than tripled the return of S&P 500 since 2002*.
See the 10 stocks
*Stock Advisor returns as of December 11, 2023
Suzanne Frey, an executive at Alphabet, is a member of The Motley Fool’s board of directors. John Mackey, former CEO of Whole Foods Market, an Amazon subsidiary, is a member of The Motley Fool’s board of directors. Randi Zuckerberg, a former director of market development and spokeswoman for Facebook and sister to Meta Platforms CEO Mark Zuckerberg, is a member of The Motley Fool's board of directors. Danny Vena has positions in Alphabet, Amazon, Apple, Meta Platforms, Microsoft, Nvidia, and Tesla. The Motley Fool has positions in and recommends Alphabet, Amazon, Apple, Check Point Software Technologies, Meta Platforms, Microsoft, Nvidia, and Tesla. The Motley Fool has a disclosure policy.
The views and opinions expressed herein are the views and opinions of the author and do not necessarily reflect those of Nasdaq, Inc.","3 ""Magnificent Seven"" Artificial Intelligence (AI) Stocks Will Leapfrog Apple to Join the $3 Trillion Club, According to 1 Wall Street Analyst","After turning in a dismal performance last year, the stock market has come roaring back, within striking distance of a new bull market. Helping fuel the market recovery is the viral excitement surrounding artificial intelligence (AI). The list of this year's best performers is littered with companies best positioned to benefit from these next-generation algorithms. This includes the companies that make up the so-called ""Magnificent Seven"" stocks (as of market close on Wednesday): Nvidia: Up 229% Meta Platforms: Up 178% Tesla: Up 94% Amazon (NASDAQ: AMZN): Up 77% Microsoft (NASDAQ: MSFT): Up 56% Apple: Up 52% Alphabet (NASDAQ: GOOG) (NASDAQ: GOOGL): Up 50% Of these, Apple deserves special mention as the first publicly traded stock on U.S. markets to reach a market cap of $1 trillion and $2 trillion, respectively, and is currently the only one worth more than $3 trillion dollars. Despite …",PASS,VERIFIED_MATCH,"Title slug, URL, and source-local body discuss the same Amazon/market topic; no clear cross-article body substitution was observed."
