Date,Close,High,Low,Open,Volume
2021-08-17,146.49099731445312,147.94429082183916,145.4180830822368,146.53000561245062,92229700
2021-08-18,142.75531005859375,147.0079285089272,142.55047558587256,146.11058891263426,86326000
2021-08-19,143.08694458007812,144.35493005036025,140.94113102889904,141.45807654722455,86960300
2021-08-20,144.54022216796875,144.8425847784855,143.16494556886403,143.8086939620168,60549600
2021-08-23,146.02281188964844,146.49098584387335,144.24762936861552,144.65728343893502,60131800
2021-08-24,145.93505859375,147.14452444194586,145.47663286242496,145.76924724797075,48606400
2021-08-25,144.70603942871094,146.61777310120064,144.15983406027962,146.12032437546637,58991300
2021-08-26,143.90623474121094,145.44732274946605,143.8769748010463,144.6962977745989,48597200
2021-08-27,144.94009399414062,145.08639364799023,143.21368366383547,143.84766867448505,55802400
2021-08-30,149.3488006591797,149.7096980445359,144.94988286885493,145.3302769581914,90956700
2021-08-31,148.0906219482422,149.03673327230263,147.56391312712373,148.90018188960238,86453100
2021-09-01,148.75387573242188,151.163044100905,148.5880643927795,149.06600170091482,80313700
2021-09-02,149.86575317382812,150.9094073223183,148.6465393833382,150.08033599159282,71115500
2021-09-03,150.49974060058594,150.82161480012687,149.31953520226918,149.97303195298093,57808700
2021-09-07,152.8308868408203,153.386840580654,150.5875305279746,151.15324750307346,82278300
2021-09-08,151.289794921875,153.17225378958634,150.18762094012845,153.113733911437,74420200
2021-09-09,150.2754364013672,152.26518694823613,150.15838174591684,151.66046161317462,57305700
2021-09-10,145.30105590820312,151.65071737057013,145.03770150418336,151.18254333907822,140893200
2021-09-13,145.86680603027344,147.69074591305593,145.08650587919956,146.92020900177502,102404300
2021-09-14,144.47195434570312,147.34931083330153,143.29176371635268,146.64704249063803,109296300
2021-09-15,145.35955810546875,145.75946384011283,142.76506733146184,144.9011324843855,83281300
2021-09-16,145.12545776367188,145.301032298818,143.59413289330473,144.78408681235823,68034100
2021-09-17,142.46273803710938,145.1547725078231,142.17012365338147,145.1547725078231,129868800
2021-09-20,139.41952514648438,141.2727239872893,137.7906574556132,140.25834475382314,123478900
2021-09-21,139.89747619628906,141.03867353306788,139.2634909051742,140.38516176883357,75834000
2021-09-22,142.2578582763672,142.82356032742504,140.1608018149043,140.8923300236282,76404300
2021-09-23,143.21377563476562,143.45761846975984,142.05308135891542,143.0382010544173,64838200
2021-09-24,143.301513671875,143.8379707289355,141.97500844122595,142.0725514999574,53477900
2021-09-27,141.78965759277344,142.36513771301105,140.2778446614952,141.88720063226543,74150700
2021-09-28,138.41493225097656,141.18498292082313,138.20034939372246,139.72192610299075,108972300
2021-09-29,139.31227111816406,140.89236770909372,138.53197117688373,138.9611368887371,74602000
2021-09-30,138.0150146484375,140.82408826037346,137.80043180958225,140.12181985738948,89056700
2021-10-01,139.1366729736328,139.40002732180153,135.68386603878685,138.40514469326044,94639600
2021-10-04,135.713134765625,138.7075311976416,134.86456666800945,138.26860229461653,98322000
2021-10-05,137.6345977783203,138.73677173382114,135.92769858570284,136.0545015739937,80861100
2021-10-06,138.5027313232422,138.64903107214994,134.962128569818,136.0350430050937,83221100
2021-10-07,139.7609405517578,140.66804355787346,139.2049866756737,139.53660933038944,61732700
2021-10-08,139.38050842285156,140.6289820985626,139.04888585839274,140.48268240335435,58773200
2021-10-11,139.29273986816406,141.24348200456123,138.31736879996546,138.76604603984862,64452200
2021-10-12,138.02474975585938,139.72190071402855,137.56632417893402,139.70238912610083,73035900
2021-10-13,137.43951416015625,137.9174363658586,135.77162340821164,137.76138833625006,78762700
2021-10-14,140.2193603515625,140.33641501765865,138.02477512030043,138.61000380183043,69907100
2021-10-15,141.27273559570312,141.33125547588753,139.97549034735292,140.22909633879294,67940300
2021-10-18,142.94065856933594,143.2235096811566,139.63415065247935,139.9170017643,85589200
2021-10-19,145.09620666503906,145.49611240776287,142.94064476173952,143.38930715549284,76378900
2021-10-20,145.5838623046875,146.0617994269622,144.47194001956103,145.037656955219,58418800
2021-10-21,145.79843139648438,145.9544943053686,144.22808372291004,145.14493470888215,61421000
2021-10-22,145.02793884277344,146.481232332848,144.97916730862042,146.0033099939033,58883400
2021-10-25,144.97915649414062,145.69117321411855,143.98427382696465,145.0181647887637,50720600
2021-10-26,145.64242553710938,147.12497895180522,145.34004798248478,145.6521738906202,60893400
2021-10-27,145.18399047851562,146.04230690415662,144.83285629616836,145.68142436893194,56094900
2021-10-28,148.81240844726562,149.39762230558532,146.03259425054543,146.13013733509126,100077900
2021-10-29,146.110595703125,146.2471470636249,142.804088225394,143.59413644564216,124953200
2021-11-01,145.29129028320312,146.01305539533712,144.15985619885288,145.3205502265068,74588300
2021-11-02,146.32518005371094,147.8370082711022,144.98891149464504,144.9986747309846,69122000
2021-11-03,147.75900268554688,148.2271767394299,146.1301344105293,146.68608830895576,54511500
2021-11-04,147.24203491210938,148.6758168059769,146.92990900121129,147.84676026074618,60394600
2021-11-05,147.76953125,148.66818076925497,146.5778402798623,148.36537673506885,65463900
2021-11-08,146.94898986816406,148.0527725947036,146.67548855791236,147.8964818732159,55020900
2021-11-09,147.3104248046875,147.9160328251653,146.57782868777164,146.71457936674102,56787900
2021-11-10,144.48748779296875,146.64621090035791,144.4191199061072,146.53876287411308,65187100
2021-11-11,144.43862915039062,145.96242651484354,144.25303577054234,145.5033467129879,41000000
2021-11-12,146.50941467285156,146.90988909643477,144.05765090115398,144.98560270947831,63804000
2021-11-15,146.51919555664062,148.3555742437889,145.9624154592678,146.88060480284193,59222800
2021-11-16,147.4960174560547,147.97465228236786,145.87453448172622,146.46061733416252,59256200
2021-11-17,149.9281768798828,151.40313104892564,147.48619089522273,147.4959534734695,88807000
2021-11-18,154.20660400390625,154.98804289425877,149.49846040015208,150.14314860254595,137827700
2021-11-19,156.82440185546875,157.2834965855034,152.897682743032,153.99168810581827,117305600
2021-11-22,157.28347778320312,161.8548695638248,157.26393771700205,157.9281509208038,117467900
2021-11-23,157.6644287109375,158.04537802988585,155.36895531169498,157.3811499145866,96041900
2021-11-24,158.18209838867188,158.3774543011539,155.93546813337693,157.01971058805793,69463600
2021-11-26,153.17115783691406,156.72668956141257,152.73160325073675,155.86712045424656,76959800
2021-11-29,156.52157592773438,157.44952783966656,155.10521179906075,155.67175446958956,88748200
2021-11-30,161.46412658691406,161.67902255964896,156.20896764318036,156.277350409369,174048100
2021-12-01,160.9464569091797,166.34813007275002,160.71202083002768,163.59356203535145,152052500
2021-12-02,159.95989990234375,160.38969196905754,154.13821164787007,155.05640108044867,136739200
2021-12-03,158.08441162109375,161.13202046747685,156.01361213812496,160.2138312915339,118023100
2021-12-06,161.48370361328125,163.98429560873123,160.4678287996897,160.47759138079394,107497000
2021-12-07,167.2077178955078,167.5984447377344,164.43362438687151,165.15645786646198,120405400
2021-12-08,171.01719665527344,171.87678065417452,166.73883163036436,168.1356556285786,116998900
2021-12-09,170.50926208496094,172.64844463234323,169.8841141404718,170.85114615502485,108923700
2021-12-10,175.2857666015625,175.46159735855395,170.6362302385688,171.14416754190958,115402700
2021-12-13,171.6619110107422,177.90362873179458,171.45677755961725,176.91705651666257,153237000
2021-12-14,170.2846221923828,173.6154957034132,168.21382219359762,171.18327152968024,139380400
2021-12-15,175.13931274414062,175.33466872556772,168.31151164367364,171.04654009777133,131063300
2021-12-16,168.2626190185547,176.93655914468357,166.78766465581225,175.11972073731067,150185800
2021-12-17,167.1686248779297,169.444558052229,165.75227570894924,165.98669687061619,195432700
2021-12-20,165.81088256835938,166.62162387110183,163.57402950297322,164.374993320752,107499100
2021-12-21,168.97569274902344,169.1808112556796,165.19548774606798,167.57886880713295,91185900
2021-12-22,171.564208984375,171.77910499631244,168.15519034473417,169.02453697313442,92135300
2021-12-23,172.18934631347656,172.74612637491737,171.20278915942293,171.76933180091095,68356600
2021-12-27,176.14535522460938,176.2332631531054,172.9610104976855,172.9805356564393,74919600
2021-12-28,175.12953186035156,177.1222015844957,174.38717318344425,175.97935346537145,79144300
2021-12-29,175.21742248535156,176.43841575185178,174.0061917992903,175.16857977375096,62348900
2021-12-30,174.06480407714844,176.3798175385403,173.95735606919604,175.30533745901636,59773000
2021-12-31,173.44944763183594,175.07091555859822,173.14662874511,173.9573701608435,64062300
2022-01-03,177.78640747070312,178.6362290402615,173.58620196027948,173.70341256103026,104487900
2022-01-04,175.53001403808594,178.69483440178558,174.9634712930882,178.3920304132724,99310400
2022-01-05,170.86090087890625,175.98907226585013,170.58739959731207,175.44206970266174,94537600
2022-01-06,168.00869750976562,171.23212317548703,167.65705080251047,168.69245085589924,96904000
2022-01-07,168.1747283935547,170.09901499255682,167.06118311991872,168.8780217142409,86709100
2022-01-10,168.1942596435547,168.4970635759533,164.26754129298973,165.15642793014217,106765600
2022-01-11,171.01719665527344,171.1148671703379,166.85605711502512,168.3212489833143,76138300
2022-01-12,171.45672607421875,173.0684309309445,170.76321037163262,172.0330312140467,74805200
2022-01-13,168.1942596435547,172.52145244084235,167.80353287215138,171.70094857794888,84505800
2022-01-14,169.05386352539062,169.74737940608347,167.11979931497876,167.36399798657283,80440800
2022-01-18,165.85972595214844,168.53613361538314,165.47877665458643,167.53003637041928,90956700
2022-01-19,162.37255859375,167.11001826086033,162.08929472408371,166.0550783276264,94815000
2022-01-20,160.69252014160156,165.74254787630412,160.3701760430409,163.1052046845527,91420500
2022-01-21,158.64122009277344,162.470253269675,158.5337720868401,160.60457194151562,122848900
2022-01-24,157.86952209472656,158.5337501042213,151.11010595295735,156.30665983978236,162294600
2022-01-25,156.072265625,158.98310983768695,153.3763174519784,155.29082683573563,115798400
2022-01-26,155.9843292236328,160.575260779249,154.15772812433738,159.70591419723806,108275300
2022-01-27,155.52523803710938,160.03802433796415,154.60704872462142,158.68028043462846,121954600
2022-01-28,166.37741088867188,166.39695095221313,159.02214941138433,161.8646250162313,179935700
2022-01-31,170.7241668701172,170.93906288440527,165.576454917367,166.21138037947398,115541600
2022-02-01,170.55812072753906,170.78277933201363,168.31148996868112,169.9720379540269,86213900
2022-02-02,171.75958251953125,171.79866265554188,169.30783310188434,170.69487983616585,84914300
2022-02-03,168.8877716064453,172.15027672857178,168.12587305039293,170.43110878285196,89418100
2022-02-04,168.60418701171875,170.27664070855118,166.93173331488632,167.90977257243412,82465400
2022-02-07,167.89019775390625,170.12990075671365,167.19578341710826,169.0638417050099,77251200
2022-02-08,170.99058532714844,171.49916986063508,167.66524328351184,167.95865801143464,74829200
2022-02-09,172.4087371826172,172.77060688626915,171.05903840340724,172.18379236064646,71285000
2022-02-10,168.34010314941406,171.6263154743887,167.78262856301606,170.31574652168356,90865900
2022-02-11,164.93653869628906,169.2790353586412,164.34970917619486,168.54550592037077,98670700
2022-02-14,165.1712646484375,165.8558891027738,162.9022065441299,163.69441590726865,86185500
2022-02-15,168.99537658691406,169.1518664311418,166.5111637354937,167.2153531108256,62527400
2022-02-16,168.7606964111328,169.53334094761482,166.3155979842074,168.07607183633297,61177400
2022-02-17,165.1712646484375,168.1347222265384,164.7702649952927,167.27404295611913,69589300
2022-02-18,163.62596130371094,166.79479876362558,162.54033719370844,166.0906242687398,82772700
2022-02-22,160.71139526367188,163.02934320107533,158.58903724171788,161.35688974047144,91162800
2022-02-23,156.5547332763672,162.50119815168253,156.241753586249,161.90459367562613,90009200
2022-02-24,159.16610717773438,159.27369208830245,148.66196063900136,149.22922517438823,141147500
2022-02-25,161.22975158691406,161.4938113988268,157.3371452242796,160.24192254485857,91974200
2022-02-28,161.49380493164062,161.78721963459702,158.86287747049465,159.47904685433394,95056600
2022-03-01,159.6160125732422,162.94135518491746,158.41302839932598,161.08307153976776,83474400
2022-03-02,162.90219116210938,163.6846254319098,159.37146939131958,160.7798480922219,79724800
2022-03-03,162.5794219970703,165.2005743290728,161.9143626273284,164.77023477279693,76678400
2022-03-04,159.5866241455078,161.9143617747294,158.54013016070306,160.87764280753723,83737200
2022-03-07,155.8016357421875,161.3960207362876,155.54733601828758,159.7724722055909,96418800
2022-03-08,153.9824981689453,159.30303394754864,152.3785144348394,155.33219707675556,131148300
2022-03-09,159.37149047851562,159.82139509337992,155.90923815043413,157.9337716080875,91454900
2022-03-10,155.03880310058594,156.86773192318665,152.5545747757299,156.68190205750494,105342000
2022-03-11,151.33200073242188,155.78208206231224,151.10705589580672,155.4397623739769,96970100
2022-03-14,147.31224060058594,150.73537736075448,146.80367102699051,148.1240148231261,108732100
2022-03-15,151.68409729003906,152.15356685525754,147.07754097449947,147.58611061794517,92964300
2022-03-16,156.0852813720703,156.48628104894496,151.06795013405093,153.60106822684398,102300200
2022-03-17,157.09266662597656,157.46432633327734,154.16833868809496,155.1268130175759,75615400
2022-03-18,160.3788604736328,160.86788006337628,156.25153394230247,156.98506332691767,123511700
2022-03-21,161.7480926513672,162.69679166385907,159.43013010111937,159.91914959524135,95811400
2022-03-22,165.11256408691406,165.69937857870127,161.2884277154457,161.8752422072329,81532000
2022-03-23,166.47203063964844,168.84865833026834,163.9682381752626,164.30078278901993,98062700
2022-03-24,170.24725341796875,170.3157083866542,166.47202233591315,167.30334651961118,90131400
2022-03-25,170.88296508789062,171.43066450745278,168.9562271788445,170.06141595854737,80546200
2022-03-28,171.74371337890625,171.87084834447882,168.2227657996674,168.38903069595148,90371900
2022-03-29,175.02987670898438,175.0787667230212,172.467404224187,172.80972386459516,100589400
2022-03-30,173.86599731445312,175.6655854938626,172.8194884204446,174.62886654102215,92633200
2022-03-31,170.77542114257812,174.1203133341303,170.5700263491638,173.93448350287292,103049300
2022-04-01,170.4819793701172,171.03946877548313,168.16403166582776,170.2081296381206,78751300
2022-04-04,174.5212860107422,174.57019094673097,170.60912991069844,170.73627975953104,76468400
2022-04-05,171.2155303955078,174.38438259894033,170.58958593943765,173.60194829792937,73401800
2022-04-06,168.0564727783203,169.81694627331598,166.3938091700385,168.57483234577828,89058800
2022-04-07,168.35968017578125,169.5528892849942,166.11997680279987,167.40120586506256,77594700
2022-04-08,166.3546600341797,168.0075484323814,165.48420586824818,168.0075484323814,76575500
2022-04-11,162.10997009277344,165.31793693449984,161.8654603339608,165.00497220353915,72246700
2022-04-12,163.97804260253906,166.13950070260202,162.9804385205217,164.33013728303388,79265200
2022-04-13,166.65786743164062,167.28381189911025,163.10759541750994,163.7139749230824,70618900
2022-04-14,161.6600799560547,167.5087646523774,161.41557017548345,166.8730302686766,75329400
2022-04-18,161.4449462890625,162.94134514885508,159.97788741289764,160.32019219645267,69023900
2022-04-19,163.72378540039062,164.13457507073068,160.31043753291337,161.3960618360772,67723800
2022-04-20,163.55747985839844,165.17125338034182,162.45230578739907,165.05387853639598,67929800
2022-04-21,162.76527404785156,167.7630547165198,162.266479452362,165.20059691129774,87227800
2022-04-22,158.2369384765625,164.1834179598548,157.95331370568275,162.8043941791054,84882400
2022-04-25,159.3030548095703,159.58667965590095,154.9801226542558,157.5816959947762,96046400
2022-04-26,153.35650634765625,158.7748354230094,153.27826144285282,158.68681550148915,95623200
2022-04-27,153.13162231445312,156.2808951707583,151.9677531448404,152.4861127865459,88063200
2022-04-28,160.04629516601562,160.90697422827097,155.43972508795935,155.75270471921226,130216800
2022-04-29,154.1878662109375,162.55010393809633,153.79665651995063,158.28585264208988,131747600
2022-05-02,154.49105834960938,154.75511815394006,149.9040527150275,153.26850950984627,123055300
2022-05-03,155.97764587402344,157.1806445145201,152.88705416758032,154.67685229380245,88966500
2022-05-04,162.37405395507812,162.8239435793619,155.76250015329012,156.16349976201118,108256500
2022-05-05,153.3272247314453,160.47668960295778,151.5471860479713,160.25174474333807,130525300
2022-05-06,154.05198669433594,156.16765847712838,151.01560506464577,152.80804796848787,116124600
2022-05-09,148.9391326904297,152.63176175523802,148.38083908771665,151.75022430191655,131577900
2022-05-10,151.3388671875,153.5231099451531,149.7912929478581,152.32814774676658,115366700
2022-05-11,143.4932403564453,152.25954795565056,142.81739949520818,150.34957266016625,142689800
2022-05-12,139.6341094970703,143.19940187956024,135.95128476595931,139.83980605277625,182602000
2022-05-13,144.09072875976562,145.06041547307086,140.17282438448345,141.6224448185645,113990900
2022-05-16,142.55296325683594,144.4923369438145,141.22087499257742,142.56276758428663,86643800
2022-05-17,146.17701721191406,146.69613834453236,143.66954586445135,145.80481151470883,78336300
2022-05-18,137.9298095703125,144.3355756662519,137.02867854993576,143.83604831537036,109742900
2022-05-19,134.53109741210938,138.75263855251626,133.79649006900493,137.00917165386505,136095600
2022-05-20,134.76612854003906,137.81230015984903,129.8883411847853,136.23534285932448,137426100
2022-05-23,140.17282104492188,140.31973647724712,134.82487512400195,134.9620011760451,117726300
2022-05-24,137.47926330566406,139.05622039365426,134.51145197634384,137.92002455292192,104132700
2022-05-25,137.63600158691406,138.87992561613757,135.50073567160547,135.5888849437953,92482700
2022-05-26,140.82907104492188,141.37757526410218,134.32535040420584,134.57021942674126,90601500
2022-05-27,146.56883239746094,146.6080048732437,142.27872143657157,142.4060581377044,90978500
2022-05-31,145.78521728515625,147.5678709384086,143.82626511004062,146.01050754614022,103718400
2022-06-01,145.65789794921875,148.62570934761555,144.649023812494,146.82346195823692,74286600
2022-06-02,148.1066131591797,148.16537934399943,143.84588541228797,144.79597858853165,72348100
2022-06-03,142.396240234375,144.93307974702813,141.49512401563555,143.88503314588232,88570300
2022-06-06,143.140625,145.52075950090375,141.92606935448035,144.01235806018857,71598400
2022-06-07,145.65789794921875,145.94193944320352,141.1425125135875,141.3873815394989,67808200
2022-06-08,144.92327880859375,146.79406665216868,144.43354079753493,145.5305491597089,53950200
2022-06-09,139.7124786376953,144.91349464755012,139.60473566244548,144.06135517233236,69473000
2022-06-10,134.3155975341797,137.8710865448469,134.24702701533337,137.4009420785548,91437900
2022-06-13,129.17333984375,132.4251934035628,128.7423678783914,130.14301182018457,122207100
2022-06-14,130.0352325439453,131.14204524198857,128.7815044194442,130.39764883857168,84784300
2022-06-15,132.6504669189453,134.5212702217429,129.4475902081577,131.53386454500733,91533000
2022-06-16,127.39067077636719,129.67285209068328,126.39160087860697,129.36921686332983,108123900
2022-06-17,128.85987854003906,130.34868645706888,127.14579529566508,127.40046865716874,134520300
2022-06-21,133.08139038085938,134.2469691337133,130.58373870544858,130.68167733148658,81000500
2022-06-22,132.57211303710938,134.93263938077834,131.16166488175563,132.0235937967665,73409200
2022-06-23,135.43214416503906,135.74556869818326,132.8463282477274,134.01190702274286,72433800
2022-06-24,138.7525634765625,138.99743245843743,136.90135457141264,137.02867627896833,89116800
2022-06-27,138.7525634765625,140.54500621736102,138.07672269528902,139.77121186509095,70207900
2022-06-28,134.6191864013672,140.47644880841756,134.50165406172098,139.212931320367,67083400
2022-06-29,136.3724822998047,137.78293057588337,133.86502534038587,134.63881999394516,66242400
2022-06-30,133.9139862060547,135.53011594509118,131.0245344279122,134.43310739232075,98964500
2022-07-01,136.07862854003906,136.1863715256026,132.87575195629162,133.24794276909347,71051600
2022-07-05,138.6546630859375,138.70363989022064,134.11968301964518,134.94245447298385,73353800
2022-07-06,139.98675537109375,141.16212397864905,138.1845225098008,138.44898530382812,74064300
2022-07-07,143.3463592529297,143.5422515193908,140.3393599057939,140.3491492881493,66253700
2022-07-08,144.02215576171875,144.52169812610057,142.02403114104803,142.2786895406023,64547800
2022-07-11,141.89669799804688,143.63037488194183,140.82907263468897,142.6802818681296,63141600
2022-07-12,142.86639404296875,145.40323372369386,142.07302074051665,142.76844044820817,77588800
2022-07-13,142.50401306152344,143.4443019452147,139.20316774910646,140.05532229787818,71185600
2022-07-14,145.42279052734375,145.89293478252006,140.30992504725015,141.1228918514691,78140700
2022-07-15,147.08792114257812,147.7637620290884,145.15835206929646,146.70592606919652,76259900
2022-07-18,144.0515594482422,148.45920196700573,143.6891431225671,147.64623499784832,81420900
2022-07-19,147.90090942382812,148.1261847699647,143.89485526545627,144.88412086859606,82982400
2022-07-20,149.89901733398438,150.56506886066487,147.2838179131366,148.01842499581136,64823400
2022-07-21,152.16162109375,152.3771070356204,148.821603940378,151.32906041419434,65086600
2022-07-22,150.927490234375,153.0725455912705,150.26145356507448,152.20081233549695,66675400
2022-07-25,149.8108673095703,151.85796878260385,149.15462011252404,150.84910958984113,53623900
2022-07-26,148.48858642578125,149.94799628582763,147.70500253719806,149.13502930916428,55138700
2022-07-27,153.5720672607422,154.10099277980115,149.0371026048061,149.4484808165071,78620700
2022-07-28,154.12054443359375,154.40458587882554,151.24088279184247,153.758128174429,81378700
2022-07-29,159.17465209960938,160.2716754702952,156.22643448443253,157.93072824104914,101786900
2022-08-01,158.1951904296875,160.2325026515257,157.58791998844677,157.7054523459462,67829400
2022-08-02,156.72596740722656,159.07671904499605,156.35377664743476,156.81413161603723,59907000
2022-08-03,162.7203826904297,163.17093336402678,157.45079605540153,157.53894532472003,82507500
2022-08-04,162.40692138671875,163.7586031177134,161.0552396557241,162.60281360750764,55474100
2022-08-05,162.18136596679688,162.67178435198056,159.876393569881,160.08237587686597,56697000
2022-08-08,161.71054077148438,164.59420304327227,161.05338198319762,163.18179581085533,60276900
2022-08-09,161.7595977783203,162.64235984823435,160.12160217379457,160.87685067478762,63135500
2022-08-10,165.99681091308594,166.09488560468589,163.70164162721542,164.46669306704544,70170500
2022-08-11,165.26116943359375,167.713261012407,164.9669154508603,166.80107516257124,57149200
2022-08-12,168.80198669433594,168.87063747457046,166.1537158722437,166.5656804191666,68039400
2022-08-15,169.87109375,170.0672580774187,168.06635799154176,168.2330984181666,54091700
2022-08-16,169.7141571044922,170.38113378052608,168.37041574061854,169.4689479524639,56377100
2022-08-17,171.20506286621094,172.77439273368478,169.26301023326062,169.45917459589717,79542000
2022-08-18,170.8126983642578,171.54832585930868,169.80243780169835,170.42036968678258,62290100
2022-08-19,168.2330780029297,170.41053619571213,168.02709575598993,169.7141357065489,70346300
2022-08-22,164.35877990722656,166.60488891273792,163.93701242863682,166.43814850327874,69026800
2022-08-23,164.02532958984375,165.47697879172844,163.45644246473458,163.87821006023856,54147100
2022-08-24,164.31959533691406,164.8884825026039,163.0641253734546,164.11362798077442,53841500
2022-08-25,166.7716827392578,166.8795753877456,165.12388407113372,165.54563671843377,51218200
2022-08-26,160.48451232910156,167.77213753118554,160.42566451575846,167.3013400580589,78961000
2022-08-29,158.2874298095703,159.7782908024648,156.7573269679059,158.06182659509352,73314000
2022-08-30,155.86477661132812,159.4448248788866,154.69757844618866,159.02307224651202,77906200
2022-08-31,154.2071533203125,157.50276536238007,154.1286845852179,157.23793525223348,87991100
2022-09-01,154.9329833984375,155.38415993328115,151.70602203096658,153.6382716729597,74229900
2022-09-02,152.82415771484375,157.286967514474,152.00025851175562,156.6886565527691,76957800
2022-09-06,151.56869506835938,154.07963464254792,150.7447958267751,153.4715206737186,73714800
2022-09-07,152.97128295898438,153.6676685648947,150.66631095885003,151.85312983190147,87449600
2022-09-08,151.50003051757812,153.36361410419434,149.75412756943635,151.6765739248584,84923800
2022-09-09,154.35426330566406,154.79565178409123,151.78447599724632,152.49067960307377,68028800
2022-09-12,160.29812622070312,161.11222243462,156.24728104104713,156.53171708379904,104956000
2022-09-13,150.89190673828125,157.46350930410847,150.43091231518306,156.8357744463717,122656600
2022-09-14,152.333740234375,154.08944624806267,150.66632089509483,151.82370097735972,87965400
2022-09-15,149.45010375976562,152.26511565335673,148.47908487159995,151.6864105462559,90481100
2022-09-16,147.8120880126953,148.44964084888636,145.52673670084437,148.31232430924803,162278800
2022-09-19,151.51963806152344,151.59810678770754,146.2427471814607,146.44871449211215,81474200
2022-09-20,153.89328002929688,155.05067517637016,150.14649142825516,150.46035140561636,107689800
2022-09-21,150.77426147460938,155.69806729538206,150.6565658264775,154.32488654617703,101696800
2022-09-22,149.81298828125,151.50983141556574,148.0180554999838,149.45988650515864,86652500
2022-09-23,147.54727172851562,148.5673503753869,145.71311171309017,148.29271727039426,96029900
2022-09-26,147.8807373046875,150.82324708343862,146.77238716545008,146.79200808789446,93339400
2022-09-27,148.85179138183594,151.75507497309587,147.07647912072952,149.81302224747262,84442700
2022-09-28,146.9685516357422,147.75322390412563,142.06436866631904,144.81071412247172,146691400
2022-09-29,139.74960327148438,143.9083561021041,137.98409428837317,143.3002421615135,128138200
2022-09-30,135.5515899658203,140.35769739354438,135.3554256755078,138.5725679290359,124925300
2022-10-03,139.7201690673828,140.32829792951577,135.05139229305564,135.5614315097669,114311700
2022-10-04,143.3002471923828,143.41794280659562,141.49549629829846,142.2507447443845,87830100
2022-10-05,143.59451293945312,144.55574385560058,140.26947652199397,141.30917618434017,79471000
2022-10-06,142.64308166503906,144.7126478104947,142.43711432828448,143.0158044200555,68402200
2022-10-07,137.40541076660156,140.3577388347644,136.7776758724346,139.80845770678545,85925600
2022-10-10,137.72906494140625,139.17089585032406,135.91452632499212,137.72906494140625,74899000
2022-10-11,136.31666564941406,138.64125855443186,135.57123522583825,137.21903351996755,77033700
2022-10-12,135.68894958496094,137.67024396939837,135.51240615749046,136.46381898254117,70433700
2022-10-13,140.24986267089844,140.83835578471064,131.79503908177543,132.40316808901153,113224000
2022-10-14,135.72813415527344,141.75046853499285,135.54177286067124,141.5444863234919,88598000
2022-10-17,139.68099975585938,140.16160030391146,137.58200918963306,138.36668177725832,85250900
2022-10-18,140.9952850341797,143.88875049899616,137.91545818930572,142.70194639396894,99136600
2022-10-19,141.1031951904297,142.1723038055395,138.78841953799576,138.974780941184,61758300
2022-10-20,140.64215087890625,143.09424222902763,139.9163264513743,140.2792461483292,64522000
2022-10-21,144.4478302001953,145.0167173026428,139.9163543059083,140.1321395849877,86548600
2022-10-24,146.58602905273438,147.35108041478094,143.20214572577777,144.36934369172494,75981900
2022-10-25,149.42063903808594,149.56777350297594,146.49775025875292,147.21375676214043,74732300
2022-10-26,146.4879608154297,149.07736899312695,145.20305222207165,148.06710843299678,88194300
2022-10-27,142.025146484375,146.1937021462339,141.36798774070627,145.23248644302674,109180200
2022-10-28,152.75552368164062,154.48179100593666,144.98729827273644,145.36000606754794,164762400
2022-10-31,150.40151977539062,151.28428192484714,149.0087332370563,150.22497632532892,97943200
2022-11-01,147.7630157470703,152.4710340362063,146.27215501250635,152.1081293130579,80379300
2022-11-02,142.250732421875,149.2539052221096,142.22130852087065,146.09561013902547,93604600
2022-11-03,136.2185821533203,140.06345955714755,136.09106861510674,139.33763513663766,97918500
2022-11-04,135.9532928466797,140.1680543220375,132.0234391669718,139.5982237395356,140814800
2022-11-07,136.48387145996094,136.70983394000362,133.29086405936027,134.70561435237354,83374600
2022-11-08,137.05369567871094,138.9498435557623,135.0789489012502,137.94774130575934,89908500
2022-11-09,132.50489807128906,136.12037292800636,132.22980938548775,136.07124673599705,74917800
2022-11-10,144.29443359375,144.29443359375,137.05368118428237,138.7631733571785,118854000
2022-11-11,147.07479858398438,147.37935990276293,141.83826577346156,143.26284999283982,93979700
2022-11-14,145.6797332763672,147.64466090619808,144.8446330372058,146.35763570725214,73374100
2022-11-15,147.40882873535156,150.89657743758315,145.95478683657723,149.55060713210176,89868300
2022-11-16,146.1807861328125,147.2418488642614,144.70709039322372,146.51483522710427,64218300
2022-11-17,148.07693481445312,148.82360185357618,143.58706836561342,143.86215701114332,80389400
2022-11-18,148.63694763183594,150.0222252429551,147.3401031595605,149.6390649453273,74829600
2022-11-21,145.41444396972656,147.73305885560603,145.12953609848137,147.52674987775407,58724100
2022-11-22,147.54638671875,147.7821833963105,144.353379792247,145.5323481888436,51804100
2022-11-23,148.42080688476562,149.16747394284351,146.72113379241404,146.82920540527334,58301400
2022-11-25,145.51271057128906,146.2692118769101,144.54006603549058,145.7092003283938,35195900
2022-11-28,141.69093322753906,144.06849387144769,140.8656672171658,142.5947981424062,69246000
2022-11-29,138.69439697265625,142.2705641956943,137.88878454429147,141.75967888062996,83763800
2022-11-30,145.43409729003906,146.1119996275474,138.08527316426236,138.9203582971881,111380900
2022-12-01,145.7091827392578,146.51481013470644,144.03899751867118,145.61094536816785,71250400
2022-12-02,145.21795654296875,145.4046270438478,143.09583136119605,143.40040769964443,65447400
2022-12-05,144.0586700439453,148.27343309869434,143.21375058654476,145.17867816271277,68826400
2022-12-06,140.40390014648438,144.71691547188212,139.43125562304482,144.49095300364328,64727200
2022-12-07,138.46847534179688,140.8558556105538,137.54495680465763,139.69655531326703,69721100
2022-12-08,140.1484375,141.00319109284194,138.62563079391435,139.86352962985669,62128300
2022-12-09,139.6670379638672,143.0172426533997,138.42912415381502,139.84387422747133,76097000
2022-12-12,141.95620727539062,141.9660265170688,138.58634846990296,140.1975885864345,70462700
2022-12-13,142.91900634765625,147.34009332894186,141.71058010364294,146.87833415604433,93886200
2022-12-14,140.69862365722656,144.0881201971517,138.6845702087708,142.80109523487565,82291200
2022-12-15,134.1062774658203,139.31333739130548,133.64451838807022,138.63543512859985,98931900
2022-12-16,132.1511993408203,135.23613504981998,131.38487878191776,134.2929782040358,160156900
2022-12-19,130.0487060546875,132.82907992971283,129.01713123497163,132.74066180080095,79592600
2022-12-20,129.97994995117188,130.91328746393052,127.61220884643005,129.08590439011405,77432800
2022-12-21,133.07469177246094,134.4108428696223,130.42204304769788,130.64800547841642,85928000
2022-12-22,129.91116333007812,132.20030541745464,128.01501569466643,131.9939964474779,77852100
2022-12-23,129.5476837158203,130.09786107261186,127.36661277196195,128.62416529925937,63814900
2022-12-27,127.7497787475586,129.1055837164495,126.4627534469259,129.07611099897005,69007800
2022-12-28,123.82974243164062,128.73223486036684,123.66272537894751,127.39608344761355,85438400
2022-12-29,127.33712768554688,128.19186635387044,125.49009852746012,125.74553370652504,75703700
2022-12-30,127.65150451660156,127.67115798862761,125.19535270118398,126.15817044916967,77034200
2023-01-03,122.87673950195312,128.6044974020352,121.99252063798394,127.9953746812147,112117500
2023-01-04,124.14412689208984,126.4037966398773,122.886574422074,124.66483150899292,89113600
2023-01-05,122.82760620117188,125.5293813261351,122.57217104073682,124.90060516942826,80962700
2023-01-06,127.34696197509766,128.00521096875735,122.69991206962038,123.80027430194448,87754700
2023-01-09,127.86764526367188,131.07048653770673,127.6122100970975,128.18204084518473,70790800
2023-01-10,128.43746948242188,128.958174020526,125.87323874198964,127.9757103650532,63896200
2023-01-11,131.14907836914062,131.1687168485226,128.17221470136022,128.94835439070522,69458900
2023-01-12,131.07049560546875,131.90558081812333,129.13504077259947,131.5322547782573,71379600
2023-01-13,132.3968048095703,132.55400260182785,129.35117628841525,129.71468306570503,57809700
2023-01-17,133.5561065673828,134.88242345634274,131.77784981822288,132.46557135226192,63646600
2023-01-18,132.8389129638672,136.17928328311848,132.66206171643108,134.42067999537736,69672800
2023-01-19,132.8979034423828,133.86071392112063,131.42420750930626,131.72876893688178,58280400
2023-01-20,135.4522705078125,135.59964906296133,131.86628386729487,132.90769302903612,80223600
2023-01-23,138.63548278808594,140.80673462294286,135.48176704430378,135.6979103035641,81760300
2023-01-24,140.03057861328125,140.64953566811175,137.8396883115422,137.84950755371702,66435100
2023-01-25,139.37229919433594,139.93229570032543,136.37578195167205,138.41930821894437,65799300
2023-01-26,141.4354705810547,141.72037843724186,139.4115829133593,140.6593159193217,54105100
2023-01-27,143.3709259033203,144.64813175929368,140.57091324840124,140.64951214628343,70555800
2023-01-30,140.4923553466797,142.99764160460052,140.3449917396537,142.41799142868322,64015300
2023-01-31,141.7596893310547,141.80881551729502,139.78494257033407,140.19757555057984,65874500
2023-02-01,142.8797149658203,144.03903014040526,138.84180280794712,141.44532609516176,77663600
2023-02-02,148.17520141601562,148.52887400177488,145.57166328269082,146.28885767804982,118339000
2023-02-03,151.7906036376953,154.62010318230128,145.23757419868863,145.43406389124127,154357300
2023-02-06,149.06922912597656,150.41521473457135,148.13589150827315,149.8945101165513,69858300
2023-02-07,151.9380340576172,152.5078649107581,147.9983592694092,147.9983592694092,83322600
2023-02-08,149.2559051513672,151.86926257026718,148.51905726950346,151.18154087876943,64120100
2023-02-09,148.2243194580078,151.62365104865805,147.78221371418798,151.08329292122983,56007100
2023-02-10,148.58837890625,148.913088785703,146.82709018156558,147.06324691592152,57450700
2023-02-13,151.3828582763672,151.78627208132363,148.49983612289876,148.52935383999073,62199000
2023-02-14,150.74325561523438,151.30412220458746,148.44078385852455,149.68057287811524,61707600
2023-02-15,152.83908081054688,153.00635283510616,150.42837278798947,150.65468023132328,65573800
2023-02-16,151.24505615234375,153.8230360580732,150.89082864502956,151.0482514150965,68167900
2023-02-17,150.1036834716797,150.54646418705764,148.43094798353164,149.90689371085574,59144100
2023-02-21,146.09893798828125,148.87372305726493,146.03006833094608,147.79135689260553,58867200
2023-02-22,146.52206420898438,147.54538003263738,144.80012742797703,146.48269724609548,51011300
2023-02-23,147.0041961669922,147.92912460701393,144.87884561858363,147.68313363952294,48394200
2023-02-24,144.35733032226562,144.82962872471046,143.38320079150859,144.75090982195374,55469600
2023-02-27,145.54795837402344,146.77791341877497,145.0854940760689,145.341334334401,44998500
2023-02-28,145.04612731933594,146.68934528974674,144.47542643511753,144.69189970203135,50547000
2023-03-01,142.97975158691406,144.86895994047165,142.68455949733774,144.47538049709883,55479000
2023-03-02,143.57015991210938,144.3573339453376,141.59238308918532,142.0646965175798,52238100
2023-03-03,148.6080322265625,148.68675112203792,144.96736964186593,145.66597544130724,70732300
2023-03-06,151.36314392089844,153.79353555974586,150.99908214162087,151.32377696340643,87558000
2023-03-07,149.16891479492188,151.55993956940895,148.7064506179963,151.23522972088062,56182000
2023-03-08,150.4185333251953,151.00891757952724,149.39521763366128,150.35949790258118,47204800
2023-03-09,148.17510986328125,152.06176399701366,147.82088228318355,151.09748364556307,53833600
2023-03-10,146.11862182617188,148.5194958597798,145.242894659562,147.80120650188752,68572400
2023-03-13,148.05702209472656,150.68420342446277,145.33143838738883,145.43967499711258,84457100
2023-03-14,150.14303588867188,150.94004418166887,147.6929755826584,148.85404568502526,73695900
2023-03-15,150.53663635253906,150.79246155107444,147.51586009545082,148.76549840164833,77167900
2023-03-16,153.35076904296875,153.9509875803486,149.20827470890512,149.71994010489203,76161100
2023-03-17,152.514404296875,154.2265068856699,151.80594908869074,153.5770871091514,98944600
2023-03-20,154.87591552734375,155.28919358755078,151.6780327765039,152.5832927983786,73641400
2023-03-21,156.72579956054688,156.8438704472163,154.0297325401581,154.79723834581083,73938300
2023-03-22,155.2990264892578,159.5399085601911,155.27934300701256,156.7454546452784,75701800
2023-03-23,156.38136291503906,158.9593583364734,155.15140813839363,156.28297554136526,67622100
2023-03-24,157.6802215576172,157.76877470893055,155.31871410467124,156.31251228008384,59196500
2023-03-27,155.74179077148438,158.19186606543823,155.33836200567538,157.37517430078694,52390300
2023-03-28,155.12191772460938,155.94845889069038,153.47869965551462,155.43679340961148,45992200
2023-03-29,158.1918182373047,158.46732681990156,156.79459185010865,156.81426031022863,51305700
2023-03-30,159.75637817382812,159.8646148025582,158.68386113447403,158.9396863414281,49501700
2023-03-31,162.255615234375,162.3540176143248,159.31357325147573,159.8350728342002,68749800
2023-04-03,163.5052490234375,163.6233198649464,161.586522778444,161.6357239671043,56976200
2023-04-04,162.9739227294922,164.16451047380076,162.46225736922722,163.92836877990578,46278300
2023-04-05,161.13389587402344,162.4032175003463,159.2053353608918,162.09819114468434,51511700
2023-04-06,162.01947021484375,162.31466233453045,159.40212310856722,159.8252203026454,45390100
2023-04-10,159.43165588378906,159.43165588378906,157.51292944566782,158.8314373555464,47716900
2023-04-11,158.2213897705078,159.75637097122245,157.93603184667685,159.7465367378167,47644200
2023-04-12,157.5325927734375,159.46115319792995,157.2177171858746,158.6346273017189,50133100
2023-04-13,162.905029296875,163.14118599216286,158.8314201412513,159.03805912639,68445600
2023-04-14,162.5606689453125,163.65286938363687,161.19295983913122,161.9506011686896,49386500
2023-04-17,162.580322265625,162.73776006518966,161.39956879707992,162.44256794452966,41516200
2023-04-18,163.8004608154297,164.7253892225956,162.99360326395418,163.43639900098648,49923000
2023-04-19,164.94183349609375,165.46333303592274,162.88533803142178,163.14117819260926,47720200
2023-04-20,163.97756958007812,165.17800667808302,162.90505258707114,163.42655222639002,52456400
2023-04-21,162.37374877929688,163.7808101384165,161.8522490434176,162.40326649913158,58337300
2023-04-24,162.6787567138672,162.94443117624493,161.26184626664974,162.35404681853836,41949600
2023-04-25,161.14378356933594,163.64304544690907,161.10441660264104,162.54101060503098,48714100
2023-04-26,161.13389587402344,162.62952495549953,160.18929909610858,160.44512426219072,45498800
2023-04-27,165.7093505859375,165.85693915334915,162.5409858833323,162.5409858833323,64902300
2023-04-28,166.95896911621094,167.12625617335198,165.1878463008649,165.78806481489534,55275900
2023-05-01,166.8704376220703,167.71664719399982,165.93567490070697,166.5654112090663,52472900
2023-05-02,165.8372344970703,167.61822139630092,164.85327080237903,167.36238122666072,48425700
2023-05-03,164.76475524902344,168.17911124939818,164.47941231869004,166.78188428598025,65136000
2023-05-04,163.13133239746094,164.3612870012041,161.67507035057545,162.2457710884036,81235400
2023-05-05,170.78660583496094,171.504895212846,168.02165491497223,168.23812815446027,113453200
2023-05-08,170.7177276611328,171.06212101363838,169.35001851271124,169.71408033203093,55962800
2023-05-09,169.01547241210938,170.7570775926942,168.84820036158354,170.27494492179522,45326900
2023-05-10,170.77676391601562,171.23922812803062,169.14338031673282,170.24543004162442,53724500
2023-05-11,170.9636993408203,171.7902252766967,169.4090348343318,171.0621017201797,49514700
2023-05-12,170.03753662109375,171.5056611983073,168.4905692075404,171.07211580763337,45533100
2023-05-15,169.54486083984375,170.66813061172948,168.95365989259247,170.61886136031444,37266700
2023-05-16,169.54486083984375,170.5991506527755,169.2788189100942,169.4660330445526,42110300
2023-05-17,170.15573120117188,170.39219951568867,167.91903983890595,169.19011716888295,57951600
2023-05-18,172.4811248779297,172.66833901247392,170.04737119858373,170.46120584790356,65496700
2023-05-19,172.58949279785156,173.80143807257875,172.3727201425523,173.80143807257875,55809500
2023-05-22,171.64358520507812,172.14611049896482,170.90459157041087,171.42681253611994,43570900
2023-05-23,169.0423126220703,170.83561089353927,168.76642289336164,170.58927970470205,50747300
2023-05-24,169.31822204589844,169.8897122746601,168.0176010356781,168.57922839342694,45143500
2023-05-25,170.4513397216797,171.3479738482291,169.17041449607095,169.8798495430277,56058300
2023-05-26,172.8555450439453,173.19056694623742,170.5695990272421,170.77652387763237,54835000
2023-05-30,174.69810485839844,176.36330631715728,173.9788219031772,174.36309800636275,55964400
2023-05-31,174.64878845214844,176.71797616284587,174.1659739770229,174.72761622573182,99625300
2023-06-01,177.44715881347656,177.47671735788407,174.33352850038895,175.0922328882,68901800
2023-06-02,178.29454040527344,179.11236188910445,176.62933889294345,178.37336820267623,61996900
2023-06-05,176.94461059570312,182.23579939859383,175.4272021453367,179.9498539235026,121946500
2023-06-06,176.58009338378906,177.47672767437876,174.82620111609043,177.3289349437502,64848400
2023-06-07,175.21047973632812,178.55073052308683,174.71781728969785,175.82137635899298,61944600
2023-06-08,177.92010498046875,178.18613184931536,174.85574427470908,175.28927455408018,50214900
2023-06-09,178.3043975830078,179.5557493602978,177.97923856717878,178.83646640490514,48900000
2023-06-12,181.0928497314453,181.19138823156914,178.31424143935143,178.60984190485868,54274900
2023-06-13,180.61988830566406,181.4475575367352,179.76266053311636,180.11737806569877,54929100
2023-06-14,181.25050354003906,181.684048880549,179.34883379218707,180.67901332162722,57462900
2023-06-15,183.28028869628906,183.7828140435399,181.08301826564116,181.26038457492544,65433200
2023-06-16,182.20626831054688,184.245897953939,181.56581317602513,183.98970387223915,101256200
2023-06-20,182.2949676513672,183.3689832973111,181.70378168910554,181.70378168910554,49799100
2023-06-21,181.26036071777344,182.68907870149724,179.91045548906328,182.1865534203878,49515700
2023-06-22,184.2557373046875,184.3050065515812,180.97460392176268,181.0435838743865,51245300
2023-06-23,183.9404296875,184.8075203379306,182.29493904669715,182.8270228675936,53117000
2023-06-26,182.55113220214844,185.29033397781694,182.51171079012911,184.0882365039062,48088700
2023-06-27,185.3001708984375,185.6253298715582,182.94524533692336,183.1620179856705,50730800
2023-06-28,186.47271728515625,187.11317238738192,184.84693738882143,185.17208134019785,51216800
2023-06-29,186.80770874023438,187.28067542760266,186.16725369069167,186.30519854912527,46347300
2023-06-30,191.1234588623047,191.62596911406445,188.45322195229386,188.81780236383452,85213200
2023-07-03,189.63560485839844,191.03476417603324,188.94586551693624,190.93622568872084,31458200
2023-07-05,188.522216796875,190.14799688410469,187.82262949557398,188.7587001877792,46920300
2023-07-06,188.99514770507812,189.20207252866174,186.42344937265386,187.05405664400223,45094300
2023-07-07,187.88172912597656,189.84253092683244,187.4481988352347,188.60102706839623,46815000
2023-07-10,185.84214782714844,187.20190113081154,184.2951803689385,186.4826030596721,59922200
2023-07-11,185.31991577148438,186.52201339622226,183.8616390759319,186.3840685065736,46638100
2023-07-12,186.98509216308594,188.88676181703667,185.70416691161034,186.89640150427806,60750200
2023-07-13,187.7437744140625,188.38424453327508,186.99493300399138,187.7043680387378,41342300
2023-07-14,187.89158630371094,188.37438582770977,186.8471444335954,187.4383302857117,41616200
2023-07-17,191.14315795898438,191.46831693797242,188.9951421376018,189.08381775872684,50520200
2023-07-18,190.88697814941406,191.47817907078496,189.5962050071137,190.5125649317522,48288200
2023-07-19,192.23687744140625,195.32093388898534,189.82281961650222,190.26622781119138,80507300
2023-07-20,190.29579162597656,193.58677299126168,189.67503216410122,192.22701989757815,59581200
2023-07-21,189.1232452392578,192.10877819186132,188.4236580132484,191.25155042374644,71951700
2023-07-24,189.92137145996094,192.04967681854123,189.42870901778204,190.57168949200457,45377800
2023-07-25,190.77857971191406,191.58655325087184,190.08885537064708,190.49284214012596,37283200
2023-07-26,191.64569091796875,192.76896069007793,190.48301476563847,190.82786945588313,47471900
2023-07-27,190.38446044921875,194.30604897209747,189.72429463258098,193.1433729163405,47460200
2023-07-28,192.9561767578125,193.74443968391378,191.2909752730755,191.81319626670884,48291400
2023-07-31,193.56707763671875,193.60649905306556,192.39453857567588,193.1828015190956,38824100
2023-08-01,192.73939514160156,193.842954166062,192.41423613585215,193.3601546102926,35175100
2023-08-02,189.7538604736328,192.31569604997566,189.03457754647138,192.17775117305615,50389300
2023-08-03,188.3645477294922,189.54693452970886,187.8915960163783,188.75868668614032,61235200
2023-08-04,179.31927490234375,184.6301752435833,179.25029494609427,182.79747042079737,115956800
2023-08-07,176.22532653808594,180.44251500174,174.74733950545405,179.45719031331873,97576100
2023-08-08,177.1614227294922,177.6245266423458,174.97400021533483,177.0530363874442,67823000
2023-08-09,175.57501220703125,178.27479228591488,174.41232123291388,178.21567520898486,60378500
2023-08-10,175.35826110839844,178.09746293161143,174.99369573264087,176.8460961883882,54686900
2023-08-11,175.41744995117188,176.2363757071569,174.1940069392339,174.95373578240464,52036700
2023-08-14,177.065185546875,177.29211207450308,174.9438673937282,175.59506357405235,43675600
2023-08-15,175.08197021484375,177.08487915778778,174.68731413890805,176.49289504388423,43622600
2023-08-16,174.21377563476562,176.15747319458026,174.1447025205994,174.76630032742042,46964900
2023-08-17,171.6780242919922,175.14117901733323,171.16495931429398,174.77612136953763,66062900
2023-08-18,172.1614990234375,172.76335939467492,169.6652621694116,170.0007213782545,61172200
2023-08-21,173.4934844970703,173.77962299820936,171.42151715942626,172.7337706675176,46311900
2023-08-22,174.8649444580078,175.30893640777694,173.89802631437342,174.69721483499137,42038900
2023-08-23,178.70301818847656,179.12728783194132,175.9502562936072,176.1377232252428,52722800
2023-08-24,174.02626037597656,178.6832744289853,173.66118769058747,178.25900483655056,54945800
2023-08-25,176.22650146484375,176.75928869570708,173.47373983758078,175.0129196769248,51449600
2023-08-28,177.78546142578125,178.18011761364104,176.16734696728648,177.68678985123202,43820700
2023-08-29,181.66299438476562,182.43258442181371,177.10465107991652,177.3019791564373,53003900
2023-08-30,185.14588928222656,185.34323241647965,182.27473336292013,182.4720614420058,60813900
2023-08-31,185.36293029785156,186.59624944883035,184.9781353249528,185.33333184264131,60794500
2023-09-01,186.9317169189453,187.3855699191495,185.76745585396847,186.96131537308187,45766500
2023-09-05,187.16851806640625,187.44478036173828,185.10641198511868,185.76746926717502,45280000
2023-09-06,180.46913146972656,186.32986658571798,179.04834537431464,185.88585963952747,81755800
2023-09-07,175.19052124023438,175.83185624974686,171.22416252451072,172.84227669356144,112488800
2023-09-08,175.80226135253906,177.83478423163749,175.41746632815568,175.97000602806156,65551300
2023-09-11,176.96649169921875,177.89395007164453,174.9734438173143,177.66702357259294,58953100
2023-09-12,173.94735717773438,177.72624932161176,172.4871113411862,177.09479044187466,90370200
2023-09-13,171.88526916503906,174.93403118667004,171.65832754990635,174.15456487501547,84267900
2023-09-14,173.3948211669922,173.75001770449512,171.26364194197464,171.67803539320033,60895800
2023-09-15,172.67457580566406,174.1446979390041,171.50046839224674,174.1249606133089,109259500
2023-09-18,175.59503173828125,176.98621921988467,173.81904932082622,174.12491003199494,67257600
2023-09-19,176.68040466308594,177.23292932503867,174.76629061620125,175.1510856525732,51826900
2023-09-20,173.1481475830078,177.30195805066697,173.0593371622532,176.86782730089922,58436200
2023-09-21,171.6089630126953,173.94734650075085,171.53990496478352,172.22069958579337,63149100
2023-09-22,172.4574737548828,174.71692282922322,171.72735846610487,172.33907993619778,56725400
2023-09-25,173.7302703857422,174.6083930174941,171.82601779128095,171.87535356826675,46172700
2023-09-26,169.66525268554688,172.86200623492672,169.36925308333926,172.48708745695123,64588900
2023-09-27,168.1556854248047,170.7308568174817,166.79411110643792,170.31646332448594,66921800
2023-09-28,168.41221618652344,169.7343308371659,165.38317681816312,167.08022534636603,56294400
2023-09-29,168.9252471923828,170.7604265076125,168.06684691168314,169.7244355134215,51861100
2023-10-02,171.43138122558594,171.97404472395215,168.64900568223578,168.93514418826848,52164500
2023-10-03,170.09939575195312,171.31299281082715,168.54049336939298,169.96126458937815,49594600
2023-10-04,171.3425750732422,171.88523853747708,168.68846972057472,168.80686354725646,53020300
2023-10-05,172.57591247558594,173.10869980697885,170.3756599300563,171.47084810780015,48527900
2023-10-06,175.12147521972656,175.61480292776608,170.8689777300858,171.48071432556827,57266700
2023-10-09,176.60145568847656,176.66065260372454,173.45402254968238,174.45053908507856,42390800
2023-10-10,176.00946044921875,177.32171396949087,175.57532965392068,175.72333700059065,43698000
2023-10-11,177.40065002441406,177.44998580714199,175.23001108089,175.82199530812358,47551100
2023-10-12,178.2985076904297,179.90674578858014,176.6507798893927,177.6670488234186,56743100
2023-10-13,176.4633331298828,179.5022186651883,175.76280113660414,178.99902980590412,51427100
2023-10-16,176.33505249023438,176.69024903281087,174.15453745424634,174.39134016768617,52517000
2023-10-17,174.78594970703125,176.03900593363088,172.46731919193016,174.29262214358477,57549400
2023-10-18,173.4934844970703,175.21027033840411,172.77323025982977,173.23695950912395,54764400
2023-10-19,173.1185760498047,175.466805839834,172.85217485644313,173.69082297603654,59302900
2023-10-20,170.57298278808594,173.07908076842247,170.33618008275127,172.97054807703984,64244000
2023-10-23,170.69140625,171.68792291287053,167.6623665542272,168.62929981085605,55980100
2023-10-24,171.12548828125,171.3524147723922,169.16203892177992,170.74069333750268,43816600
2023-10-25,168.8167266845703,170.75056262830392,168.37271975850888,169.5863166088348,57157000
2023-10-26,164.66290283203125,169.09299056011605,163.45918215856796,168.0964590692853,70625300
2023-10-27,165.9751434326172,166.70527372020223,164.60369326977082,164.68262749452305,58499100
2023-10-30,168.0175323486328,168.8857938712959,166.61648356307745,166.76449089816728,51131000
2023-10-31,168.4911651611328,168.61942013954004,165.65945361827133,167.09011614768582,44846000
2023-11-01,171.64842224121094,171.9049471971035,167.84979334743332,168.71805482147735,56934900
2023-11-02,175.2003936767578,175.40758286457637,173.11855033416663,173.17774724497193,77334800
2023-11-03,174.29266357421875,174.46040823420765,171.03671292563865,171.91483559510309,79829200
2023-11-06,176.83824157714844,177.0355696443862,173.85855313497558,174.02628274488598,63841300
2023-11-07,179.39369201660156,180.00541354681909,176.58171810512866,176.7889073081916,70530000
2023-11-08,180.44940185546875,181.00192645947115,179.16674685036813,179.91661457451394,49340300
2023-11-09,179.97579956054688,181.66297171772456,179.38380034968415,180.51846299464347,53763500
2023-11-10,184.15487670898438,184.32284238950194,181.31944959381738,181.75415237279827,66133400
2023-11-13,182.5741424560547,183.7893232540613,181.9912524470517,183.58186108306094,43627500
2023-11-14,185.18234252929688,185.8442707665973,184.05607409829287,185.43920547847273,60108400
2023-11-15,185.74546813964844,187.21752694473682,185.51824264456812,185.5874067506803,53790500
2023-11-16,187.42498779296875,188.6599317940755,186.37774261703024,187.2866746678448,54412900
2023-11-17,187.40524291992188,188.08693448765234,186.29873780998344,187.9584954748911,50922700
2023-11-20,189.14402770996094,189.598493753426,187.59294582194016,187.60281994734135,46505100
2023-11-21,188.3437957763672,189.21320125507725,187.45464204586924,189.10452557023848,38134500
2023-11-22,189.0056915283203,190.60617399815436,188.53147729188777,189.18353128885676,39617700
2023-11-24,187.68185424804688,188.60064536615056,186.970525284031,188.57100791556658,24048300
2023-11-27,187.5040283203125,188.37343380166539,186.6247487130357,187.63246733233092,40552600
2023-11-28,188.10667419433594,188.77849160556613,187.11871894105684,187.49414676130317,38415400
2023-11-29,187.08908081054688,189.77632029571453,186.69390474066958,188.6006511365786,43014200
2023-11-30,187.66209411621094,188.02764780463457,185.92329832735996,187.55341843722022,48794400
2023-12-01,188.9365692138672,189.25270705783993,186.95076949469112,188.0375263099119,45704800
2023-12-04,187.14833068847656,187.76087311237956,185.19218377665425,187.69170901814908,43389500
2023-12-05,191.0902862548828,192.0584780958342,187.88930609245244,187.91895861640964,66628400
2023-12-06,190.00357055664062,192.41416882595195,189.79609331061306,192.1079050949125,41089700
2023-12-07,191.93006896972656,192.6512720749557,191.2582515665674,191.29777821822415,47477700
2023-12-08,193.3527374267578,193.629363703371,191.33730018286,191.86091528323507,53406400
2023-12-11,190.85321044921875,191.1594892758114,189.1144144313186,190.7840614125706,60943700
2023-12-12,192.36477661132812,192.3746507369947,189.4107849369075,190.75440470261375,52696900
2023-12-13,195.5756378173828,195.6151493963814,192.50309623143957,192.74019585543422,70404200
2023-12-14,195.72378540039062,197.21559217390634,193.79727597101643,195.63487305941916,66831600
2023-12-15,195.1903076171875,196.01029713155143,194.6271659416612,195.1507809689053,128538400
2023-12-18,193.53057861328125,194.26167102083278,192.0486455445977,193.72816667410518,55751900
2023-12-19,194.56793212890625,194.57780625556214,193.53057597994234,193.7973281496765,40714100
2023-12-20,192.48330688476562,195.29897006409448,192.48330688476562,194.52836624027822,52242800
2023-12-21,192.3351287841797,194.70623052718972,191.16934877699248,193.73803856316968,46482500
2023-12-22,191.2681427001953,193.0563392932213,190.64572606781581,192.82909873139974,37149600
2023-12-26,190.72474670410156,191.55462542072405,190.50739536284337,191.2779991818499,28919300
2023-12-27,190.82354736328125,191.16933772508392,188.78836199381533,190.17150836602553,48087700
2023-12-28,191.24838256835938,192.31537606668746,190.84331729052167,191.80163510638113,34049900
2023-12-29,190.21099853515625,192.05846979029215,189.4206314221306,191.56449222902597,42672100
2024-01-02,183.40399169921875,186.1702691079172,181.6750702031571,184.89579853453512,82488700
2024-01-03,182.03074645996094,183.64111826756874,181.22061595613366,182.0011090098209,58414500
2024-01-04,179.71896362304688,180.88474371487789,178.70137080560033,179.956063262062,71983600
2024-01-05,178.99769592285156,180.55866677363844,177.9998667092149,179.79795220853848,62379700
2024-01-08,183.32496643066406,183.36449308108033,179.3138706884217,179.89676064456035,59144500
2024-01-09,182.91004943847656,182.9199235647891,180.52907347198328,181.70474272826013,42841800
2024-01-10,183.9473876953125,184.1548498527509,181.70472508990332,182.12955368013527,46792900
2024-01-11,183.35462951660156,184.7970509584636,181.40835627398752,184.2931840827093,49128400
2024-01-12,183.6806182861328,184.49074873898914,182.95941525310155,183.818931403084,40477800
2024-01-16,181.41822814941406,182.04062970854807,178.7507369031224,179.96593271976667,65603000
2024-01-17,180.47962951660156,180.72661829034882,178.1283066415265,179.08662428966576,47317400
2024-01-18,186.35801696777344,186.86186875433015,183.59173905481111,183.84860201119264,78005800
2024-01-19,189.252685546875,189.6379874512041,186.54569809210085,187.04954979006996,68903000
2024-01-22,191.55462646484375,192.97728431537942,189.94425472083472,189.98378136946042,60133900
2024-01-23,192.8291015625,193.39224330006388,191.49537099853464,192.67104017695664,42355600
2024-01-24,192.1573028564453,194.01466361551059,191.99922639290756,193.06621990928542,53631300
2024-01-25,191.83128356933594,193.90599578100486,190.78405333725613,192.86863967517039,54822100
2024-01-26,190.10232543945312,192.41413683944202,189.6281111952244,191.93004847085402,44594000
2024-01-29,189.42063903808594,189.8849791703456,187.2965414692382,189.6972652775173,47145600
2024-01-30,185.77511596679688,189.48983770252025,185.21198926058483,188.64019550498801,55859400
2024-01-31,182.17893981933594,184.846431021382,182.12955411744667,184.7871410441138,55467800
2024-02-01,184.6092987060547,184.69821105096443,181.60592170299904,181.77387226838383,64885400
2024-02-02,183.61148071289062,185.07365019396582,177.09097033579843,177.6936236133024,102551700
2024-02-05,185.41941833496094,186.97051518171523,183.60158444736317,185.88375846902116,69668800
2024-02-06,187.01991271972656,187.02978684421677,184.5203873987695,184.60929974417922,43490800
2024-02-07,187.12860107421875,188.74884702540382,186.33823388644547,188.3437817688575,53439000
2024-02-08,186.0517120361328,187.25700339151908,185.09339438123675,187.10881615622526,40962000
2024-02-09,186.81341552734375,187.941120969739,185.9725760341758,186.6155602859614,45155200
2024-02-12,185.1317901611328,186.63540288456636,184.7756717554312,186.38809885544688,41781900
2024-02-13,183.0444793701172,184.20187510350613,181.5309804501283,183.76661774979314,56529500
2024-02-14,182.16409301757812,183.52921572281525,180.4725423642709,183.32148884677065,54630500
2024-02-15,181.87722778320312,182.50043860227981,179.3943014199978,181.57057328309747,65434500
2024-02-16,180.3439483642578,182.8565652037317,179.7108507918506,181.44197861733377,49752500
2024-02-20,179.60203552246094,180.46264852115328,178.0588611409836,179.82955095197704,53665600
2024-02-21,180.3538360595703,180.91768122956833,178.71173417109264,179.97792921674792,41371400
2024-02-22,182.38172912597656,182.9653779737103,180.49233824441416,181.50132758611662,52292200
2024-02-23,180.55169677734375,183.04451006700117,180.2648157032703,183.0148347964746,45119700
2024-02-26,179.2063751220703,180.78911167382452,178.70186529911302,180.27473021897956,40867400
2024-02-27,180.66050720214844,181.93658908973126,177.62360710096542,179.1470080612827,54318900
2024-02-28,179.46353149414062,181.14519536218177,178.18744973320082,180.5417731107642,48953900
2024-02-29,178.80075073242188,180.6011306821249,177.59390628342499,179.31514716008485,136682600
2024-03-01,177.72251892089844,178.5831318593588,175.46710804516843,177.61370457626955,73563100
2024-03-04,173.21173095703125,174.99230771576262,171.91584529303745,174.25039570154502,81510100
2024-03-05,168.28538513183594,170.18467763470022,167.7907772375202,168.9184826327907,95132400
2024-03-06,167.29617309570312,169.39332087872134,166.8609157238647,169.21525418377138,68587700
2024-03-07,167.177490234375,168.88882954707424,166.67299554984157,167.32586658446218,71765100
2024-03-08,168.88880920410156,171.82678133583968,167.11811956465033,167.17747009753631,76267000
2024-03-11,170.88706970214844,172.49949666610803,170.19462149789052,171.07502316349817,60139500
2024-03-12,171.3618927001953,172.15326856174514,169.16583185415817,171.28275360461643,59825400
2024-03-13,169.28453063964844,171.3223130850131,168.91851047344855,170.90684419661972,52488700
2024-03-14,171.1343536376953,172.43022407386235,170.19460153541087,171.04532782778392,72913500
2024-03-15,170.75845336914062,170.75845336914062,168.45357838204507,169.3240932528417,121752700
2024-03-18,171.84658813476562,175.79356502758816,171.64874797271588,173.67664359575858,75604200
2024-03-19,174.18113708496094,174.70542030322298,171.16402557801365,172.45989598897214,55215200
2024-03-20,176.7432098388672,176.7432098388672,173.2018149693641,173.82502584048726,53423100
2024-03-21,169.52191162109375,175.57592275278003,168.9976284397713,175.1406653733646,106181300
2024-03-22,170.422119140625,171.18381963278856,168.22605856941686,169.90772263085663,71160100
2024-03-25,169.00755310058594,170.085794876263,167.6226416976105,168.73057383883838,54288300
2024-03-26,167.87982177734375,169.5713723598813,167.7512188918725,168.16668772081567,57388400
2024-03-27,171.44100952148438,171.72789059246503,168.27552158079686,168.5722893771007,60273300
2024-03-28,169.63076782226562,170.37267987636224,168.6712270247615,169.89786038812744,65672700
2024-04-01,168.19639587402344,169.40324060587884,167.6523240532299,169.3438900607447,46240500
2024-04-02,167.0192108154297,167.51381877100314,166.41578850586058,167.25662806803024,49329500
2024-04-03,167.8204803466797,168.83937157047524,166.7620271262386,166.9697540235435,47691700
2024-04-04,166.9994354248047,170.06599565718972,166.9994354248047,168.4535689105981,53704400
2024-04-05,167.75123596191406,168.5524984345705,167.12802510796487,167.7611226870966,42104800
2024-04-08,166.6334228515625,167.37533481002382,166.4256959559663,167.20716991074772,37425500
2024-04-09,167.8402557373047,168.2458378687617,166.53449863101693,166.88071513080217,42373800
2024-04-10,165.97064208984375,167.2665125006067,165.30786924976792,166.97964653177021,49709300
2024-04-11,173.15234375,173.5678277091418,166.34654865134516,166.5246002673459,91070300
2024-04-12,174.64608764648438,176.43656618963917,172.33132583138607,172.38077455594663,101670900
2024-04-15,170.8276824951172,174.72519524382946,170.6397290741028,173.46888692512982,73531800
2024-04-16,167.5533905029297,171.88614579113815,166.45536027289515,169.8978273072319,73711200
2024-04-17,166.1882781982422,168.80969440593617,166.1882781982422,167.78091646807817,50901200
2024-04-18,165.2386016845703,166.8213530127437,164.75389559967167,166.21793076697907,43122900
2024-04-19,163.22061157226562,164.60550769336635,162.31053482208006,164.41756936525925,68149400
2024-04-22,164.0515594482422,165.45624419964858,162.99310629576294,163.73501821268977,48116400
2024-04-23,165.10012817382812,165.24851961582092,163.14148491226467,163.56685559955991,49537800
2024-04-24,167.19729614257812,167.47427542099652,164.4176015378687,164.74402954196006,48251800
2024-04-25,168.05787658691406,168.77011319134087,166.33663561051003,167.70175828470067,50558300
2024-04-26,167.47422790527344,169.49222137466865,167.3555117523201,168.0479748461393,44838400
2024-04-29,171.62896728515625,174.13168243053624,171.2332869429431,171.5003643815301,68169400
2024-04-30,168.4931640625,173.1029142716877,168.1667209693098,171.46081207960546,65934800
2024-05-01,167.47422790527344,170.84745720339302,167.28627449947876,167.7512071051074,50383100
2024-05-02,171.1640167236328,171.5498103000238,169.04709541575278,170.64962025703286,94214900
2024-05-03,181.4024200439453,184.98337684032407,180.69018337477516,184.637145231003,163224100
2024-05-06,179.7504119873047,182.21354970089277,178.474315136007,180.38350950373416,78569700
2024-05-07,180.4329376220703,182.90597687179294,179.3645979491158,181.47161712580055,77305800
2024-05-08,180.76930236816406,181.09574539643793,179.49320552179933,180.878116710922,45057100
2024-05-09,182.57958984375,182.66861565405213,180.14611203583203,180.5912561815798,48983000
2024-05-10,181.32159423828125,183.34232534295325,180.41028294678514,183.15411695720846,50759500
2024-05-13,184.52108764648438,185.33335221774516,182.8767582325011,183.68902280376187,72044800
2024-05-14,185.6602020263672,186.52199740854093,184.53096697721375,185.73944844741243,52393600
2024-05-15,187.92861938476562,188.8498308462509,185.60080260352015,186.13571225801192,70400000
2024-05-16,188.04747009277344,189.29558246787192,187.86917696187996,188.6715262803227,52845200
2024-05-17,188.07717895507812,189.00830557822601,187.39369174809892,187.72057759120682,41282900
2024-05-20,189.2361297607422,190.10782534306233,187.22529890901677,187.54228461702792,44361300
2024-05-21,190.53378295898438,190.91018461353585,189.11727756366656,189.28567056183377,42309400
2024-05-22,189.09742736816406,190.999311136132,188.47338639917342,190.45450146899057,34648500
2024-05-23,185.11541748046875,189.19651013997458,184.86777806929078,189.1766947549615,51005900
2024-05-24,188.18614196777344,188.78048261582597,186.26445766907554,187.03710655742805,36327000
2024-05-28,188.196044921875,191.1776178733189,187.31444925751387,189.70168159973719,52280100
2024-05-29,188.49319458007812,190.4346940804733,187.72056087959155,187.81962268312432,53068000
2024-05-30,189.48377990722656,190.36537567482878,188.8300232981759,188.9587855239753,49889100
2024-05-31,190.43472290039062,190.7517086279001,188.11682144814546,189.6323735603605,75158300
2024-06-03,192.19789123535156,193.14883318833753,190.7021546904014,191.07855630297723,50080500
2024-06-04,192.51487731933594,193.47571940906454,191.2073340206378,192.80213237542046,47471400
2024-06-05,194.02052307128906,195.04079624688396,193.02996541617088,193.5549597642067,54156800
2024-06-06,192.6436309814453,194.64456149457678,192.3365605546928,193.8422122853953,41181800
2024-06-07,195.03086853027344,195.08039942896673,192.3068353639325,192.8120142553044,53103900
2024-06-10,191.29649353027344,195.43703247512377,190.33565137548777,195.04080033594326,97010200
2024-06-11,205.19400024414062,205.20391549352811,191.8016724106265,191.82147267998263,172373300
2024-06-12,211.05810546875,218.12077055688877,204.94635205432962,205.4119153142898,198134300
2024-06-13,212.21707153320312,214.70336573665497,209.60200000148347,212.71235034689784,97862700
2024-06-14,210.48361206054688,213.13829945342002,209.30484597389386,211.8307711431916,70122700
2024-06-17,214.62411499023438,216.88258512602053,210.71141546378874,211.35527186274084,93728300
2024-06-18,212.26658630371094,216.5656178731208,210.98877362098574,215.5354294813442,79943300
2024-06-20,207.7001190185547,212.2170745602359,206.87796947703916,211.90998899500866,86172500
2024-06-21,205.5308074951172,209.88925500861833,205.1543907600995,208.40341856791886,241805100
2024-06-24,206.17466735839844,210.69160779538842,204.63929998769706,205.75863496180304,80727000
2024-06-25,207.0959014892578,209.3840873125504,206.64023830581658,207.1751328027417,55549700
2024-06-26,211.23641967773438,212.83121810497767,208.6510635966682,209.5029437835443,66213200
2024-06-27,212.0784149169922,213.70292898101007,210.34493889866226,212.66284034706985,49772700
2024-06-28,208.6312255859375,214.0297763055812,208.3142550307382,213.73260601871965,82542700
2024-07-01,214.70335388183594,215.45617219578955,209.91895899194967,210.08735196554287,60402900
2024-07-02,218.19015502929688,218.2991169839906,213.0689733881142,214.10904691098634,58046200
2024-07-03,219.4580535888672,219.4580535888672,216.9618440422543,217.92268618597842,37369800
2024-07-05,224.20281982421875,224.3117817727132,219.55710192478037,219.55710192478037,60412400
2024-07-08,225.66885375976562,225.69856928044194,221.14199799041046,224.9457357840812,59085900
2024-07-09,226.52072143554688,227.23392416937492,224.23253562897796,225.77780318070188,48076100
2024-07-10,230.78012084960938,230.87918266211804,227.08534498663496,227.1348758928893,62627700
2024-07-11,225.42120361328125,230.19568345608255,223.63819688403007,229.2051258414663,64710600
2024-07-12,228.36314392089844,230.44332094014862,226.5207061684713,226.7584454352943,53046500
2024-07-15,232.1867218017578,234.99000194235262,230.88909361652622,234.2470836578572,62631300
2024-07-16,232.60275268554688,234.03905824310993,230.1362587163494,232.781045805997,43234300
2024-07-17,226.71884155273438,229.2744821236097,224.49998695797876,227.2834515580279,57345900
2024-07-18,222.0631866455078,228.2640866473074,220.1712331922365,228.10559381010606,66034600
2024-07-19,222.1919708251953,224.65846466815103,221.17169771561296,222.6971648700337,49151500
2024-07-22,221.8452911376953,225.62921338494564,220.98349573063444,224.86647978572938,48201800
2024-07-23,222.88539123535156,224.7971755297642,220.577389891536,222.2514348874799,39960300
2024-07-24,216.47645568847656,222.67735606492835,215.0797809310421,221.88490694575157,61777600
2024-07-25,215.43638610839844,218.76466037633443,212.59347540961954,216.86277641061952,51391200
2024-07-26,215.90196228027344,217.41751434744816,213.97036267942912,216.6349653026102,41601300
2024-07-29,216.17929077148438,217.22927938341869,213.7127969665886,214.91137828370984,36311800
2024-07-30,216.73403930664062,218.2495914590453,214.07933666984098,217.12035622559256,41643800
2024-07-31,219.9830322265625,221.70660788092644,218.5467267386139,219.34907597117163,50036300
2024-08-01,216.29815673828125,222.36036437427163,214.97081319041698,222.2514024343897,62501000
2024-08-02,217.78399658203125,223.46980270062375,215.65430376795194,217.08069402896655,105568600
2024-08-05,207.2939910888672,211.484045462397,194.14928763761037,197.21010696314244,119548600
2024-08-06,205.27325439453125,208.00720313955475,199.17143085232243,203.36148541473497,69660500
2024-08-07,207.8388214111328,211.62274392073394,204.4412006806638,204.94637966039352,63516400
2024-08-08,211.29586791992188,212.1774636990054,206.85817350164743,211.0977593959716,47161100
2024-08-09,214.1981964111328,214.7330909034816,209.96851092003678,210.09728825409005,42201600
2024-08-12,215.7254180908203,217.68898821235913,213.81143620679725,214.27753840147545,38028100
2024-08-13,219.4344024658203,220.04925425523973,217.19314118814535,217.19314118814535,44155300
2024-08-14,219.8806610107422,221.17979111862692,217.8774142480331,218.7402072098891,41960600
2024-08-15,222.8557586669922,223.48053712623224,220.9120118672479,222.7367590108339,46414000
2024-08-16,224.17474365234375,224.94827173921567,221.7946444270254,222.0624088054674,44340200
2024-08-19,224.01605224609375,224.11522871504155,221.18968933533225,223.84746435464618,40687800
2024-08-20,224.63092041015625,225.28544883578485,223.57971634413767,223.8970689622142,30299000
2024-08-21,224.52182006835938,226.08871448701353,223.1830285060583,224.64083485973637,34765500
2024-08-22,222.66732788085938,226.44571820828537,222.04254943445835,225.90027790842765,43695300
2024-08-23,224.95816040039062,226.32671693712516,222.46898849072514,223.78795679469894,38677300
2024-08-26,225.2953643798828,225.39454085782168,222.0326640536948,224.87885041051024,30602200
2024-08-27,226.13832092285156,226.95152567852384,223.02437015551794,224.1251624880706,35934600
2024-08-28,224.61109924316406,227.95313769677003,223.80780609600177,226.02922904592305,38052200
2024-08-29,227.88369750976562,230.98773644426686,226.98125820388418,228.19113851748892,51906300
2024-08-30,227.10028076171875,228.48866070475935,225.5928860148415,228.28041127940648,52990800
2024-09-03,220.9219512939453,227.10026429068756,219.335218503661,226.65400042223428,50190600
2024-09-04,219.01788330078125,219.94016096302124,215.67582978550038,219.82116129878526,43840200
2024-09-05,220.53518676757812,223.60946073514918,219.6823205428289,219.79140861107143,36615400
2024-09-06,218.98812866210938,223.37145940933704,217.94683622588397,222.09215251756703,48423000
2024-09-09,219.07740783691406,219.43442200208585,214.91225266471454,218.9881580786729,67180000
2024-09-10,218.2840118408203,219.6426417511051,214.9320468059923,217.10388142289187,51591000
2024-09-11,220.81285095214844,221.23927647566495,216.0824178921796,219.62280899168329,44587100
2024-09-12,220.9219512939453,221.69547936785247,217.9964268983011,220.6541869199912,37455600
2024-09-13,220.6541748046875,222.18139254741286,220.06907298412548,221.72521710949164,36766600
2024-09-16,214.5254669189453,215.4179946756504,212.14536768072225,214.74362792854853,59357400
2024-09-17,214.9915313720703,215.10061943149995,212.7205355758407,213.96016573653907,45519300
2024-09-18,218.85919189453125,220.86243852013078,215.7353147340035,215.745241460142,59894900
2024-09-19,226.97134399414062,227.91347512552952,222.76652771175563,223.12354184254357,66781300
2024-09-20,226.306884765625,231.1563174701668,225.73169454082358,228.0622053540531,318679900
2024-09-23,224.59124755859375,227.54652178723228,223.9367191660146,225.4540253555904,54146000
2024-09-24,225.48377990722656,227.44736512534206,223.85738561877668,226.75316007712865,43556100
2024-09-25,224.49208068847656,225.40444676008957,222.1615848378298,223.06402418257602,42308700
2024-09-26,225.63253784179688,226.60440369502516,223.54004142995942,225.41436171300208,36636700
2024-09-27,225.90028381347656,227.61594290444046,225.41435845997736,226.56473891662026,34026000
2024-09-30,231.0670623779297,231.0670623779297,227.7448474882838,228.1316114938428,54541900
2024-10-01,224.33340454101562,227.74485413807125,221.88389405688537,227.615942887257,63285000
2024-10-02,224.89866638183594,225.48376819979168,221.16986421787885,224.01605029183685,32880600
2024-10-03,223.79786682128906,224.92840891217833,221.4673712198949,223.27226484855484,34044200
2024-10-04,224.91851806640625,226.10856009308668,222.27066963907552,226.00938361911108,37245100
2024-10-07,219.85092163085938,223.81773870352313,219.4939074890314,222.63760820325265,39505400
2024-10-08,223.89706420898438,224.10531361949606,221.3979653574062,222.43925780658088,31855700
2024-10-09,227.63577270507812,227.84403724277382,222.96485445261254,223.36153007501719,33591100
2024-10-10,227.139892578125,227.59608310657336,225.28541081733943,225.89035090278009,28183500
2024-10-11,225.66229248046875,227.5068628874906,225.4540279414576,227.39777482080956,31759200
2024-10-14,229.3811798095703,229.8076053434174,226.70358155060512,226.80274288926017,39882100
2024-10-15,231.91000366210938,235.51980588469206,230.44227073800852,231.6719892368544,64751400
2024-10-16,229.85719299316406,230.19436878170097,227.93328446814013,229.67869350471682,34082200
2024-10-17,230.22413635253906,231.91004568892726,228.6076687095473,231.49351658619665,32993800
2024-10-18,233.05047607421875,234.2206797118992,232.0686835146529,234.2206797118992,46431500
2024-10-21,234.51821899414062,234.8851598599691,232.5050605584077,232.5050605584077,36254500
2024-10-22,233.9033660888672,234.2603802258017,230.67041566655348,231.94970749678197,38846600
2024-10-23,228.84564208984375,233.18931106897517,225.87052966736016,232.1381071008503,52287000
2024-10-24,228.65724182128906,228.90516786821388,226.51515714412935,228.07212485007065,31109500
2024-10-25,229.49024963378906,231.2852316353655,227.66551771976023,227.83410560105818,38802300
2024-10-28,231.4637451171875,232.78271346714027,230.62080565968694,231.38442210065006,36087100
2024-10-29,231.7315216064453,232.38605001867157,230.3927299983884,231.1662580738538,35417200
2024-10-30,228.19114685058594,231.53318522639518,227.64570650368097,230.68031899274527,47070900
2024-10-31,224.035888671875,227.92336713292326,223.5003599556127,227.43742665071557,64370100
2024-11-01,221.06077575683594,223.4805363045207,218.44267740554844,219.1368672842602,65276700
2024-11-04,220.16822814941406,220.94175615916865,217.88732075932978,219.15670083339904,44944500
2024-11-05,221.59629821777344,222.09215031274817,219.3054639601429,219.9599923572388,28111300
2024-11-06,220.8723602294922,224.19457534628128,219.35505401685137,220.76327216240406,54561100
2024-11-07,225.59288024902344,225.9895710313294,222.70703236030374,222.7665321945981,42137700
2024-11-08,225.3248291015625,227.01257809039103,224.77878865400953,225.53330763226646,38328800
2024-11-11,222.61448669433594,224.07389700260043,219.90415975706793,223.3789433198207,42005600
2024-11-12,222.61448669433594,223.96468891324545,221.75075962779928,222.93218846295187,40398300
2024-11-13,223.49807739257812,225.0170530189228,221.15507983350162,222.39607398240116,48566200
2024-11-14,226.5757293701172,227.2210402122622,223.3789275067786,223.3987876531247,44923900
2024-11-15,223.37892150878906,225.28508648780175,222.65418524957263,224.76882873863602,47923700
2024-11-18,226.37718200683594,228.08479108540536,223.54770942404784,223.62713486361545,44633700
2024-11-19,226.6352996826172,228.50175961033486,225.02697621656037,225.34466282087314,36211800
2024-11-20,227.35012817382812,228.27342054954684,224.26253412411586,226.41689814964724,35169600
2024-11-21,226.87356567382812,228.50174921258224,224.08381355701644,227.2309725554499,42108300
2024-11-22,228.21383666992188,229.05771868234922,226.4168797117104,226.4168797117104,38168300
2024-11-25,231.19224548339844,231.56951255942457,228.08480637706975,229.79241557012372,90152800
2024-11-26,233.36643981933594,233.8727750720934,231.64890834638587,231.64890834638587,45986200
2024-11-27,233.23739624023438,233.99193037541463,232.125470334311,232.78071887838198,33498400
2024-11-29,235.6201171875,236.09665470361549,232.28432427698263,233.11826871739834,28481400
2024-12-02,237.8638153076172,239.0551666028684,235.45133007089746,235.5605381566453,48137100
2024-12-03,240.90176391601562,241.01097200063165,237.17878168890522,238.08222901174219,38861000
2024-12-04,241.25917053222656,242.35125137710352,239.51185632927692,241.12017980186528,44383900
2024-12-05,241.28895568847656,242.77814859306412,240.38552350615552,242.2321233137982,40033900
2024-12-06,241.09039306640625,242.86750503393802,240.33587413565135,241.15989600483465,36870600
2024-12-09,244.9722442626953,245.4587194212017,240.00826768189094,240.08769312504634,44649200
2024-12-10,245.98487854003906,246.4217108653419,243.57237825215392,245.11121388943334,36914800
2024-12-11,244.714111328125,248.9930565140259,244.48575750906295,246.17352158557497,45205800
2024-12-12,246.17352294921875,246.9479020514793,243.9099357862414,245.11122473397327,32777500
2024-12-13,246.34230041503906,247.4939314395242,244.46591792091505,246.03453629863122,33155300
2024-12-16,249.2313232421875,249.56888515433104,245.86574781090837,246.2033097230519,51694800
2024-12-17,251.65371704101562,252.00120141225344,247.98037791856115,248.2782195012147,51356400
2024-12-18,246.2628631591797,252.44797328398425,245.95509905753715,250.34325221557475,56774100
2024-12-19,247.99032592773438,250.184410158509,245.3097817058068,245.71683140567848,60882300
2024-12-20,252.656494140625,253.1628143156686,243.91989202858784,246.25295201238012,147495300
2024-12-23,253.43084716796875,253.80809906094288,251.62395254537785,252.93444954402884,40858800
2024-12-24,256.3397216796875,256.34962902881983,253.45066898797964,253.64924013847912,23234700
2024-12-26,257.15380859375,258.2260444048055,255.77383898408218,256.32980188696064,27237100
2024-12-27,253.74853515625,256.836144148833,251.2367643772991,255.97238682838486,42355300
2024-12-30,250.3829803466797,251.67361731138075,248.9434301413362,250.41276299480816,35557500
2024-12-31,248.61582946777344,251.45522500015895,247.63295653965136,250.6212804756738,39480700
2025-01-02,242.09312438964844,247.30529937932678,240.07775127221439,247.13651085819407,55740700
2025-01-03,241.6066436767578,242.42072787413275,240.14723350152744,241.6066436767578,40244100
2025-01-06,243.23484802246094,245.54806288478193,241.4478134561986,242.5498168429892,45045600
2025-01-07,240.4649658203125,243.78089861816605,239.61116122247878,241.22940732447114,40856000
2025-01-08,240.95140075683594,241.95413364050106,238.32049944087447,240.17702168463396,37628900
2025-01-10,235.14356994628906,238.4297199246896,231.32130202918376,238.28079154222544,61710900
2025-01-13,232.71121215820312,232.9792711307645,228.06493742769467,231.84748509521594,49630700
2025-01-14,231.59925842285156,234.41879309886707,230.7950967507139,233.05866854963926,39435300
2025-01-15,236.1562042236328,237.2383625727966,232.74098609709984,232.94947976770305,39832000
2025-01-16,226.6154327392578,236.29518618874627,226.38709407905125,235.63995285298606,71759100
2025-01-17,228.32302856445312,230.6163829794148,226.83383581199988,230.44760961866567,68488300
2025-01-21,221.03594970703125,222.80312416686704,217.79944241349193,222.38615194982364,98070400
2025-01-22,222.2173614501953,222.5052654056773,218.2064601780486,218.2064601780486,64126500
2025-01-23,222.04859924316406,225.394314538592,220.69839703644928,223.1208199792776,60234800
2025-01-24,221.1749267578125,224.00439930767484,219.81480209957203,223.160517277336,54697900
2025-01-27,228.20391845703125,230.47741293083342,222.36627749626697,222.4059977899183,94863400
2025-01-28,236.54339599609375,238.4594987479956,229.147074251248,229.18679454547646,75707600
2025-01-29,237.63548278808594,238.13188043636077,232.32402189200354,232.43322998057818,45486100
2025-01-30,235.87823486328125,239.05517683623282,235.50098294542886,236.95045561956258,55658300
2025-01-31,234.2996826171875,245.40906406001392,231.75812916176676,245.40906406001392,100959800
2025-02-03,226.36724853515625,230.15973381299622,224.0738938399255,228.33299411580026,73063300
2025-02-04,231.1227569580078,231.45038123633566,225.01705656002386,225.61273982041166,45067300
2025-02-05,230.79513549804688,230.9936915376493,226.62539807097704,226.8835194075747,39620300
2025-02-06,231.5397186279297,232.11554171369926,228.7698112868805,229.62361584180033,29925300
2025-02-07,225.989990234375,232.31409120281862,225.62264568638093,230.9241838961893,39707200
2025-02-10,226.25831604003906,229.18034555631772,225.81107002878403,228.16659197494192,33115600
2025-02-11,231.19793701171875,233.7919821040532,226.7353950927951,226.8049592810601,53718400
2025-02-12,235.42196655273438,235.51142789245534,229.26980470124647,229.78663009476247,45243300
2025-02-13,240.05348205566406,240.85852795215618,234.1299251101732,235.4617298072221,53614100
2025-02-14,243.10472106933594,244.04891051069433,239.51678905976664,239.77519417214083,40896200
2025-02-18,242.9755096435547,243.6811607859394,240.36158248040348,242.6574585849239,48822500
2025-02-19,243.373046875,244.50607717853558,241.67350900245088,243.16433914739287,32204200
2025-02-20,244.32720947265625,245.2713989598738,242.7966152101895,243.44265077076676,32316900
2025-02-21,244.04891967773438,247.16972378813352,243.72093519653038,244.44646835255205,53197400
2025-02-24,245.5894317626953,247.33866705271078,242.92580728065096,243.43268408373555,51326400
2025-02-25,245.52981567382812,248.47172760145406,243.41284686721102,246.48395378064242,48013300
2025-02-26,238.89064025878906,243.48239258336395,237.66816369812489,242.83637220684057,44433600
2025-02-27,235.84934997558594,240.9778097055873,235.61081167459415,237.94645181292123,41153600
2025-02-28,240.36160278320312,240.61007450668035,228.79275994472408,235.50149647860906,56833400
2025-03-03,236.57489013671875,242.53821134874983,234.66662916873,240.31189930334125,47184000
2025-03-04,234.48773193359375,238.60243830930253,233.24537329325,236.2568645897131,53798100
2025-03-05,234.2988739013672,235.1039197629907,227.82866128733946,233.98082285378285,47227600
2025-03-06,233.8914031982422,236.4059358119138,231.73467047090975,233.00684447444675,45170400
2025-03-07,237.60853576660156,239.89446338205195,233.32487071745646,233.67273718007357,46273600
2025-03-10,226.08938598632812,234.71633209649934,222.84932017741133,234.10011191080184,72071200
2025-03-11,219.48995971679688,224.4593937721428,216.1206840338927,222.4418047589131,76137400
2025-03-12,215.65354919433594,220.39439337943787,213.59621144659917,218.79423505763873,62547500
2025-03-13,208.39817810058594,215.5144112677834,207.14588618522245,214.6298526174969,61368300
2025-03-14,212.18490600585938,212.64208545758027,208.2988048386841,209.9585940343847,60107600
2025-03-17,212.69180297851562,213.90434624612,208.68643986463772,212.00601857046763,48073400
2025-03-18,211.38980102539062,213.83475423543342,210.19713981325924,212.85081593904235,42432400
2025-03-19,213.9241943359375,217.42266485537363,212.44329758558237,212.91042558181826,54385400
2025-03-20,212.7911834716797,216.16045933121794,210.92267131595005,212.6818553101102,48862900
2025-03-21,216.93568420410156,217.5021918152461,209.9884097524224,210.26669685360034,94127800
2025-03-24,219.38064575195312,220.1260609084734,217.24379503613238,219.64899945464327,44299500
2025-03-25,222.38218688964844,222.73005335992565,218.73462390108503,219.4204082670252,34493600
2025-03-26,220.17575073242188,223.64442126802376,219.12223310716143,222.1436424317859,34466100
2025-03-27,222.48158264160156,223.61461307047793,219.21168633594712,220.03661426059983,37094800
2025-03-28,216.56793212890625,222.44180687800483,216.34927581514728,220.31488968867507,39818600
2025-03-31,220.7720947265625,224.24075018814546,214.90815310911736,215.6833836525119,65299300
2025-04-01,221.82559204101562,222.31258685550372,217.56180927777046,218.46624988397502,36412700
2025-04-02,222.5213165283203,223.8133724100327,219.66886624627372,219.9670353213626,35905900
2025-04-03,201.94786071777344,206.22157697816277,200.0197179050274,204.28348559152053,103419000
2025-04-04,187.22840881347656,198.65810753704542,186.19475800144227,192.70471987275084,125910900
2025-04-07,180.35072326660156,192.96313526897592,173.55252535537636,176.1167553732534,160466300
2025-04-08,171.36598205566406,189.1764339595553,168.1756135141289,185.5586861535385,120859500
2025-04-09,197.6343994140625,199.38363475051753,170.83920418374143,170.89883496621582,184395900
2025-04-10,189.2559356689453,193.5892830219747,181.88129692496375,187.9141974958541,121880000
2025-04-11,196.9386749267578,198.32017705332044,184.92258644836306,184.96235041538483,87435900
2025-04-14,201.28196716308594,211.63826622013798,199.9302804535287,210.14743595954587,101352900
2025-04-15,200.90428161621094,202.26590170954893,198.57859009217825,200.6259945192588,51343900
2025-04-16,193.0823974609375,199.47308245703653,191.19400339685228,197.1473909296092,59732400
2025-04-17,195.77581787109375,197.61451451967758,193.2314700862815,195.99447418061752,52164700
2025-04-21,191.97915649414062,192.6152433685041,188.6496300196632,192.088484636555,46742500
2025-04-22,198.5189666748047,200.3576482646354,194.77200897005906,194.92108593270402,52976400
2025-04-23,203.34925842285156,206.72846769395255,201.56025903470575,204.7406939661261,52929200
2025-04-24,207.09619140625,207.55338601533765,201.69939326414854,203.63746952607698,47311000
2025-04-25,208.00064086914062,208.46776890662989,204.9394675201618,205.10842646651815,38222300
2025-04-28,208.85537719726562,210.2070638884643,206.1917677806294,208.71623364812058,38743100
2025-04-29,209.91883850097656,210.94254069563792,207.09618845243054,207.4142395090872,36827600
2025-04-30,211.20095825195312,212.2743578831654,205.4065960245207,208.0205233254963,52286500
2025-05-01,212.0159454345703,213.2483553954001,207.62295230903422,207.80185982414434,57365700
2025-05-02,204.09466552734375,205.72463931330321,200.92416412992952,204.83013207172814,101010600
2025-05-05,197.67416381835938,202.8523212109494,196.99832800962005,201.85843431656065,69018500
2025-05-06,197.2964630126953,199.42338015596502,195.81558138809015,196.9983091053983,51216500
2025-05-07,195.05027770996094,198.22077891807172,192.0686174137577,197.95242524507105,68536700
2025-05-08,196.28271484375,198.82706269335065,193.48988012199126,196.51130456752412,50478900
2025-05-09,197.31637573242188,199.31408305005422,196.33242218853715,197.78350381396714,36453900
2025-05-12,209.776123046875,210.2538252478288,205.75556156059073,209.95526516858178,63775800
2025-05-13,211.90582275390625,212.37356332026266,207.99473291206186,209.41784747983854,51909300
2025-05-14,211.30873107910156,212.91098786371114,209.56714827780408,211.40824098508043,49325800
2025-05-15,210.43296813964844,211.93571508448807,208.53215118256114,209.9353730316401,45029500
2025-05-16,210.24388122558594,211.54759317457453,208.76105751069144,211.33859654598928,54737900
2025-05-19,207.7758026123047,208.47243269467637,203.2775387890809,206.90999202317107,46140500
2025-05-20,205.8650360107422,207.46729276724128,204.04383620537516,206.67113760639387,42496600
2025-05-21,201.1179962158203,206.0441849710538,199.7446439816099,204.18318404217405,59211800
2025-05-22,200.39149475097656,201.77480849030061,198.7394754118135,199.7446272097534,46742400
2025-05-23,194.33078002929688,196.74908474491085,192.52948833207407,192.73846975457602,78432900
2025-05-27,199.24703979492188,199.77448939448533,196.4803970243206,197.34622283817185,56288500
2025-05-28,199.4560089111328,201.75489573800118,198.9385057789635,199.6251894151235,45339700
2025-05-29,198.98826599121094,202.8297005493605,197.55518975609246,202.60081106845576,51396800
2025-05-30,199.88394165039062,200.98860329086406,195.83351057352263,198.4110493394953,70819900
2025-06-02,200.7298583984375,201.15779807678393,199.15745607510846,199.31669015009302,35423300
2025-06-03,202.29232788085938,202.78992300957722,199.9934408158467,200.38156440883068,46381600
2025-06-04,201.844482421875,205.24803106286797,201.12794426741362,201.93404589483336,43604000
2025-06-05,199.6649932861328,203.765171611367,199.1872911078447,202.521183994692,55126100
2025-06-06,202.93917846679688,204.7106157617459,201.07817770068002,202.0236053289331,46607700
2025-06-09,200.48104858398438,205.0091667110405,199.05793398755327,203.4069099948636,72862600
2025-06-10,201.6951904296875,203.36711781582227,199.60530017876516,199.63515466910712,54672600
2025-06-11,197.8238983154297,203.51638723180633,197.45568281643992,202.5211970741936,60989900
2025-06-12,198.24188232421875,198.71956936233477,196.4107360236097,198.12246436103902,43904600
2025-06-13,195.50509643554688,199.4062398916536,194.758703844025,198.7693188209708,51447300
2025-06-16,197.46563720703125,197.73434281232372,195.61458283187793,196.3510290449251,43020700
2025-06-17,194.69900512695312,197.4357781067605,194.27108064091922,196.25149936947125,38856200
2025-06-18,195.63449096679688,196.61973472966923,194.13175923439314,194.99756984742208,45394700
2025-06-20,200.03323364257812,200.72986375748766,195.9131467510872,197.28651411005004,96813500
2025-06-23,200.5308074951172,201.32696262150702,198.00303129313016,200.6601870689569,55814300
2025-06-24,199.33657836914062,202.4614746491071,199.23705328583006,201.61555699715424,54064000
2025-06-25,200.59051513671875,202.6903668657116,199.65503400834336,200.4810436177515,39525700
2025-06-26,200.03323364257812,201.66534499125092,198.5006473897771,200.461158146952,50799100
2025-06-27,200.1128387451172,202.24254507531293,199.03803155248616,200.91894034324127,73188600
2025-06-30,204.1831512451172,206.39247448465787,198.30157410241034,201.03834688076608,91912800
2025-07-01,206.82041931152344,209.17901505124104,205.1484920031366,205.6759415551798,78788900
2025-07-02,211.418212890625,212.31387801499196,207.13889190503232,207.90519262679368,67941800
2025-07-03,212.52285766601562,213.61755770997246,210.7912213537831,211.12958235725722,34955800
2025-07-07,208.94017028808594,215.18996325511674,207.79570768244494,211.65703516300363,50229000
2025-07-08,208.99989318847656,210.41306148236814,207.44739887083225,209.08947184941582,42848900
2025-07-09,210.12445068359375,210.31353924447487,206.22330706177223,208.52219391164948,48749400
2025-07-10,211.38833618164062,212.45318170934252,209.01977884626095,209.49746585002458,44443600
2025-07-11,210.14437866210938,211.1097144278367,208.8506282887781,209.55722005399844,39765800
2025-07-14,207.61656188964844,209.89555581124029,206.54175471753558,208.92025854176603,38840100
2025-07-15,208.10421752929688,210.87084499335577,207.9151289669034,208.21368905566166,42296300
2025-07-16,209.149169921875,211.37838618562168,207.63647661047767,209.28849593835915,47490500
2025-07-17,209.00982666015625,210.7812638030366,208.58188702565155,209.55718424596662,48068100
2025-07-18,210.16424560546875,210.77131219576944,208.69136845628208,209.85573909301036,48974600
2025-07-21,211.4580078125,214.74213848423943,210.61210526026528,211.07984586548804,51377400
2025-07-22,213.36875915527344,213.91611676733493,211.20919838168209,212.1148250502387,46404100
2025-07-23,213.11996459960938,214.11515474984876,211.38834345684663,213.96588230147148,46989300
2025-07-24,212.73184204101562,214.65256693634578,212.50295255730364,212.87116805528336,46022600
2025-07-25,212.8512725830078,214.2047317845148,212.37357038101962,213.6673206036272,40268800
2025-07-28,213.02047729492188,213.8166325366559,212.03523347491873,213.000569237894,37858000
2025-07-29,210.2538299560547,213.7767964509494,209.80599741985404,213.14982178903043,51411700
2025-07-30,208.0445098876953,211.36844143995228,206.72090512781878,210.88079278566187,45512500
2025-07-31,206.57162475585938,208.83069544134486,206.16359315375274,207.48719786288635,80698400
2025-08-01,201.40658569335938,212.5527122409286,200.53081350952442,209.85574027592583,104434500
2025-08-04,202.37193298339844,206.88014336875773,200.70995198839026,203.52634207300898,75109300
2025-08-05,201.94398498535156,204.35234334482283,201.18764593221573,202.42167200915333,44155100
2025-08-06,212.22430419921875,214.3440641251077,204.60114383647723,204.6409599471833,108483100
2025-08-07,218.97169494628906,219.78775818606874,215.53829184895108,217.82723230897543,90224800
2025-08-08,228.2468719482422,229.88892965735022,218.19544514014734,219.76784743364436,113854000
2025-08-11,226.3438720703125,228.71511750604432,223.9327805410339,227.08115402328403,61806100
2025-08-12,228.80479431152344,229.95057099439725,226.23430307406312,227.17083074525974,55626200
2025-08-13,232.47125244140625,234.1351043372746,229.58191650034667,230.2195756343437,69878500
2025-08-14,231.92327880859375,234.25466305951576,230.0003892485326,233.1985666998313,51916300
2025-08-15,230.73764038085938,233.41774239633352,228.49592139875156,233.13877413921495,56038700
2025-08-18,230.0402374267578,232.26202593201924,229.26310933608104,230.8472538899505,37476200
2025-08-19,229.71144104003906,232.01293684851592,228.50590285589897,230.4287923573085,39402600
2025-08-20,225.17819213867188,229.6217843388592,224.93908515924198,229.13358225147155,42263900
2025-08-21,224.07228088378906,225.68632903786573,222.9564077521854,225.43724912794482,30621200
2025-08-22,226.9217529296875,228.2468598588307,224.58041092619504,225.33760837029214,42477800
2025-08-25,226.32395935058594,228.45608264282492,225.3973742361901,225.64645413109014,30983100
2025-08-26,228.46604919433594,228.6453946309622,223.86305742355088,226.03502689374838,54575100
2025-08-27,229.64170837402344,230.05018785299507,227.41990473660533,227.76862267507164,31259500
2025-08-28,231.7041015625,232.55097936868034,228.49595098757067,229.97051505486425,38074700
2025-08-29,231.28562927246094,232.52107103838586,230.51845893056873,231.65426265633033,39418400
2025-09-02,228.8745574951172,230.00040359535532,226.13467838242784,228.4062860305561,44075600
2025-09-03,237.59234619140625,237.9709525201245,233.49747185558658,236.33698891571112,66427800
2025-09-04,238.8975067138672,239.0170601981439,235.8687018920251,237.57239985348932,47549400
2025-09-05,238.80784606933594,240.43185187342493,237.61226559630578,239.1167027112504,54870400
2025-09-08,237.0045166015625,239.2661511981365,235.47017586985078,238.41928864081726,48999500
2025-09-09,233.4875030517578,237.90119155812317,232.5011411802574,236.12774389612645,66313900
2025-09-10,225.955322265625,231.56460664903227,225.118417424808,231.33545739080094,83440800
2025-09-11,229.1833953857422,229.60184779162614,225.81583028738913,226.04499474029723,50208600
2025-09-12,233.2085418701172,233.6469097348115,228.17712472443904,228.37638560886936,55824200
2025-09-15,235.82884216308594,237.31336381412066,234.16499028444412,236.1277410783948,42699500
2025-09-16,237.2735137939453,240.33222235518573,235.45026224943368,236.30708253667353,63421100
2025-09-17,238.1104278564453,239.21634322602875,236.85505542454314,238.09049720761,46508000
2025-09-18,237.0045166015625,240.31228984200703,235.77903252032195,239.08682096339746,44249600
2025-09-19,244.59645080566406,245.3935094903633,239.32592704772566,240.342162048153,163741300
2025-09-22,255.13751220703125,255.69547916115815,247.2068166293636,247.38616206443075,105517400
2025-09-23,253.49359130859375,256.3928850249964,252.64672876089196,254.9382669065294,60275200
2025-09-24,251.3813934326172,254.7987775332095,250.11606329601622,254.28068708944184,42303700
2025-09-25,255.9246063232422,256.22352044118514,250.7836088309123,252.27808820484515,55202100
2025-09-26,254.51980590820312,256.6519291955366,252.84598111295833,253.16481067495934,46076300
2025-09-29,253.49359130859375,254.06150078407975,252.07881928540593,253.62311772285494,40127700
2025-09-30,253.69287109375,254.97811672142575,252.17846100632588,253.92202035086734,37704300
2025-10-01,254.50985717773438,257.8375764362911,253.99176669154556,254.10136246357334,48713900
2025-10-02,256.18365478515625,257.229778167004,253.21461153357077,255.63566078088252,42630200
2025-10-03,257.07037353515625,258.2858846694617,253.01536064819075,253.73271197999827,49155600
2025-10-06,255.74526977539062,258.11651518827176,254.11130630837613,257.0404730386864,44664100
2025-10-07,255.53607177734375,256.45266881763376,254.48991791397023,255.86484387966763,31955800
2025-10-08,257.1102600097656,257.5685585594684,255.16742442767125,255.57591915435188,36496900
2025-10-09,253.1050262451172,257.0504585775582,252.2083446799687,256.8611554198282,38322000
2025-10-10,244.3673095703125,255.436420799504,243.10197943699816,254.00171816056968,61999100
2025-10-13,246.74851989746094,248.7710475029622,244.6562426215344,248.46219085423505,38142900
2025-10-14,246.8581085205078,247.93413549962378,243.79940008876653,245.69241642712313,35478000
2025-10-15,248.42233276367188,250.89321639065437,246.559219921403,248.57178982967116,33893600
2025-10-16,246.53929138183594,248.1234359576197,244.22783772705108,247.33635013275978,39777000
2025-10-17,251.36146545410156,252.44746537322095,246.35995200283696,247.10719170360767,49147000
2025-10-20,261.27484130859375,263.4069798400544,254.68918336894043,254.94822099113512,90483000
2025-10-21,261.8028564453125,264.313600971564,260.8663137101643,260.916147926868,46695900
2025-10-22,257.4988098144531,261.882609922878,254.4899051977633,261.6833338430701,45015300
2025-10-23,258.6246032714844,259.66078406832133,257.06040475940137,258.98329410338334,32754900
2025-10-24,261.8527526855469,263.1579290692685,258.2261343576155,260.2287466983284,38253700
2025-10-27,267.8206787109375,268.1295353654346,263.67598537979285,263.90514984178776,44888200
2025-10-28,268.0099792480469,268.89671830922975,267.1631014853557,268.00000632210845,41534800
2025-10-29,268.7073974609375,270.4110953948544,266.1269030442272,268.28892986747474,51086700
2025-10-30,270.401123046875,273.1310593223432,267.49188695276854,270.98894793982623,69886500
2025-10-31,269.37493896484375,276.29937269597025,268.16940070155243,275.9705701844509,86167100
2025-11-03,268.05975341796875,269.8531467885877,265.2700709373508,269.424736694289,50194600
2025-11-04,269.0461730957031,270.49081837885313,266.6350661079627,267.3424445625432,49274800
2025-11-05,269.14581298828125,270.7000692568828,265.94760492323326,267.6214146886098,43683100
2025-11-06,268.7771301269531,272.3937751745226,266.90407480138714,266.90407480138714,51204000
2025-11-07,267.48193359375,271.2878818962731,265.7881780523408,268.80702532983145,48227400
2025-11-10,268.6986083984375,272.9869540449525,266.7339548671466,268.22988302493957,41312400
2025-11-11,274.5028076171875,275.16101963639426,269.0675899882029,269.07757258136417,46208300
2025-11-12,272.7276306152344,274.9815052844664,270.9624464716027,274.25347600982695,48398000
2025-11-13,272.2090759277344,275.9488963676571,271.3513946141157,273.36590026791555,49602800
2025-11-14,271.6705017089844,275.21085247368256,268.8681323529343,270.31417782757546,47431300
2025-11-17,266.73394775390625,269.7557213346742,265.00866346949266,268.09027174019775,45018300
2025-11-18,266.71405029296875,269.9751630894399,264.59980979362433,269.25711627506445,45677300
2025-11-19,267.8309631347656,271.47104873805114,264.77927226211665,264.80918960656476,40424500
2025-11-20,265.5272521972656,274.68232536305425,265.1981613886433,270.09480618650156,45823600
2025-11-21,270.75299072265625,272.5879921198442,264.9488130991126,265.2280517805383,59030800
2025-11-24,275.1710205078125,276.24807542504453,270.164627965921,270.164627965921,65585800
2025-11-25,276.2181701660156,279.6189174225992,274.50283786370125,274.52277261748515,46914200
2025-11-26,276.79656982421875,278.7712060098946,275.8790842359358,276.2081750495132,33431400
2025-11-28,278.0930480957031,278.242634823177,275.2407959413455,276.50736791500816,20135600
2025-12-01,282.3315124511719,282.65065109438723,275.3904143522869,277.2553332443013,46587700
2025-12-02,285.4131164550781,286.619823290159,281.86278279875575,282.231773534172,53669500
2025-12-03,283.378662109375,287.8365294074879,282.5309633672564,285.4231155973949,43538700
2025-12-04,279.9380187988281,283.95707766942763,277.83373081751637,283.3287830094401,43989100
2025-12-05,278.02325439453125,280.37686403379615,277.29522501275557,279.77848663840757,47265800
2025-12-08,277.1356506347656,278.9108174051644,275.4003533668138,277.374989388386,38211800
2025-12-09,276.4275817871094,279.2698514894354,276.16830825817004,277.40493251311347,32193300
2025-12-10,278.02325439453125,278.9906225605669,275.6896099437804,276.99605153243056,33038300
2025-12-11,277.2752685546875,278.8310314000742,273.0667227973629,278.34237127554803,33248000
2025-12-12,277.5246276855469,278.46207855775873,276.06859927253834,277.1456542987284,39532900
2025-12-15,273.3658752441406,279.3894873363706,272.0993337942639,279.3894873363706,50409100
2025-12-16,273.8645324707031,274.752131096348,271.0522107383373,272.07941349564567,37648600
2025-12-17,271.10205078125,275.41033087528734,270.9026119684932,274.2634587890498,50138700
2025-12-18,271.4511413574219,272.88723490520505,266.22537510199504,272.8672697170699,51630700
2025-12-19,272.9271240234375,273.8545921928022,269.1673383776201,271.4112306527045,144632000
2025-12-22,270.23443603515625,273.13654030849926,269.7756932559407,272.1192896847017,36571800
2025-12-23,271.62066650390625,271.7603010837797,268.8282792538215,270.1048034873943,29642000
2025-12-24,273.06671142578125,274.6823088952694,271.46109654935304,271.60070067851706,17910600
2025-12-26,272.6578063964844,274.6224597374741,272.11926379011726,273.4157529954652,21521800
2025-12-29,273.0168762207031,273.61522314661676,271.6107000753325,271.9497734782625,23715200
2025-12-30,272.33868408203125,273.3359694836473,271.54086793463244,272.06942798009953,22139600
2025-12-31,271.12200927734375,272.9370761103812,271.0123224859311,272.3187639976345,27293600
2026-01-02,270.2743225097656,277.0857683126949,268.2697691424855,271.52092924369913,37838100
2026-01-05,266.5345153808594,270.7729784841199,265.41756056202854,269.9053450243044,45647200
2026-01-06,261.6477966308594,266.82371056256306,261.40845786144683,266.27521573774703,52352100
2026-01-07,259.623291015625,262.964203143993,259.1047135716701,262.48552563718374,48309800
2026-01-08,258.3368225097656,258.58614386359903,255.00587765735156,256.3222864925608,50419300
2026-01-09,258.6659240722656,259.5036402038468,255.52448097015204,258.3767027680543,39997000
2026-01-12,259.54351806640625,260.5906555331263,256.1028713590674,258.45648066308013,45263800
2026-01-13,260.3413391113281,261.0992857475004,257.6885867541948,258.0176775418968,45730800
2026-01-14,259.25433349609375,261.10930037675524,256.0131555781144,258.78560808748875,40019400
2026-01-15,257.5090637207031,260.3313985459844,256.35220896361545,259.9424426175537,39388600
2026-01-16,254.8363494873047,258.1971965798445,254.23797213114116,257.1999111311508,72142800
2026-01-20,246.0303192138672,254.09835490933511,242.75922413209136,252.04394930256512,80267500
2026-01-21,246.97775268554688,250.8771427168815,244.51445623630568,248.02490552393743,54641700
2026-01-22,247.67584228515625,250.31864258405668,247.47637302553753,248.52352576906395,39708300
2026-01-23,247.36668395996094,248.7329754164565,244.01580413580567,246.6486524137701,41689000
2026-01-26,254.7166748046875,255.86354695988197,249.12190294519746,250.7973351598156,55969200
2026-01-27,257.5688781738281,261.23891141767155,257.50904348719195,258.4664593428383,49648300
2026-01-28,255.743896484375,258.15731035497566,253.8191275531099,256.95060341967536,41288000
2026-01-29,257.5788879394531,258.94516415300217,253.7193980705993,257.29964922744847,67253000
2026-01-30,258.775634765625,261.1890484668085,251.49543285360957,254.47732177254832,92443400
2026-02-02,269.2770690917969,269.7557466562268,258.50636737104884,259.3241487899344,73913400
2026-02-03,268.7485046386719,271.1419837262723,266.88355520832346,268.4692659190308,64394700
2026-02-04,275.7394104003906,278.19275421850585,271.55083028665655,271.55083028665655,90545700
2026-02-05,275.1610412597656,278.7412924914769,272.48832346973,277.37501624935936,52977400
2026-02-06,277.364990234375,280.1474248180158,276.1782182606431,276.3677049075235,50453400
2026-02-09,274.13079833984375,277.70443813431814,271.2160169672847,277.41494619870406,44623400
2026-02-10,273.19244384765625,274.87943562430115,272.4537718732244,274.40031021957236,34376900
2026-02-11,275.00921630859375,279.6808719096702,273.9610989943363,274.2106536370846,51931300
2026-02-12,261.2637634277344,275.22883180172755,259.71650632997444,275.0990585104662,81077200
2026-02-13,255.32435607910156,261.7628783299504,254.9949421084194,261.5432690161623,56290700
2026-02-17,263.4099426269531,265.8156532326085,255.08478749757862,257.5903108294174,58469100
2026-02-18,263.8791198730469,266.3447212846438,261.9825104325609,263.13045584681157,34203300
2026-02-19,260.11578369140625,264.00886051677537,259.5867290635135,262.13220471573277,30845300
2026-02-20,264.1086730957031,264.2783836675007,257.7001265171608,258.50868117461044,42070500
2026-02-23,265.705810546875,268.95002088588865,262.91081074777924,263.0206001676805,37308200
2026-02-24,271.6552429199219,274.4003442568012,267.233111068832,267.38283777638213,47014600
2026-02-25,273.74151611328125,274.45024283739696,270.567157599074,271.29586819299504,33714300
2026-02-26,272.4637756347656,275.61811956353745,270.31758130113775,274.4602128097023,32345100
2026-02-27,263.70941162109375,272.3240439665745,262.4217314181026,272.3240439665745,72366500
2026-03-02,264.2484130859375,266.05518620599753,259.73647625260065,261.94253069595567,41827900
2026-03-03,263.2801818847656,265.08695529305965,259.6666350681776,263.0106738027697,38568900
2026-03-04,262.0523376464844,265.67587606267574,260.95432154975975,264.17854815272653,39803100
2026-03-05,259.8263244628906,261.09405110124777,256.79173142961054,260.3254337562426,49658600
2026-03-06,257.0013427734375,258.3090066542827,253.916851068475,258.16927189629365,41120000
2026-03-09,259.41705322265625,260.68477987096253,253.22808575123491,255.2345148744848,38218500
2026-03-10,260.3653564453125,262.01244158439727,256.4922936817907,257.19102845716964,30590800
2026-03-11,260.34539794921875,261.6630538494394,259.08763272962494,260.624897946549,26218900
2026-03-12,255.3043975830078,258.48873275942157,253.7272102811576,258.1992408199258,40794000
2026-03-13,249.6744384765625,255.87336762960538,249.07551643845036,255.024890934378,36930000
2026-03-16,252.36964416503906,253.43773019062647,249.4348789230203,251.66090222791988,32074200
2026-03-17,253.77711486816406,254.67552076289968,251.7307636559193,252.5093881906664,32361600
2026-03-18,249.49476623535156,254.48585937367065,248.55643828829037,252.1799767808244,35757900
2026-03-19,248.5165252685547,251.38140795985734,246.85947863088072,248.95572868612365,34864100
2026-03-20,247.54823303222656,248.75606899357115,245.56177255944445,247.53824109812177,88331100
2026-03-23,251.04200744628906,254.14646797882926,249.83415620831627,253.51758537106093,40546100
2026-03-24,251.1917266845703,254.37604644028636,249.10545347620703,249.90403139868116,45152300
2026-03-25,252.16998291015625,254.5457480998694,251.15181088451408,253.6473574345128,28476700
2026-03-26,252.43951416015625,256.5421934269488,250.32329549316128,251.67088153367666,41796700
2026-03-27,248.35679626464844,255.03488128462607,247.6281009352486,253.4477020992108,47900000
2026-03-30,246.19065856933594,250.4230956915925,245.07264337813007,249.62453299565456,39446200
2026-03-31,253.33790588378906,255.02489784868362,246.65983587287727,247.4683905467953,49598100
2026-04-01,255.1746368408203,255.72364490973627,252.8787309132899,253.6273948962928,40059400
2026-04-02,255.464111328125,255.6737439434535,250.20349485503914,253.74717405681358,31289400
2026-04-06,258.39886474609375,261.6930045642991,256.0031460821725,256.0530752925303,29329900
2026-04-07,253.0484161376953,255.7436185540334,245.2623079794448,255.70368128016966,62148000
2026-04-08,258.4388122558594,259.28730423338584,256.07303883918246,257.9896321241455,41032800
2026-04-09,260.0259704589844,260.6548530924392,255.61386101634736,258.5386343954405,28121600
2026-04-10,260.0159912109375,261.7229364827484,258.5585701252562,259.5168819122501,31291500
2026-04-13,258.73828125,259.71651601158027,256.2027973984465,259.2673359057164,36234700
2026-04-14,258.3689270019531,261.4634109961452,256.7318642110386,258.7881922504944,48370700
2026-04-15,265.95538330078125,266.08515659729386,257.35074355126085,257.7001261657452,49913500
2026-04-16,262.9307861328125,266.68409800240715,260.80457553569033,266.3247234477873,43323100
2026-04-17,269.7486267089844,271.8149160854778,266.24486962975914,266.4844323486072,61436200
2026-04-20,272.5635681152344,273.7913879220191,269.80850557942483,269.84841238867654,36590200
2026-04-21,265.69586181640625,272.3140256362382,264.9272139873882,271.0163536236942,50209800
2026-04-22,272.68341064453125,273.2523721409737,266.39461467279705,267.3429346055621,43249200
2026-04-23,272.9429016113281,275.2787294551341,271.1660737405759,274.56001085217736,33399600
2026-04-24,270.5771179199219,272.5735550213531,269.16962610782736,272.2741016414235,38157100
2026-04-27,267.1332702636719,267.88193422863776,264.59781690250213,265.6159889280984,41466800
2026-04-28,270.2277526855469,272.7432830913257,268.181416710472,271.8548539018017,40018900
2026-04-29,269.688720703125,270.55716597281076,266.56429174844374,267.07336249706583,30047900
2026-04-30,270.86663818359375,275.50834883767226,267.6623648300734,270.018146234023,91848200
2026-05-01,279.6409912109375,286.70836594964845,277.8741246788477,278.3632420760759,79915400
2026-05-04,276.3368225097656,280.13007120517506,274.3703307853319,279.16179801165765,46668400
2026-05-05,283.67376708984375,284.0630869835518,276.00745521106614,276.43668191704,49311700
2026-05-06,286.99786376953125,287.5169265187869,280.5693330033821,281.4178249779708,58336100
2026-05-07,286.927978515625,291.6096265406606,285.2709318587503,288.75470528792926,45224300
2026-05-08,292.7974853515625,294.2349225642168,289.48339230776435,289.49338424193445,52692800
2026-05-11,292.42779541015625,293.6267735875138,289.979924827367,291.72841688276577,42247300
2026-05-12,294.54595947265625,295.0155556946294,292.3078994315659,292.3078994315659,45748100
2026-05-13,298.6124572753906,300.6607090744109,293.24708951115105,293.24708951115105,52684300
2026-05-14,297.9530334472656,300.1911240450107,295.12548538387824,299.5616620172475,35324900
2026-05-15,299.9713134765625,302.93875555297063,296.26448829773227,297.643304079477,54862800
2026-05-18,297.5833435058594,300.4009207908792,294.6558756451712,299.98126929450746,34483000
2026-05-19,298.7123718261719,300.2510533099592,296.09463441963413,296.7140952726279,42243600
2026-05-20,301.98956298828125,302.5390768782648,297.82314269813475,297.9230626302997,38229800
2026-05-21,304.7271728515625,305.27671719779084,300.1411318265125,300.80056674721834,42965100
2026-05-22,308.55389404296875,311.13165741506583,305.57645096183757,305.85620846339293,43670200
2026-05-26,308.0643005371094,311.5513139598484,307.4048960873393,309.29325163060713,48000500
2026-05-27,310.5821533203125,312.9900803339556,308.0343323058515,308.0643052358437,50430900
2026-05-28,312.24072265625,312.5304508120942,309.30325358892543,310.412282475935,48220400
2026-05-29,311.7911071777344,314.7285763294451,309.2632884033746,311.5113496628706,70026800
2026-06-01,306.0460510253906,310.67206624496237,304.7571540774977,309.363197507879,48849900
2026-06-02,314.92840576171875,315.1781903378333,306.42572903356995,307.1950545511415,44534700
2026-06-03,309.9926452636719,316.6668815001487,308.5838566628498,313.9092501546009,50836700
2026-06-04,310.9618225097656,313.26982953176514,309.38316692864953,312.96009909963743,44869100
2026-06-05,307.0751647949219,314.8984348439246,306.8853260765596,312.5903972939029,65310500
2026-06-08,301.2801818847656,317.1265012321255,300.9105055796523,308.4739595974908,77949100
2026-06-09,290.29962158203125,300.4908444635933,287.5320194610898,300.0212482417878,70108800
2026-06-10,291.3287353515625,294.4960172141002,287.1323727394638,290.4894628291428,52793300
2026-06-11,295.375244140625,296.7440586571729,289.3404406054596,293.4668864344149,42572500
2026-06-12,290.879150390625,296.88398158337014,289.3704417369658,295.7749221682621,38742100
2026-06-15,296.1645812988281,297.5233947188816,291.4486474146935,293.8665449684006,45732600
2026-06-16,298.9821472167969,300.2210994929347,293.71669913987887,294.99559499590845,39874400
2026-06-17,295.6949768066406,301.8096980081642,294.10632015937927,300.59074812548096,42745100
2026-06-18,297.7532043457031,300.31099586682666,295.3652492546472,297.8530937792582,85962200
2026-06-22,296.75408935546875,302.1594314563154,296.5043047694293,297.05381866220307,44879900
2026-06-23,294.04638671875,301.3800886038737,293.9264950024863,297.2836155142734,52010900
2026-06-24,292.8274230957031,299.4417438827621,292.68755959702736,295.1054570720635,53081900
2026-06-25,274.91290283203125,288.55113481081804,273.5141152813601,287.1523472601469,107013700
2026-06-26,283.53546142578125,285.70360492137456,273.9737007161028,274.7630284991681,261775500
2026-06-29,281.4972229003906,288.12151489662153,279.6088673150861,286.4829438934296,66427000
2026-06-30,289.11065673828125,289.69017405322865,280.45814550695326,280.9277417485351,65100200
2026-07-01,294.1263427734375,296.33442991747245,288.95081360688545,293.1871503157195,50164200
2026-07-02,308.3640441894531,309.15337194761725,293.4269150966668,293.866538367699,75352800
2026-07-06,312.3905944824219,313.9292760509671,306.7354678654279,307.0951430290638,53590000
2026-07-07,310.3923034667969,315.20815732134815,309.88273318392555,315.0183186077797,42490000
2026-07-08,313.1199645996094,314.5487250421545,306.7854009831778,311.6412289475945,41323500
2026-07-09,315.947509765625,316.2572401947346,307.8944576262147,310.24243869469103,48124500
2026-07-10,315.0483093261719,316.6369356310425,311.9010296470402,314.4488202226986,34132300
2026-07-13,317.03656005859375,323.171283634363,315.5078797345754,316.7468014245228,43257800
2026-07-14,314.58868408203125,315.91755515351207,311.64124426456783,313.48965629761443,36336800
2026-07-15,327.2178039550781,328.44675508114506,317.0465830462295,317.34631234952286,60957600
2026-07-16,332.97283935546875,334.3915986652446,326.50841333986017,327.72736328456057,62970600
2026-07-17,333.452392578125,334.7013154010385,328.71648699084636,331.693929977533,63407100
2026-07-20,326.3085632324219,333.4224228207836,323.4010672140761,333.2226134619852,53468000
2026-07-21,327.45758056640625,329.3159936819017,321.94234806189104,322.85156758462244,41338900
2026-07-22,325.60919189453125,328.7164973399543,323.0613709608057,327.58746619388995,38755900
2026-07-23,321.3828430175781,323.0214140443725,319.0748358849152,321.4527900194849,40840800
2026-07-24,332.7330322265625,334.0818750563203,321.3428614810286,321.5127284115298,47489400
2026-07-27,336.61968994140625,339.277401491225,333.73216560461384,334.2517370375488,49604300
2026-07-28,339.78692626953125,342.59453283396704,335.31080637618777,339.73698155301014,51859000
2026-07-29,337.8985900878906,344.2730974331505,337.0593175600121,339.43727163464206,56090800
2026-07-30,333.1426696777344,334.4615395264105,329.30598233808786,332.8129674612056,74817800
2026-07-31,308.6438293457031,310.4222943774597,299.7415030462749,304.54735603914753,132489100
2026-08-03,303.1585693359375,311.5313230344714,302.29929450581176,309.313234694189,75052000
2026-08-04,309.1134033203125,310.1525156602479,301.0603512911937,302.46913991298527,68001000
2026-08-05,310.7320251464844,311.4414048335362,305.40663118634393,309.09342362565195,49438800
2026-08-06,312.14080810546875,316.0174696892129,308.96355554648414,314.06913775686996,46139900
2026-08-07,313.05999755859375,314.53873325457766,310.47223295908327,311.1816431226555,34437200
2026-08-10,308.260009765625,308.260009765625,304.6099853515625,306.8299865722656,44812500
2026-08-11,304.9100036621094,309.9700012207031,302.7900085449219,307.75,37476700
2026-08-12,302.25,305.6600036621094,300.57000732421875,305.1000061035156,41657800
2026-08-13,305.260009765625,306.0,302.04998779296875,304.2099914550781,40349300
2026-08-14,305.92999267578125,307.489990234375,304.29998779296875,306.0,28186700
