Date,Close,High,Low,Open,Volume
2021-08-17,138.5465850830078,140.1790418500428,137.01120699572343,139.040743838282,9347200
2021-08-18,137.28477478027344,139.42901564212022,137.07299241951196,137.92892761396854,8065500
2021-08-19,136.13768005371094,137.26715934891328,135.01701997671375,135.1493890365227,9517700
2021-08-20,136.52590942382812,136.6847361014185,135.14935769356958,136.19942338803534,6974100
2021-08-23,138.2730712890625,138.61720922433867,136.98476556806037,137.06417890748125,7934600
2021-08-24,139.12899780273438,139.90551964474028,138.42307007949734,138.53778720555314,7670900
2021-08-25,141.99681091308594,142.75568082013766,139.24370774538704,139.87020863740662,11335000
2021-08-26,142.72923278808594,144.56463968480463,142.1997835712516,143.1792551972781,11027500
2021-08-27,143.8763885498047,143.97345380745224,142.29687330849004,142.72925735882112,8780200
2021-08-30,141.5733184814453,144.26466133139064,141.07917293479102,144.0175885580635,7937600
2021-08-31,141.14089965820312,142.39391511867103,140.61146390185988,141.57328363733515,12340800
2021-09-01,140.93792724609375,141.85562382120756,140.2761225589744,141.37913037084,8729900
2021-09-02,141.59092712402344,142.60568902840595,140.68203620727675,141.2026661804312,8813300
2021-09-03,140.73501586914062,141.9703795687605,140.43498742970053,141.52917632397418,7959700
2021-09-07,140.4879150390625,142.40273512283778,140.26731346077798,141.176190886154,9285600
2021-09-08,139.8613739013672,140.81437415314826,139.45546115054498,140.2055117591396,7852700
2021-09-09,140.4702911376953,141.9174372410717,139.4908193963308,139.6584787835529,7904300
2021-09-10,138.85543823242188,141.82032356161577,138.73190190472423,141.67913534011845,8311600
2021-09-13,141.0615234375,141.22918285035675,139.4820215050545,139.88792101195935,10052800
2021-09-14,138.59957885742188,142.3674444678126,137.88481836768284,141.58210331522693,11685600
2021-09-15,139.56143188476562,140.0291063082809,138.0701625679332,138.29076421919348,11691500
2021-09-16,139.49961853027344,141.93506870652368,138.73192930399588,140.66440139099356,10880900
2021-09-17,139.13784790039062,140.31145013956012,138.53781795435447,138.87313672681844,25581600
2021-09-20,134.972900390625,136.38474267247824,132.79335531940697,135.79353194974257,15819900
2021-09-21,134.9905242919922,136.37590877203897,134.63756712564353,135.4758504940612,8999900
2021-09-22,137.5759735107422,138.75839475605022,136.8612265410329,136.94945909495695,11236200
2021-09-23,142.2262420654297,142.6939297953238,139.1290007758004,139.42019647277522,12336100
2021-09-24,143.86753845214844,144.352864681638,141.90860856444667,142.45569624253298,10102400
2021-09-27,147.34417724609375,147.71478621861456,145.25287894956577,145.5970168143672,13220900
2021-09-28,146.550048828125,149.39139836399926,146.17943977533085,147.97954281239566,13387900
2021-09-29,146.43531799316406,147.27360125780172,145.63232505501117,146.6647522408941,7777100
2021-09-30,144.44113159179688,147.3530759252506,143.64695761115192,147.29130100326972,13161200
2021-10-01,147.47657775878906,148.5089915737775,144.3616844167561,144.7146415713932,11285000
2021-10-04,147.3177490234375,150.39735227429443,146.2412121146315,147.33540092187218,14120000
2021-10-05,149.72352600097656,151.03735366599582,147.9569504482169,148.43632897104877,12292900
2021-10-06,150.0430450439453,150.11406455664857,147.36211600814127,149.12869082946946,8692600
2021-10-07,150.9928741455078,152.25343978385655,150.5046235525174,151.97824768933046,10195400
2021-10-08,151.1083221435547,152.1025683058946,150.2916180036915,150.93078012107802,8190100
2021-10-11,147.9302978515625,152.0582082250284,147.77051406473495,151.62323221938186,12154700
2021-10-12,146.79397583007812,147.97464984992072,146.2702221541923,147.14018749412315,13032600
2021-10-13,142.92352294921875,146.83838791572575,142.568438869444,145.6488413483321,22753500
2021-10-14,145.11619567871094,145.59556052113143,142.089054582482,143.5893098167956,15176800
2021-10-15,147.90362548828125,148.40074852337628,145.71094717266894,146.78509865931744,14267400
2021-10-18,147.85037231445312,149.67908081294712,147.28222973680852,147.7882251588793,12672900
2021-10-19,149.64356994628906,149.71457591236566,147.87699515082716,148.60492144060018,8053900
2021-10-20,151.65870666503906,151.68533729116422,148.6582099083732,149.40389453105317,8185600
2021-10-21,150.46914672851562,152.0936825045063,149.74120689142813,151.58767356229862,8415200
2021-10-22,152.4931640625,152.76835622047847,150.64669728681417,150.93964771015538,8817900
2021-10-25,151.74749755859375,153.54070329759966,151.33913868008358,153.31877236365895,10159200
2021-10-26,152.15582275390625,153.12345179247123,151.39237990036722,151.8007387248317,8015100
2021-10-27,148.98666381835938,151.5344263937014,148.55167434756933,151.19710061314262,9847000
2021-10-28,151.23260498046875,151.3657581127488,149.10207359045828,149.40389638735192,7212900
2021-10-29,150.81536865234375,152.9015246245037,150.37150683235976,151.9605261878439,8140100
2021-11-01,150.73545837402344,152.98139782531302,150.0341491985348,152.7239504156221,7435500
2021-11-02,151.3302764892578,152.41330060332,149.95430189723547,150.73550317179578,7173800
2021-11-03,151.38351440429688,151.91615401764597,150.15845142094682,151.02843035912286,8402700
2021-11-04,149.39503479003906,151.09059052676537,147.79714276032698,150.91304847297408,9574200
2021-11-05,149.18197631835938,150.992926777002,148.61383367000195,149.93653336546495,7975600
2021-11-08,150.0785675048828,151.72973413916023,149.79450296279046,150.06969514423858,6413700
2021-11-09,148.94229125976562,149.5548228210101,147.89478372561797,148.56057654512898,7990300
2021-11-10,148.80023193359375,149.9809059981329,148.3297394888901,148.6493205405367,6999200
2021-11-11,148.79136657714844,149.74122387123737,148.16107680416025,148.71147469687327,5815300
2021-11-12,148.12557983398438,148.90678103886592,147.1135753392919,148.82687560975654,8113400
2021-11-15,147.85926818847656,148.95116462708512,147.36214504717802,148.43629676330428,6492500
2021-11-16,146.79397583007812,148.31198915432927,146.58091728851684,148.30310324910553,9706100
2021-11-17,146.00390625,146.97152175403755,145.04516310583514,146.66082661144287,9909600
2021-11-18,144.7433624267578,146.34126791104748,144.30837290599322,145.93290901955524,8122500
2021-11-19,142.8524627685547,143.9088558917823,141.5475081511071,143.18980203024702,12193600
2021-11-22,145.89736938476562,147.34434954562852,144.69006482715585,145.72869974467815,14549900
2021-11-23,149.38613891601562,149.63470046131974,146.80285977133175,146.91826818364734,12354400
2021-11-24,148.21434020996094,150.41589097481364,147.75272013898643,149.54592562787454,9629800
2021-11-26,143.7490997314453,144.38826191240608,140.98829188431475,143.93552767822112,13619300
2021-11-29,143.127685546875,146.2791073290915,141.8760054491083,144.97415243207675,12104400
2021-11-30,140.99717712402344,142.5950827223778,140.5177986717218,141.29012761252096,18922600
2021-12-01,140.16270446777344,144.93866264967122,140.0828125800053,142.9235259138965,12253400
2021-12-02,143.1099090576172,144.9208590079809,140.97049220662012,141.88484631303896,12969900
2021-12-03,140.5177764892578,143.6603259275297,139.54128856067402,143.367375485278,12681800
2021-12-06,142.17782592773438,144.35274620536836,141.55642206920868,142.93238291823405,11186500
2021-12-07,144.3172607421875,145.04518719467964,143.06556696729422,143.70472916955504,9851600
2021-12-08,142.6660919189453,144.93866258504497,142.18671350137106,144.3971505477642,11705700
2021-12-09,142.44415283203125,142.8613705148597,140.8373615345152,141.72508524679222,11189600
2021-12-10,141.87599182128906,143.54490297320115,141.26346037186278,143.20757721722893,10405400
2021-12-13,140.18931579589844,141.84935467039065,139.62117320734154,141.59192077449563,12069000
2021-12-14,141.2634735107422,142.82586231088433,139.6389375511274,139.77209068487107,12563600
2021-12-15,140.20704650878906,141.9026015812583,139.6832929143358,141.9026015812583,14014200
2021-12-16,142.39976501464844,143.65145870937027,140.88175149511085,142.38200674750365,19542800
2021-12-17,139.15957641601562,141.48542195634934,137.75697120262674,141.43216069625447,28082000
2021-12-20,136.6561737060547,137.33083876838214,134.79194872025192,137.16216911640348,15148000
2021-12-21,138.56478881835938,139.53240439857666,137.67706512004878,137.96114320539073,11291300
2021-12-22,139.10629272460938,139.42587377923533,137.81022378599536,138.26295796938717,7273000
2021-12-23,139.6034393310547,141.25460613401202,139.5590639777114,139.9141480779987,8055200
2021-12-27,140.4024200439453,140.43792304109087,138.78675598918255,139.90529681035437,6188100
2021-12-28,140.8284912109375,142.16894915945403,140.33136809216552,140.43789060459122,6342300
2021-12-29,140.75746154785156,141.70733236718596,140.39349159583065,141.01490899512024,6398900
2021-12-30,140.68646240234375,142.24886494143172,140.58881224365075,141.2457327244573,6948200
2021-12-31,140.571044921875,141.40549377176825,140.2248332413656,140.65980915922302,5805900
2022-01-03,143.54490661621094,144.37936898613825,141.60078972150527,141.9114984066782,13120900
2022-01-04,148.98666381835938,149.65245656485683,145.7908532169364,145.8618727353667,20195800
2022-01-05,146.26292419433594,150.35307235417432,146.21826921434297,149.8708339998956,17539400
2022-01-06,147.81675720214844,149.46888166120178,146.3432253244855,149.05808874508742,14047500
2022-01-07,149.28138732910156,149.61180957837593,147.40598760629422,147.95074553516426,13913300
2022-01-10,149.42428588867188,151.20143659797546,147.82572781521154,150.98711453353607,12922500
2022-01-11,149.57608032226562,150.49591538758978,148.52228035920214,150.2637150155545,11854100
2022-01-12,150.42449951171875,151.45149579415093,149.2992541090422,150.44236422692546,12568000
2022-01-13,150.23690795898438,151.64792023798148,149.93327602758498,150.3351434222937,13623400
2022-01-14,141.0028533935547,143.80701372863592,140.118734070285,143.56588779923814,40158400
2022-01-18,135.09088134765625,139.11850821083917,134.43894887756184,139.11850821083917,32324800
2022-01-19,133.0011444091797,135.948194728272,132.6617966797485,135.3587955658784,22380000
2022-01-20,131.86700439453125,134.50148394816767,131.5990882170737,133.05475566739287,14860800
2022-01-21,129.56295776367188,131.73305036392497,128.8395935635875,131.72412482042682,20705400
2022-01-24,129.4468231201172,129.9201357084715,124.6422520272478,127.062395469319,28471400
2022-01-25,130.8578643798828,131.14364528059966,125.73178189423707,128.2858907805646,18915900
2022-01-26,132.0991973876953,134.46577450245326,130.34883704894756,132.813636019071,20709100
2022-01-27,129.768310546875,134.2960532760623,128.7145244442906,133.43872445171925,17536800
2022-01-28,130.92930603027344,131.06325730708755,126.96418471517951,128.76813912804664,14117000
2022-01-31,132.7064666748047,132.8761337453502,129.19679342056898,130.063047992457,13985700
2022-02-01,134.98373413085938,135.2695150459539,132.43856428637088,132.7868512599023,14584900
2022-02-02,133.90313720703125,134.79618199179012,132.23314782010237,134.4032401062111,12441100
2022-02-03,132.79574584960938,135.43022502268056,132.42959424753613,133.95670669969624,12474900
2022-02-04,136.242919921875,137.0823842598427,132.85828594147185,133.15299237672326,16654400
2022-02-07,136.69837951660156,137.18954327472105,134.7158188915654,136.87698575835253,12572300
2022-02-08,139.2703399658203,141.52974231914467,138.24334385132119,138.4219500938276,20411400
2022-02-09,139.850830078125,140.59204531797832,139.154256179702,139.84189090841247,9131100
2022-02-10,139.2703399658203,142.02091970612452,138.61842104861955,139.90440779751842,16455600
2022-02-11,137.4574737548828,141.27077941494915,136.60908379819318,138.96672186428253,16830000
2022-02-14,136.18040466308594,137.24311651458467,134.2424991078371,136.394726691121,17026500
2022-02-15,138.17189025878906,139.26140598689534,137.39494565622124,137.98434485810958,9500000
2022-02-16,138.42193603515625,139.4042907093441,137.29670455754405,137.29670455754405,9076500
2022-02-17,135.23377990722656,137.28778586067935,134.5550707027151,136.63586691247866,11367500
2022-02-18,135.86782836914062,137.65391787767504,134.9658580729721,135.85890282723932,11733300
2022-02-22,135.62672424316406,136.8502050191361,134.32288632361673,134.49256703445266,11333500
2022-02-23,132.7868194580078,136.90375609595887,132.14382617982338,136.74300096302238,11799000
2022-02-24,129.08966064453125,129.4826026344637,124.82983207445183,127.65185761416151,25655100
2022-02-25,132.1438446044922,134.07282470800104,129.41112960457934,129.71476157639572,18367700
2022-02-28,126.63375091552734,129.54507195558378,125.8121513636117,128.19657926061055,31315300
2022-03-01,121.85597229003906,125.454942099948,119.2929378210445,125.06200016878851,36840400
2022-03-02,124.38328552246094,125.06199470229853,121.99885741000365,122.60612136668207,19405600
2022-03-03,123.4991683959961,125.90146126334403,122.40072702744817,124.88339066222525,16640800
2022-03-04,120.02521514892578,120.93612465647561,118.23912555666925,120.50746696983305,21016000
2022-03-07,115.39034271240234,118.49813528862029,115.15814230682167,118.03374810424333,27560100
2022-03-08,114.57766723632812,117.69438532066783,113.65782523524322,115.77434417201607,19207800
2022-03-09,119.16793060302734,120.7754143772524,118.2748855758785,118.68567865736698,17536200
2022-03-10,117.75690460205078,119.17684276534469,116.38162141045717,117.75690460205078,15604200
2022-03-11,115.10455322265625,119.73945829730503,114.68482104188722,118.3195202185928,20061800
2022-03-14,116.24765014648438,118.70352356124714,115.4081857807892,115.61359591403524,15786900
2022-03-15,118.31058502197266,119.26614960974989,117.10498257809587,117.70332102833702,15096600
2022-03-16,123.59741973876953,123.67780414329846,120.05203007924631,120.44497205059673,20354900
2022-03-17,125.16021728515625,125.19594670644601,121.38264177726782,122.22210602941672,17050500
2022-03-18,125.11559295654297,125.78537661556776,123.65099990054678,125.19596372519791,23656500
2022-03-21,124.71370697021484,125.70498729177903,123.8921073492365,125.33884926222225,12676100
2022-03-22,127.36605834960938,128.53594497980174,126.56232339617782,127.0535008129565,13548600
2022-03-23,124.82978057861328,126.44618922119618,124.3118130443592,125.90143143747896,12093200
2022-03-24,125.6424789428711,125.66034365491761,124.23146648041369,125.29419200526837,10017600
2022-03-25,126.74090576171875,127.86613720979891,125.74070003009193,125.9996770046092,8383500
2022-03-28,125.80322265625,125.89253259125137,123.15087838274712,125.02627800351297,10818100
2022-03-29,126.08007049560547,128.24125111182605,125.24061974905737,128.0179898902712,11316500
2022-03-30,125.50849914550781,126.91951144048559,124.94589023725602,126.72304051164178,8771000
2022-03-31,121.73989868164062,125.33886887470908,121.68630453613557,124.87448166782717,17353900
2022-04-01,120.83790588378906,122.71330566555402,119.48941296091346,122.70436649521675,15721300
2022-04-04,121.37373352050781,122.29356866138258,118.67673415386987,119.77517554628453,17416400
2022-04-05,119.96124267578125,121.81454906414928,119.6643517891317,120.61800754372815,12110300
2022-04-06,118.29689025878906,119.25952413706122,117.82006917115869,118.37785676926423,12914700
2022-04-07,117.93701171875,118.68373487391258,115.81380302689927,117.81105924244488,12994200
2022-04-08,120.09622192382812,120.4650739445427,118.29689288072642,118.45882590526581,13126900
2022-04-11,119.65536499023438,121.36472185612202,119.26851588825143,119.65536499023438,10466400
2022-04-12,118.34184265136719,121.07682996506871,117.58612789144514,118.88164675290497,12989900
2022-04-13,114.52727508544922,116.28161783135096,113.36670724435488,114.20339536868362,30838000
2022-04-14,113.46566009521484,115.42692847650056,112.47602390804352,113.80753004648716,18835200
2022-04-18,115.57089233398438,116.2726294523978,112.94386712693903,113.06082102537643,11834400
2022-04-19,117.96397399902344,118.14391783420001,115.36394482305381,115.56187205951827,15015400
2022-04-20,118.37786102294922,120.11420698411048,118.16193659279912,119.22354788129793,13430200
2022-04-21,117.46017456054688,119.48441933462189,116.92038419079994,118.95362066631145,12174200
2022-04-22,114.0864486694336,117.42420987654418,113.97849332647044,117.20828546282758,14318800
2022-04-25,114.05044555664062,114.36533356729424,110.75767763583706,113.36670559907569,17149000
2022-04-26,110.67670440673828,113.72657284294047,110.54176024646341,112.13416311275483,17209500
2022-04-27,109.23725891113281,111.16254033859113,109.05732876168437,110.05595687808226,17215200
2022-04-28,110.964599609375,111.24350023028722,108.98534074970415,110.48777859361121,13015600
2022-04-29,107.38394927978516,111.2075231915258,106.97010445653474,110.70371329607225,14874800
2022-05-02,108.36457061767578,108.59848527575916,106.35832291641712,107.85176220134701,18545000
2022-05-03,110.68572998046875,111.71134703218378,108.66148471567921,109.33623313727573,15720900
2022-05-04,114.34734344482422,114.61724550938507,110.42480612620243,110.47879065745137,17128500
2022-05-05,111.48641967773438,113.44768850045554,109.90301514966046,112.68297507234442,15055400
2022-05-06,111.30648803710938,111.81929650451255,109.02133948611598,111.37846284121036,14417900
2022-05-09,109.63311767578125,110.95562560295745,108.40957339376078,109.8580338031542,14312300
2022-05-10,106.96110534667969,111.36046393484135,105.76454998716217,110.75769040385855,16382400
2022-05-11,106.28634643554688,110.55975212521275,106.10641630996078,107.32996038285035,14630300
2022-05-12,106.19637298583984,106.4482778873238,103.79427099311165,105.26072130611821,16318800
2022-05-13,107.14102935791016,108.18464334933826,106.12441106396625,107.42892855325138,10443200
2022-05-16,106.3943099975586,107.47390449274835,105.46765679747341,106.64621492217657,10269000
2022-05-17,109.92100524902344,110.63174100418398,108.68846245378626,108.89538830205638,11160200
2022-05-18,108.04067993164062,109.73205316844519,107.53687013202756,109.12927974906616,12664900
2022-05-19,106.4393081665039,107.64486220387563,105.8275360125904,106.33135281598105,12765800
2022-05-20,105.56661224365234,107.66283184057187,103.4793912121837,107.47390314946973,13150100
2022-05-23,112.09818267822266,113.87052264145763,108.36457405173863,108.37357261761396,24376700
2022-05-24,113.68160247802734,114.6982208536512,110.75769296339475,111.88227354594575,19324900
2022-05-25,114.4732894897461,115.03108385539763,112.61098456764918,113.60961254105274,12780400
2022-05-26,116.45255279541016,117.12730104130958,115.34596951591577,115.48990537525528,15990900
2022-05-27,118.09895324707031,118.09895324707031,116.18266362351555,117.10032518338836,11177800
2022-05-31,118.96260833740234,119.79029785853703,116.69546415125481,117.11829374906002,17015000
2022-06-01,116.87541198730469,119.53841107158583,115.75982312736578,119.53841107158583,10768000
2022-06-02,118.75568389892578,118.76467559964195,115.75980022595931,116.86638343669156,8374800
2022-06-03,117.1003189086914,118.54877910852959,116.94737761153944,118.04496925254918,8596000
2022-06-06,116.71347045898438,119.10658129736305,116.4705709306623,117.93701471465394,11323500
2022-06-07,117.01934814453125,117.24426423116766,115.71482385980927,115.90375941281079,6722200
2022-06-08,115.15705108642578,116.46156181020615,114.16742155143083,116.05671554803848,8422100
2022-06-09,112.73693084716797,115.24700192305951,112.70094345162501,114.5902439662146,13560100
2022-06-10,107.55488586425781,111.01859256347376,107.34796002425864,110.28985970425487,12945200
2022-06-13,104.3520736694336,106.11541510077954,103.5153854881623,105.13478418220184,16805600
2022-06-14,102.61572265625,105.54863061899442,101.86000782996334,103.95622759852188,13357900
2022-06-15,103.83026123046875,105.21573822655722,101.81500823564306,104.01918991175354,14083500
2022-06-16,102.04893493652344,102.79565804880956,100.64546064462745,102.43579090978898,16724900
2022-06-17,101.68907928466797,103.1285411394623,100.90637554756806,102.14791011034775,30919900
2022-06-21,104.20813751220703,105.28773213380639,103.49740175516095,104.2441249147797,11680500
2022-06-22,103.62335968017578,104.54101447039106,102.91262388576305,103.35345757863834,9842700
2022-06-23,102.4897689819336,103.62334807194982,100.29459246666248,103.47040676802952,11851500
2022-06-24,105.54861450195312,105.99844664811964,101.50912375126818,101.86899084098015,14841100
2022-06-27,104.70295715332031,106.61024845748625,104.03720731269179,106.21439386170378,11280500
2022-06-28,104.19913482666016,107.32097152150932,104.00120755228201,105.86351266245697,11590900
2022-06-29,103.73130798339844,105.09879485020168,103.21849955036039,104.36107031734178,9338400
2022-06-30,101.31121063232422,102.63371842464491,99.79977413594268,101.8150205098198,15172600
2022-07-01,102.60673522949219,102.93960668946255,100.00670546840153,101.34720360263593,10573600
2022-07-05,102.2164535522461,102.29813625751622,99.20314697860752,100.53734630362622,12514200
2022-07-06,101.55388641357422,102.55226983215822,100.55550299499022,101.40867040658897,10656200
2022-07-07,104.12245178222656,104.28582410524803,102.92439038827249,103.01515125114886,10347400
2022-07-08,103.79572296142578,104.96655696748945,103.11500599915232,104.52182382436187,8807800
2022-07-11,102.43427276611328,103.67771804588263,101.85339493787605,103.06053448780433,7939500
2022-07-12,102.53411865234375,104.53996361915219,101.88970748492108,102.18014641847229,11250900
2022-07-13,101.57203674316406,102.08938128834953,100.18336850908824,101.42681382014564,12979900
2022-07-14,98.02323150634766,98.23198773138412,96.26244161341391,98.01415334231731,26204800
2022-07-15,102.51596069335938,103.36004991253749,97.72371490368113,99.07607744194745,18863900
2022-07-18,101.46311950683594,105.13898645536467,101.00930825951559,104.16783066308354,13977900
2022-07-19,103.97723388671875,104.32213487677055,102.26182787440001,102.6793334034956,11862300
2022-07-20,103.95909118652344,104.14061293275311,102.99701346720677,103.55973503528523,11667500
2022-07-21,104.66703796386719,104.85763787893,102.89717666356188,103.86833256865957,11595900
2022-07-22,104.15876007080078,105.51111565732424,103.16944794470042,104.59441499315257,7645500
2022-07-25,104.57625579833984,105.7017056544162,104.16782155669097,105.13897726407328,9394000
2022-07-26,102.94255065917969,104.90301874241396,102.58857840936416,103.99539616860788,10675100
2022-07-27,104.59442901611328,105.04824032709473,102.83364583824078,103.47805706888111,9337400
2022-07-28,104.20414733886719,105.26607103183923,103.04239153164012,104.60350349433055,10384800
2022-07-29,104.70333099365234,105.73802007821718,104.18598645136994,104.91208028855732,12944500
2022-08-01,103.65956115722656,104.47642276270157,102.62487209849485,103.92277250369129,14740400
2022-08-02,102.04399108886719,103.8320084015491,101.8987681748215,103.39634658402171,14942900
2022-08-03,103.11498260498047,103.55971564720942,101.39049864020714,102.96975969549624,14394500
2022-08-04,101.98046112060547,102.85177785946334,100.76424341194704,102.42519419130576,18033900
2022-08-05,105.0663833618164,105.45666131685763,101.69910469139563,102.13475961702619,14174600
2022-08-08,103.78663635253906,105.91954794254511,103.63234218221672,105.51112056825411,10332500
2022-08-09,104.72148895263672,105.27513927070466,103.80479514861854,104.14968923011551,10233800
2022-08-10,107.45343017578125,108.3429032970684,106.64564668253766,107.063152213065,12847300
2022-08-11,109.0417709350586,110.00384860746668,108.28844256817547,108.82394346528157,11684900
2022-08-12,110.84793090820312,110.9568480985828,108.40643114752942,109.52280291932867,9906700
2022-08-15,111.1474609375,111.38344474851088,109.45928237528908,109.94939940218362,8456200
2022-08-16,112.20936584472656,112.76301611709646,110.61195524948526,110.99315503303534,9555000
2022-08-17,111.26543426513672,111.7827857159737,110.44857958922745,111.00222984487874,8149300
2022-08-18,110.40320587158203,111.15653424619167,109.41390062088134,110.9477780139152,9531800
2022-08-19,107.67124938964844,109.8132389383295,107.19928875967574,109.47742306158675,13464500
2022-08-22,105.89231872558594,106.33705875021747,104.8304020292738,105.96493018976378,8967600
2022-08-23,104.84854125976562,106.45503685692613,104.72147467208859,105.91046477765177,7607000
2022-08-24,105.10269165039062,105.65634194716718,103.87739569629183,104.6398022216113,9771300
2022-08-25,107.5986557006836,107.77109927585279,104.99377649832141,105.4294383676452,10758900
2022-08-26,104.07707214355469,108.9056236468533,104.01353884448274,108.42458482179282,11276200
2022-08-29,103.82292938232422,104.24951303305447,102.97884024406916,103.4689571880182,8117300
2022-08-30,103.84109497070312,104.90301164833747,102.88808856280961,104.37658892922275,10745400
2022-08-31,103.22392272949219,104.4038279705531,102.86994354010181,103.90463968862345,10738300
2022-09-01,103.93184661865234,104.04075687873322,101.57202968056859,102.82454614376599,9979800
2022-09-02,103.20574951171875,106.60025558691288,102.73378887744438,105.16621735703507,10666600
2022-09-06,103.23298645019531,104.14968716060882,101.71725846017837,103.76848735316932,9751900
2022-09-07,105.19345092773438,105.38405082502955,102.34351678313175,102.67933268210457,10647900
2022-09-08,107.64403533935547,107.81648584340637,104.04077263111942,104.63072868611559,11435000
2022-09-09,108.16136932373047,108.96008153820604,107.70755808354569,108.13414175725697,9299700
2022-09-12,109.44113159179688,110.32152659616844,108.72410892766551,109.47743732569589,8614600
2022-09-13,105.63819122314453,107.93447523588812,105.08454089699559,107.16299743006753,12904600
2022-09-14,105.39313507080078,106.95424007081796,104.26767810095566,105.91955089744567,9345700
2022-09-15,106.98146057128906,108.35196548374964,105.06637664966534,105.39312128531932,10821400
2022-09-16,106.26444244384766,106.55488136271414,104.71240882197272,106.54580319895298,14844100
2022-09-19,107.24467468261719,107.76201921499737,104.8394737453862,105.28420681805444,8201300
2022-09-20,105.12992858886719,106.81810719760725,104.04985546698215,106.56397397471923,9619000
2022-09-21,102.09844970703125,105.82877861254009,102.03491641111837,105.77432348021759,12606300
2022-09-22,100.93669891357422,103.10591616726137,100.80963231563014,102.90623810631774,11684500
2022-09-23,99.05792999267578,100.14707434264061,97.26084112277275,99.88386988234431,18138600
2022-09-26,96.92500305175781,99.48449810451093,96.26243561106126,98.02322539420264,15753600
2022-09-27,96.07184600830078,98.17753005774317,94.98270171275183,97.79633024676208,12793600
2022-09-28,98.01415252685547,98.68579816730814,95.88124102174599,96.16260178285361,12762600
2022-09-29,96.35322570800781,97.36975866388177,94.75580787427693,97.0702415216926,12713900
2022-09-30,94.8465576171875,97.67834250014899,94.75579674601661,96.26244659636295,15973400
2022-10-03,97.77818298339844,98.34998271238987,94.81025328743597,95.86309879751497,12248100
2022-10-04,102.35260009765625,102.55227818255409,99.71142186684585,100.39213883375518,16013600
2022-10-05,101.0888671875,101.60168102153392,99.66031037179722,100.5027922381571,10943500
2022-10-06,99.02842712402344,100.90570268312112,98.84528135626117,100.23720735631875,11521400
2022-10-07,97.0504379272461,98.6346692694972,96.40025430458641,98.46067587865328,11681100
2022-10-10,96.14385223388672,98.26837563973788,95.71345192116682,97.73725002819839,8931700
2022-10-11,93.36914825439453,95.73176668930427,93.26841597322337,95.57609206806305,12739700
2022-10-12,94.880126953125,95.90576156520447,92.7464442175861,93.22263446077322,13181000
2022-10-13,100.15480041503906,100.64014301929672,93.18599660094291,93.38746115061146,22398700
2022-10-14,101.82146453857422,105.53021942862705,101.39106421861624,102.52658356155584,33387100
2022-10-17,106.0979995727539,107.15110556928938,104.68775431453781,105.6859179589888,22276300
2022-10-18,108.8268814086914,110.01734995719536,107.10528729516861,109.57779728362365,21539700
2022-10-19,106.69322204589844,108.81774558935243,105.92399427010457,108.04851781355856,17072000
2022-10-20,106.3452377319336,108.70785647438998,105.90568498102753,107.28845894082309,12207400
2022-10-21,111.93126678466797,112.07778202749257,106.52838184082461,106.64742591227989,20593300
2022-10-24,112.06861877441406,112.72795481078448,111.10709287684404,111.78474069797399,12624200
2022-10-25,112.36165618896484,112.88362938644316,110.70416369964258,111.58327608557636,11289100
2022-10-26,113.65287017822266,114.6510267463944,112.5265031557678,112.63639483662547,11667000
2022-10-27,114.10157012939453,115.56675745152576,113.74443093795517,114.6510145018732,10727600
2022-10-28,115.45687866210938,115.6400244667623,113.59792149728024,114.7334408565705,11859500
2022-10-31,115.27371978759766,116.69312415172827,115.00815349427032,115.10888577748291,13295200
2022-11-01,117.35246276855469,117.47151383290596,115.68581773328512,116.18031980392584,13386900
2022-11-02,116.27188873291016,119.37625691475094,115.96969186898045,116.89459424650867,16546100
2022-11-03,116.48251342773438,117.37993770627928,115.30121103875088,115.66750267032388,12474400
2022-11-04,119.6692886352539,119.80665846924897,117.63635202879402,118.57956620175044,14953200
2022-11-07,120.30113220214844,121.14361393665178,119.48612163494533,119.96231182336089,12011200
2022-11-08,120.37442016601562,120.93302398097727,119.17479901580207,120.182121952005,9884100
2022-11-09,118.8084945678711,120.35608840558159,118.33230432458333,120.2553700959593,9494000
2022-11-10,123.69855499267578,123.85422961190059,121.36340775804761,121.45498763906363,16351600
2022-11-11,123.9000473022461,124.6967393476337,122.50811384319448,123.7993149998187,10704700
2022-11-14,122.62715911865234,124.29380425716846,122.62715911865234,123.44216990041072,11085600
2022-11-15,121.73887634277344,124.27548835872932,120.51178407947867,123.33226021587494,14038300
2022-11-16,121.90369415283203,122.30662327701408,120.90553771446262,121.793809472829,7893400
2022-11-17,121.3725814819336,121.6930971486759,120.21875023329618,120.8780863676977,8820200
2022-11-18,122.56303405761719,123.32310238898967,121.13447727985825,123.23153647713227,9468500
2022-11-21,121.83958435058594,123.22235097113979,121.56485871141508,122.47144912874099,7800500
2022-11-22,123.66192626953125,123.87255721626288,122.42568162642476,122.70955971543894,9185700
2022-11-23,124.98058319091797,124.99890196082377,123.49708421047596,123.57034531697187,7316200
2022-11-25,125.21871185302734,125.58500349011048,124.5959993022297,124.98060971310606,3220500
2022-11-28,123.03009796142578,125.19125235733154,122.88357570367214,124.60517729944853,9906900
2022-11-29,125.05386352539062,125.12712464315098,123.0850216381753,123.31395739125288,7925300
2022-11-30,126.53734588623047,126.53734588623047,121.96779780601344,124.62344659887748,14761200
2022-12-01,124.76081085205078,126.97690687116938,124.01904740649437,126.53734024273736,8858500
2022-12-02,123.7718276977539,123.94582110410714,122.1051687244011,123.15828156222832,8931900
2022-12-05,120.30113220214844,123.23152046335792,119.59602027727311,122.92932364992845,10154500
2022-12-06,120.50262451171875,123.72604395794203,118.92754534896932,122.15096479519259,13966700
2022-12-07,120.42019653320312,121.8670720542558,119.34877897086182,120.24620313901356,11739400
2022-12-08,121.68391418457031,121.77548008554751,120.35607587569476,121.18025282325134,8907300
2022-12-09,121.02460479736328,122.4897852929503,120.87808255586556,121.06122837117269,7957800
2022-12-12,122.90186309814453,123.30477824439174,120.51177352469429,121.24435668014594,8841600
2022-12-13,122.78282165527344,125.53920302213729,121.86707866617365,125.35605721894315,10025400
2022-12-14,122.16928100585938,124.27549276983027,121.57403965238406,122.50810145561336,9966100
2022-12-15,119.13814544677734,120.95131230231043,118.1766126994203,120.099664221008,12087800
2022-12-16,118.39640045166016,118.95500421288943,117.60886095178166,118.26819699694174,21133700
2022-12-19,119.1015396118164,120.26453720525814,118.21326772976415,118.72608160535512,9017200
2022-12-20,119.67843627929688,120.92384712438992,119.22971724880766,119.93484316154012,8549900
2022-12-21,121.02460479736328,121.7755068320615,120.66746556691888,121.04290959770297,8051700
2022-12-22,119.65097045898438,120.23704535503765,117.59054893757593,120.05389956998245,8648200
2022-12-23,120.21873474121094,120.36525696844745,118.71691684485835,119.57771746346202,5091900
2022-12-27,120.63996887207031,121.0795215304467,119.5502326377995,120.4842942633355,5411000
2022-12-28,121.29930877685547,122.16926172356504,119.97147041421042,120.74070505770467,8827700
2022-12-29,121.99529266357422,122.04108261161034,121.16196311796013,121.72971934884299,6585200
2022-12-30,122.80113220214844,123.01174916305784,121.2809955885126,121.61981600038357,9292500
2023-01-03,123.73518371582031,125.21869680593807,122.60882379266664,123.84508237224334,11054800
2023-01-04,124.88902282714844,126.07947743440992,124.14727330402683,124.53188365034441,11687600
2023-01-05,124.86134338378906,125.19344650754586,123.3391982014281,125.14731833662435,8381300
2023-01-06,127.25066375732422,127.65656923603096,124.06801627396604,125.58092773692631,10029100
2023-01-09,126.72481536865234,128.1178103133668,126.27279582879109,127.85950941163367,8482300
2023-01-10,127.85945892333984,127.97015524427347,126.66941716795199,127.11221652802433,9048700
2023-01-11,128.80967712402344,128.92037347696242,127.39824231868354,128.13623677339942,8703700
2023-01-12,128.6805419921875,129.94437242636852,128.43146109210693,129.15101562447867,11001700
2023-01-13,131.92774963378906,132.37056322485412,124.35397340286053,125.09198197829284,20200000
2023-01-17,129.88905334472656,130.5716998571132,128.44070987407977,130.23037660091987,14292900
2023-01-18,125.98680877685547,129.8244278394277,125.8392042538952,128.15469214292324,13392600
2023-01-19,124.30786895751953,125.36874680973568,123.23775702267919,124.83370491866097,13303400
2023-01-20,124.61224365234375,124.99047488974799,123.20080910919067,124.68604589937428,13092500
2023-01-23,126.63255310058594,127.2690852494994,124.37241352902481,124.64915439695137,10487100
2023-01-24,127.72112274169922,129.41853266077536,124.5384756243457,125.84843419730726,6945000
2023-01-25,128.3392333984375,128.3392333984375,126.61414895175888,127.35215773541735,8967000
2023-01-26,129.13255310058594,129.2063553652818,127.63809595043652,128.6159513240574,7487600
2023-01-27,129.44619750976562,130.31334232266866,128.9203617285406,129.71371836376986,7489900
2023-01-30,128.3484344482422,129.23403349962402,128.14548173306235,128.44067672474193,6729300
2023-01-31,129.11410522460938,129.21558157284034,127.53661182508125,129.04030296441033,9188700
2023-02-01,128.7727813720703,129.962823586279,127.4166946124427,127.49973096149544,8841800
2023-02-02,128.1731414794922,129.5753562429886,127.30598253465021,129.15099677428282,11822100
2023-02-03,130.15652465820312,131.3004385410896,127.42591149773286,127.47202559211956,11501200
2023-02-06,130.92221069335938,131.21741973271486,129.17867277414865,129.36317138557496,8406200
2023-02-07,132.51815795898438,133.1546901998994,130.23956397477656,130.42407668185118,10447900
2023-02-08,131.58642578125,132.8779302241988,131.25432262787135,131.5956457857201,6958000
2023-02-09,129.5384521484375,132.232171333837,129.03107040131695,132.02921863498875,6443100
2023-02-10,130.11044311523438,130.33184996827012,127.85030270300348,128.94808880857616,6582900
2023-02-13,131.5218505859375,131.66944103130464,129.83366081928747,130.35026256892732,7134600
2023-02-14,132.10301208496094,132.66574197126275,130.6270091910982,131.45725993912467,9249400
2023-02-15,132.6565399169922,132.73956218775996,130.35027188671188,130.63624687025177,6728300
2023-02-16,130.82997131347656,132.27830022529912,130.70080679865134,131.83550073283425,8165300
2023-02-17,131.21742248535156,131.76169832719637,129.21558365288175,130.05505446393278,7948800
2023-02-21,128.80967712402344,130.3871564587718,127.99786633222567,129.7875324452297,9996300
2023-02-22,127.82261657714844,128.62519346981344,126.78941284623758,128.1547197872762,11107500
2023-02-23,128.84658813476562,129.30784176770013,127.25065450618847,127.97942905263373,8068000
2023-02-24,130.00894165039062,130.40562709266814,128.16392712676847,128.3299857535932,9126900
2023-02-27,131.14364624023438,132.20452404590353,130.73774076025302,131.0975180581738,10014700
2023-02-28,132.2414093017578,132.61962654587361,130.90376263556865,131.8631779812996,11019800
2023-03-01,131.50338745117188,132.3428722747317,130.81150713916256,131.08826207923448,7139200
2023-03-02,130.13809204101562,131.39268826747863,128.72664313356037,131.2174237309055,11106800
2023-03-03,132.5273895263672,132.6011917925285,130.14731922895072,130.54399057368198,9513100
2023-03-06,131.7525177001953,132.877963812771,131.6049131333064,132.324467801457,9261300
2023-03-07,127.8779296875,131.28198313844652,127.13070118877344,131.00522819320005,11747600
2023-03-08,127.12151336669922,127.85028796654457,126.28202831492362,127.30601201812318,10002500
2023-03-09,120.23957061767578,126.70635432127048,119.2063671822897,126.16206444067002,25888100
2023-03-10,123.29307556152344,124.77831264323943,117.91486420009788,118.96652883128668,37599700
2023-03-13,121.07906341552734,123.50526172401649,119.38165363815746,121.04216932312453,42901100
2023-03-14,124.18793487548828,125.02741994179004,121.11598371273358,124.79679310443318,29648100
2023-03-15,118.32075500488281,120.83920951063871,116.90932731300352,120.82997543082509,34280600
2023-03-16,120.61781311035156,121.72481890489128,116.25435107656224,118.09013838380625,24558500
2023-03-17,116.06062316894531,118.52371558895283,115.72852002937451,118.4314733190589,38396000
2023-03-20,117.28756713867188,119.43701064586844,116.24513651602736,117.14918964833143,22875500
2023-03-21,120.43331909179688,121.52187084305194,120.10121593311274,120.47021318660936,17807800
2023-03-22,117.324462890625,120.53479095895408,117.23221358068643,120.4425346108443,17250200
2023-03-23,117.01080322265625,119.49234970190213,116.254347643155,117.98866558506346,16677600
2023-03-24,115.23038482666016,115.9407123176095,113.56986894913054,115.89458413950018,22311100
2023-03-27,118.53295135498047,119.35398217332511,116.50343135783469,116.96468494288993,18853900
2023-03-28,118.89273834228516,119.31708379259778,117.84107360696267,118.73591379966149,10820500
2023-03-29,119.13258361816406,120.12889311989855,117.86874617402837,120.0181967562647,14595300
2023-03-30,118.7728042602539,120.03663464387499,117.7580477285773,119.87981010605174,12134700
2023-03-31,120.21190643310547,120.23958052195135,118.86505385479836,119.61228240632168,13105200
2023-04-03,120.07353973388672,121.25434781594711,119.38165933847588,119.84291293541644,11775400
2023-04-04,118.46837615966797,120.47021514899892,117.53664892978881,120.38719287706124,11579900
2023-04-05,118.6450424194336,119.14709967225865,117.57583170579264,117.8919494467877,9614700
2023-04-06,118.51486206054688,119.08200834987258,117.94771577122117,118.0778797956493,8760200
2023-04-10,118.90534210205078,119.22145267413045,117.35266632962198,117.65018508298203,9477300
2023-04-11,119.49109649658203,119.88158856058351,118.5799412538381,119.28655100779827,10516300
2023-04-12,119.47250366210938,121.26690877514532,119.06341266372614,120.10472488738162,11821000
2023-04-13,119.92808532714844,119.97456133339055,117.9198281563234,119.43532049173513,12450200
2023-04-14,128.98379516601562,129.34639592243803,125.42286251355279,125.65529925963929,43931300
2023-04-17,130.0065460205078,130.22038389324814,127.98899640224877,130.11811113901308,16050500
2023-04-18,131.4662322998047,131.81954073230335,129.26273624552854,130.41562773954573,13760100
2023-04-19,131.29888916015625,131.55921721829318,130.53648971360158,131.30818152408432,9158100
2023-04-20,130.9176788330078,131.49411745979074,130.01582306650377,130.0809121691736,10586200
2023-04-21,130.6666717529297,131.1966344929934,129.03032170669425,129.92288530534265,11842500
2023-04-24,130.84332275390625,131.18733887353952,130.20179489998168,130.5923012181402,7567500
2023-04-25,127.99829864501953,130.1274277329189,127.96111499825328,129.79271816475563,10629300
2023-04-26,125.72968292236328,128.1284318863963,124.5860980839009,127.95177768638719,14416100
2023-04-27,127.42186737060547,128.22145059768116,126.1295192208129,126.44562989070343,9041100
2023-04-28,128.52822875976562,128.60261022124138,126.13877219035167,126.96624644240126,9887300
2023-05-01,131.28028869628906,133.29783821644935,130.93628680641368,132.26581836000824,20415800
2023-05-02,129.1604461669922,132.4052681693228,128.7048650486828,131.4662146588088,14113400
2023-05-03,126.4270248413086,128.92804716935956,126.22247931498954,128.7142092779594,12930900
2023-05-04,124.69766998291016,126.18527093974366,122.54995656425722,125.47866828799553,17089200
2023-05-05,127.13360595703125,128.19351693679252,126.3619142684698,126.85467902829136,11261400
2023-05-08,127.44042205810547,128.27718864371155,126.89186057213296,127.83091407717582,7484900
2023-05-09,126.82683563232422,127.32889294413667,125.71114168299346,126.3805467031373,7343600
2023-05-10,126.89186096191406,128.36086285920314,125.39496779080662,128.2585901262649,8133400
2023-05-11,126.49209594726562,127.19869863687757,125.42287826886732,125.51585865370714,7057300
2023-05-12,124.6790771484375,127.36604538453714,123.77722143236268,127.2079900985093,9988600
2023-05-15,125.72968292236328,126.13877387252892,124.54891444607372,124.83713374637769,7639500
2023-05-16,124.88360595703125,126.38979134145299,124.54889651751405,125.9435168177005,6477200
2023-05-17,128.72349548339844,128.85365952238953,125.94356046777068,126.35263731401683,12711500
2023-05-18,129.69972229003906,129.9135601537646,128.0819572058346,128.5561373131233,10999600
2023-05-19,129.40219116210938,130.6201717479733,128.42596808225812,129.9693374456531,13492200
2023-05-22,128.33299255371094,131.68938019077746,127.98899066253614,131.09434260740792,11402500
2023-05-23,126.99415588378906,129.26274112947746,126.87329840506368,127.87741281159326,9514900
2023-05-24,125.83193969726562,126.77099312833323,125.59021061502062,125.88772224033666,8578000
2023-05-25,126.1387939453125,126.69664790918623,125.12537295819699,125.34851738110962,8472500
2023-05-26,127.31954956054688,127.93318595217781,126.10158332634195,126.547857889886,8579900
2023-05-30,127.80301666259766,128.0447457522703,126.464178840508,127.1893802963379,7399900
2023-05-31,126.17601013183594,127.2266149155367,124.9580292730815,127.12434214684183,14219900
2023-06-01,127.91461181640625,128.5189417760317,125.93424589021166,126.92908212873873,12248100
2023-06-02,130.60154724121094,131.54058649622345,129.55092871196666,129.75547416344452,12922500
2023-06-05,129.31851196289062,130.26685791287542,128.42596275204582,130.26685791287542,8511900
2023-06-06,129.5509796142578,130.25759661038836,128.5003748590288,128.93734301871834,9329500
2023-06-07,130.80612182617188,131.34537684682581,129.076791651942,129.74621069918032,9281400
2023-06-08,130.84332275390625,130.99208571446027,129.68113872485935,130.78754019040267,7368100
2023-06-09,131.10362243652344,131.83813052835976,130.35983616853576,130.49000018411496,7249100
2023-06-12,131.09434509277344,131.3918709835064,129.94145354640617,131.15943420142702,7596600
2023-06-13,132.0426788330078,132.83295530635525,130.29474985485163,130.61086044419062,7701600
2023-06-14,131.54989624023438,133.52095516219686,130.81538823204582,132.9538089760155,9068700
2023-06-15,133.0375213623047,133.32574071990598,130.19249724469475,130.71315339866047,9343100
2023-06-16,133.19552612304688,133.85565261635008,132.48892363756508,133.00028723282662,13813500
2023-06-20,132.51683044433594,132.95381264180995,131.1315023941723,132.59121190207753,8428600
2023-06-21,132.32159423828125,133.90216123389115,131.7358491133408,132.8608349910178,9926500
2023-06-22,129.7740936279297,132.58193366281853,129.18834845257769,132.31229907643169,10075200
2023-06-23,129.09535217285156,129.40215614034426,127.95175336495431,128.80711874052247,9919500
2023-06-26,129.4114990234375,130.1738842559491,128.01687839601942,129.11397314658396,8429700
2023-06-27,129.42080688476562,130.01584452291195,128.80717033038513,129.23486028287297,8154000
2023-06-28,128.85362243652344,129.43007517484398,128.2678915230531,129.38358499140992,7558600
2023-06-29,133.3536376953125,133.47450937436494,130.02515511363134,130.22970063811232,15423200
2023-06-30,135.22242736816406,135.74308350074216,133.56747858097697,134.44144316929692,14212800
2023-07-03,136.31021118164062,137.11908654933129,135.7430649319183,135.91971913562398,8021600
2023-07-05,135.4021453857422,136.1416834542854,135.140029542392,135.68298787054368,8934900
2023-07-06,134.06350708007812,134.2320040302401,132.40654898226205,133.8856396654107,9709500
2023-07-07,135.12132263183594,136.52552097664736,133.866908872023,134.71879262942724,8981500
2023-07-10,135.87962341308594,136.66598555031663,135.27114301633105,135.27114301633105,9100100
2023-07-11,138.00462341308594,138.37908490759793,136.40384516231424,136.99359880427176,11260900
2023-07-12,138.68797302246094,140.29812147148584,137.61142675811845,138.03268337093755,11323200
2023-07-13,139.36203002929688,139.8300962434443,138.31356628056577,139.20288923059644,11234900
2023-07-14,140.20452880859375,143.12525681027427,138.93138839786866,141.870843043834,27028400
2023-07-17,143.58396911621094,143.93033347784979,140.74748954065532,140.74748954065532,17262400
2023-07-18,143.84609985351562,144.53882864830726,143.05975211033515,143.58398393912213,13491700
2023-07-19,144.3983917236328,145.2970849199136,142.49804450203536,142.99419342486166,12510000
2023-07-20,146.17706298828125,146.58896351409925,144.5482018161326,144.6605331289025,9935900
2023-07-21,145.05369567871094,146.1676953908266,144.8103064253035,145.84941384000646,10636400
2023-07-24,147.9088897705078,148.64842793429298,144.84773343199822,145.07241030562304,14381400
2023-07-25,146.80426025390625,147.6467735305015,145.99918598070113,147.25359971580744,9944700
2023-07-26,147.68421936035156,148.14292930748638,146.29874762297274,146.70129192030421,8728600
2023-07-27,146.05538940429688,148.63910983379822,145.61540600838302,147.69362119802997,10778400
2023-07-28,146.8885040283203,147.5344375190384,146.44852076027303,147.2348683645196,9103800
2023-07-31,147.87144470214844,149.2007506770254,147.11316564135666,147.14124846387747,8892700
2023-08-01,147.14126586914062,147.90890120016138,146.17705075722094,147.37529894065986,6853900
2023-08-02,145.47491455078125,145.7464008438863,144.1081697598269,145.62469910668463,8299400
2023-08-03,146.36427307128906,146.89786098978126,144.4920086983106,145.10048890583116,6084000
2023-08-04,146.05538940429688,147.72170402889702,145.75582016271824,146.41111002336194,6209400
2023-08-07,146.74807739257812,147.6280439392386,146.5983070977639,146.5983070977639,7251800
2023-08-08,145.92430114746094,146.01790580284208,142.84441801525406,144.46393710846394,8623400
2023-08-09,143.96775817871094,145.58727709541188,143.66820331619675,145.4000535208101,6277800
2023-08-10,143.75245666503906,145.51238975141104,143.31247339344608,144.520091916497,5995100
2023-08-11,144.58563232421875,144.65116844231196,142.8818789489863,143.2563261590332,5180700
2023-08-14,144.8851776123047,145.02559172184132,143.15332741205629,143.799260884411,5044300
2023-08-15,141.19680786132812,143.4809724951409,140.6351228816474,143.08779872306133,10300300
2023-08-16,140.5977020263672,141.3185278436564,140.12026544675294,140.9815196692057,6978200
2023-08-17,139.13735961914062,141.59937805479146,138.92203888799807,141.2436574651906,9953900
2023-08-18,139.45562744140625,139.95177640901298,138.0233461901272,138.21992597052116,8517500
2023-08-21,139.93304443359375,140.5134561406489,138.56629935066977,140.09218520164686,8327000
2023-08-22,137.03103637695312,140.08282221486544,136.534887452353,139.72708740694694,9673300
2023-08-23,137.9578094482422,138.16375969245578,136.16980765056223,137.00296480788273,7858000
2023-08-24,137.8267364501953,139.8675120243072,137.60207386958209,138.07949613762864,6534000
2023-08-25,137.6582794189453,139.12799993539016,136.53492333751183,137.8735858825269,6695500
2023-08-28,138.1356964111328,139.11863830045337,137.73316633046414,138.14506687716968,5094100
2023-08-29,139.25901794433594,139.34328069655484,137.77992738593437,138.27609058280225,6337000
2023-08-30,138.69737243652344,139.6241343213218,137.78932291407224,139.12798531844592,6277300
2023-08-31,136.9842071533203,138.87519792928472,136.63784285929776,138.7909351871848,10933900
2023-09-01,137.4429473876953,138.62246891114418,136.3944695270514,136.75956054270785,7903500
2023-09-05,135.9263916015625,138.74415864513009,135.74852419936798,137.76121698537963,7854700
2023-09-06,135.70172119140625,136.2446652620402,134.90600315934276,135.45831769328464,8629200
2023-09-07,134.54090881347656,135.99191644968522,134.2319835011811,134.92472640913843,8373700
2023-09-08,134.6438751220703,134.91534713282763,133.539231869879,134.21324809190452,7107900
2023-09-11,135.2336883544922,135.78600302416146,134.51286243054037,135.50516045652148,6854200
2023-09-12,136.99359130859375,137.9110112067669,134.84985472125945,135.2711113808214,8363200
2023-09-13,137.0591278076172,138.26673213964824,136.50681320165899,137.92972395420438,8325900
2023-09-14,139.71774291992188,140.3262231887897,138.09823807360453,138.39779297567569,10034900
2023-09-15,139.3058319091797,140.16707182842225,138.83776580409716,139.4088070236676,19863400
2023-09-18,139.59603881835938,139.61476546325227,138.31354218596897,138.6973598429271,6512400
2023-09-19,139.41819763183594,140.1577502596705,137.80806297424448,139.95179997983664,7943400
2023-09-20,138.82839965820312,140.65385448013163,138.6786150871108,140.0921694806569,7332000
2023-09-21,137.7424774169922,139.34326960229055,137.2650551855661,138.15437782884638,8052400
2023-09-22,136.42254638671875,138.08886061958907,135.91704126570235,137.88291038548203,7071700
2023-09-25,137.0965576171875,137.1620937275213,134.5221940712428,136.06682076935587,7044700
2023-09-26,135.6736602783203,136.5255441805106,135.01837046288418,135.36474916009422,7468400
2023-09-27,136.46937561035156,136.75957435926273,135.2804835021302,135.91706094085959,6717800
2023-09-28,138.1637725830078,139.3620208697306,136.68468172940547,136.9374414680217,8868100
2023-09-29,135.75791931152344,139.2590452079911,135.6081347051916,139.10927488590553,11917800
2023-10-02,134.58773803710938,136.31957413491773,133.52054783987114,135.58003593998507,9170600
2023-10-03,133.59544372558594,134.41923041723004,133.25843553401722,134.054139400051,9431100
2023-10-04,134.19454956054688,134.30688084770995,132.86522933598312,134.04476498816743,8128700
2023-10-05,134.7603759765625,134.9489954403181,132.8082911555661,133.94936120720567,8576200
2023-10-06,136.8350830078125,137.57065291285397,134.04367882202118,134.7698235091785,10270600
2023-10-09,136.5238800048828,137.11798531189535,135.32621539355333,135.47710521963256,6964900
2023-10-10,137.35372924804688,138.40994351775856,137.00480915687686,137.13683414188532,11288800
2023-10-11,137.8252716064453,138.8437563954765,136.75964633550754,138.16476653612236,8698200
2023-10-12,137.50465393066406,138.5891585158138,136.8633936664554,137.96674869021285,10484400
2023-10-13,139.56988525390625,144.38881902981274,139.41899543795483,140.0414051365208,29427000
2023-10-16,139.42843627929688,141.00331097441395,138.36279673046786,140.93729128323395,12663500
2023-10-17,139.1266632080078,140.80527293299247,138.428808562367,139.164392858932,11482700
2023-10-18,137.59896850585938,139.07953380874142,137.0897188526439,138.24022879254755,9620300
2023-10-19,137.01425170898438,138.64572098900047,136.62761631159904,137.1934315805182,11143600
2023-10-20,134.80752563476562,136.87278493216152,134.02480093728053,136.3352597722285,13332900
2023-10-23,132.96861267089844,135.49595244442185,132.71398789413,134.7981121972243,10133400
2023-10-24,133.12892150878906,133.6570214733008,132.36506160371712,133.14778633313443,8881400
2023-10-25,132.4027557373047,133.13832548331752,131.56345105841095,132.5630851341918,8242600
2023-10-26,132.74229431152344,133.6004640945183,131.4880494878342,131.79925438901847,9109400
2023-10-27,127.9610595703125,131.17682841025032,127.48953971893079,131.0353638210495,17434700
2023-10-30,129.59251403808594,130.17719404826093,128.29111464548342,128.66833915982525,9855500
2023-10-31,131.1391143798828,131.30886902920932,129.63968452745254,129.86601926333935,9672500
2023-11-01,131.02593994140625,132.52536963058716,130.5827101254128,131.3182799499032,9432000
2023-11-02,133.3647003173828,133.42128040877887,131.2994406435454,132.1104555293983,10186200
2023-11-03,134.85467529296875,135.5808198813388,133.7701854083583,134.09081544854737,9538700
2023-11-06,135.87318420410156,135.9769191638664,134.65665473143704,135.01501448146942,7625100
2023-11-07,135.80715942382812,136.04291937904668,134.68495412429016,135.33563951339102,6297900
2023-11-08,136.4767303466797,136.58989052573705,135.43938073983261,135.90147545372747,7618200
2023-11-09,136.07119750976562,137.3537321294573,135.5148075176755,137.15570184261244,7992500
2023-11-10,138.0893096923828,138.136464559863,135.87317481726728,136.68418961313236,7983300
2023-11-13,137.47634887695312,137.91957875986594,136.89166877168356,137.40090396181412,6676300
2023-11-14,139.98483276367188,140.74869271323962,138.174198041455,138.32507347607216,9927700
2023-11-15,141.21075439453125,141.60682929840053,140.003664861889,140.003664861889,8365300
2023-11-16,142.82339477539062,142.89883969668293,141.54085989271647,141.54085989271647,8126200
2023-11-17,144.11537170410156,144.15308697056187,142.9082673326572,143.53067715160955,7812400
2023-11-20,144.55856323242188,144.99236786773022,143.26660332342516,143.41749314350156,7019000
2023-11-21,144.25677490234375,144.87918451834597,143.87956480214766,144.47366999047435,7083500
2023-11-22,144.59629821777344,145.11497299989654,144.19078361006055,144.6717431305955,5174500
2023-11-24,144.79432678222656,145.6430712490366,144.54914161073685,144.84148165087916,3496900
2023-11-27,144.4642791748047,144.7849092752855,144.0116240688526,144.69059953295755,6259100
2023-11-28,144.79432678222656,145.10553164775902,144.02104161697716,144.492561524212,6582700
2023-11-29,145.52989196777344,146.76527166017885,145.22811235973722,145.38842738039006,9126100
2023-11-30,147.1896514892578,147.2368063564752,145.5864867313831,146.08629666666795,9869800
2023-12-01,147.90635681152344,148.86826142383205,146.94446658886,146.94446658886,8916000
2023-12-04,148.99082946777344,149.04740954062692,147.00101536445416,147.13304033099297,9607500
2023-12-05,148.97198486328125,149.47179476083681,148.02894514870184,148.30242033448647,9135600
2023-12-06,147.40655517578125,150.15080456532945,147.11421512755064,149.79244482122945,9366000
2023-12-07,147.8592071533203,148.34959188917585,147.25566224366952,147.7649118050395,8130900
2023-12-08,149.49066162109375,149.73584676995327,148.0383723826528,148.3024223551613,7369400
2023-12-11,150.03761291503906,150.22621796565753,149.14171374272618,149.49064819549545,8093900
2023-12-12,151.37677001953125,151.49935542257748,149.83018514642347,150.16024048034427,10223000
2023-12-13,151.88597106933594,152.80072072522947,150.66945619346848,151.37673596516078,12379100
2023-12-14,154.6490936279297,155.45066878084032,152.49896415125406,152.6121243164545,13643000
2023-12-15,155.8184356689453,155.8655905288681,153.14020654518885,153.79090619905173,20309300
2023-12-18,156.76150512695312,157.61024959807705,156.19568986918287,156.46916508532496,8469600
2023-12-19,158.8550262451172,158.87389106722682,156.12021701458775,156.54458197937433,10345700
2023-12-20,157.06326293945312,159.7603570231503,156.96895321478056,158.42124239273335,10734700
2023-12-21,157.95916748046875,158.5155575124074,156.24282812678547,157.3367577550905,7601700
2023-12-22,157.86483764648438,158.64756231245275,157.7045226266562,157.95914737092147,6576300
2023-12-26,158.79847717285156,159.15683691468658,157.65739264154033,157.9214570337028,4683600
2023-12-27,159.7509002685547,159.81691994666738,158.03457570297246,158.27976081530073,6428600
2023-12-28,160.59970092773438,160.9391958738307,159.37374615629497,159.70381588348346,6320100
2023-12-29,160.41107177734375,160.96746179209865,159.96784193110983,160.3167620438129,6435100
2024-01-02,162.27830505371094,162.36317518980186,159.28887034656313,159.458610618745,9977400
2024-01-03,161.5709991455078,162.24054929758722,160.6656746705868,162.07080905271448,9852300
2024-01-04,162.6432342529297,164.4840152154625,161.81772058185265,161.9126118704199,11972500
2024-01-05,163.459228515625,164.51245797473024,162.70014174249383,162.70014174249383,10066000
2024-01-08,163.2220001220703,163.54460726616028,160.82139873382036,163.2220001220703,11229900
2024-01-09,161.9315643310547,163.0037604143166,161.40020795733633,162.84245683503605,9923600
2024-01-10,162.27316284179688,162.33009181707794,160.309026324343,161.3053268268902,9670200
2024-01-11,161.5900115966797,161.6469405809146,160.01490880041456,161.61847608879714,11919500
2024-01-12,160.40391540527344,167.29259640908697,160.26157849064393,164.9109759460637,19436500
2024-01-16,159.3981475830078,159.49302439057672,155.8968705158976,156.43771030633505,17206400
2024-01-17,158.5441436767578,160.4228865888299,157.97483948873983,158.7813573746924,11107500
2024-01-18,158.8572998046875,158.96167443214202,156.78880288761584,158.57264041359542,9382300
2024-01-19,161.59947204589844,161.84618358047715,158.53467484219206,158.98063779337124,13115700
2024-01-22,161.40968322753906,163.18403698933614,161.0301471162414,161.74178818370544,12837500
2024-01-23,160.34698486328125,161.06810933054288,159.8251118048267,160.99219920582442,8360800
2024-01-24,161.77976989746094,162.26368071250425,160.2236483497231,160.69807582742826,9967100
2024-01-25,164.094970703125,164.142416344373,162.1687963911467,163.49718747582935,8873500
2024-01-26,163.46871948242188,164.20882513921873,162.9942920368661,163.78184333389387,7443000
2024-01-29,163.89569091796875,164.00006552852224,162.5388354591491,163.4307613169015,6971200
2024-01-30,167.25466918945312,167.71959885740603,163.99060578443397,163.99060578443397,10822100
2024-01-31,165.4423828125,169.1808743811598,165.42340165575084,167.18827279553105,11521800
2024-02-01,164.84454345703125,165.89777288401743,162.6621744802231,164.7591499982318,9354800
2024-02-02,165.7934112548828,166.82767409091414,164.39859340512308,164.4365557087008,8607600
2024-02-05,165.57518005371094,166.13500096991308,164.07598757427212,164.9679134968324,7820200
2024-02-06,166.14450073242188,166.8751085895703,164.87302414792433,165.6795566137463,6764800
2024-02-07,166.45761108398438,166.87510956386498,165.062807676568,166.7043226284831,7225500
2024-02-08,165.85984802246094,166.34375883435635,164.69276048884402,166.04961611663302,6060300
2024-02-09,166.05909729003906,166.14450523792445,164.78763514943896,166.04961395288615,6296700
2024-02-12,166.7991943359375,167.76703037532326,164.81609109548293,165.84085611158963,8539300
2024-02-13,165.3474578857422,167.2167032899838,163.79133635147977,166.3532562916045,8397600
2024-02-14,167.02691650390625,167.09334329239704,165.49925963075256,166.11602396443158,7056700
2024-02-15,170.67050170898438,170.99312333219834,167.14076082984667,167.14076082984667,8723400
2024-02-16,169.8734588623047,170.77486794797125,169.04795989141908,170.4237963356864,8152600
2024-02-20,170.5376739501953,171.23034839812226,169.28519310769673,170.02529871425853,9668000
2024-02-21,171.6478271484375,171.7332350838135,169.3895625747349,170.74641798610924,7024000
2024-02-22,173.70687866210938,174.0389691999663,171.970472406029,172.52081000181218,9296500
2024-02-23,174.579833984375,175.72794040887263,173.8207471003428,174.40903255823818,7105800
2024-02-26,173.98204040527344,175.02578661879247,173.1470434344582,174.3520932485434,7145400
2024-02-27,174.0674285888672,174.15282205509578,172.91932226723353,173.93458948194154,5717100
2024-02-28,174.9498748779297,175.7279283839972,173.60250262820136,174.04845112073724,6131600
2024-02-29,176.54393005371094,176.89500171310078,174.4469689552258,176.16439390725577,9643000
2024-03-01,175.8133087158203,176.90450047991027,175.63303845622815,176.20234267897524,6311800
2024-03-04,177.13223266601562,177.99569413338153,174.84550327171607,175.26300176048102,7063600
2024-03-05,178.90660095214844,179.61824215364595,176.82860632723535,176.82860632723535,6617800
2024-03-06,179.83644104003906,180.34883071700543,178.03362279204532,179.57076286619525,7572900
2024-03-07,178.26136779785156,180.75686085108097,177.08479697238374,180.19703992745502,7618300
2024-03-08,178.59349060058594,180.718931028777,178.30883120277076,178.80223986042517,6172200
2024-03-11,178.6598663330078,178.80220324195417,176.69574439925185,177.70152818428755,5762600
2024-03-12,180.13059997558594,180.43424047505954,178.2993170776544,179.28611974419184,5708400
2024-03-13,181.59185791015625,181.92394844272968,180.1306132360268,180.62402184480607,7795500
2024-03-14,178.3562469482422,181.82905916695464,177.53074786350967,181.25974046676782,10310900
2024-03-15,180.56710815429688,181.17437477098684,176.94247512959424,176.94247512959424,17214200
2024-03-18,182.806396484375,182.84434431154483,180.17806424275938,180.88022211160907,9013800
2024-03-19,183.8785858154297,184.01142492310007,182.54071140188407,182.85383525818784,8478700
2024-03-20,186.2886962890625,186.5069288762153,183.70780963606143,184.25814725101966,9367000
2024-03-21,188.87905883789062,189.23013052665834,186.2886889495495,186.46897370163362,11203800
2024-03-22,186.5638427734375,190.22642320705918,186.48793264526574,188.83160536845347,8108800
2024-03-25,184.8559112548828,186.86747893022638,184.41943164766377,186.54487175179887,8620000
2024-03-26,185.71937561035156,186.6018182440371,184.13478957869043,184.6376815447347,5961500
2024-03-27,189.31552124023438,189.39143136464278,186.33611762948894,186.4499755769137,8725800
2024-03-28,190.05563354492188,190.45415085331146,188.38563970590695,189.28706341600085,8628300
2024-04-01,188.76519775390625,190.66290757030683,188.41412607095276,189.76149830319193,7309000
2024-04-02,188.68930053710938,189.56224537498986,187.94919481633295,188.24333754146488,7014700
2024-04-03,188.15792846679688,189.353480421599,187.5886097387711,188.8600718225351,9353400
2024-04-04,186.726318359375,190.57250726060758,186.63088813761217,190.06668194049317,9243800
2024-04-05,188.44422912597656,189.08366842916283,186.21096089165496,187.21307291356746,6532300
2024-04-08,189.42727661132812,189.90447149415994,188.6065008303441,188.6065008303441,8001000
2024-04-09,188.15792846679688,189.80903317635733,186.02010480291608,189.03597982912675,7351500
2024-04-10,186.55455017089844,188.0815794697576,185.32337934002095,186.63090309212447,7681400
2024-04-11,186.51637268066406,187.60439092248092,184.42627146372058,187.0603818015725,10137700
2024-04-12,174.45286560058594,180.3128170621153,174.21426820465587,179.7306533963621,31532300
2024-04-15,174.54832458496094,178.90989232756837,173.88979338856458,176.0848925222756,14766600
2024-04-16,172.55368041992188,174.80604095219934,171.4561234016168,174.5578902815886,16451800
2024-04-17,171.86647033691406,174.09973836837415,171.02660288050362,173.09762643748962,9017100
2024-04-18,172.98312377929688,174.99688652001322,171.7615061943233,172.83997115716338,9557700
2024-04-19,177.3256072998047,177.40196022253804,173.1358371435667,174.08067361637623,13402300
2024-04-22,180.77096557617188,181.45812735942548,177.49740116944542,177.5069543871332,11529700
2024-04-23,183.37643432617188,183.46232590313252,181.83032768955627,182.4125059825634,9144400
2024-04-24,184.2735595703125,184.41671219594375,181.49628213042132,181.83986299476692,6964900
2024-04-25,184.5503387451172,185.094347885253,182.46022289146978,183.48142690000614,9802300
2024-04-26,184.6648712158203,185.9819191199223,184.25447606565834,184.74122414056745,6413700
2024-04-29,184.4644317626953,185.3997295490782,183.65319472901302,184.65530678155278,5387800
2024-04-30,182.9946746826172,186.09644101035263,182.89922989355478,184.0158640239999,8153700
2024-05-01,183.1092071533203,185.59062618122607,182.08800319125083,183.50051042268325,7445300
2024-05-02,182.91831970214844,184.67439312359332,180.87592647957385,184.2640125734771,6501700
2024-05-03,181.8207550048828,183.74862604851333,179.86426800149363,183.2428007323514,8922800
2024-05-06,183.24281311035156,183.43368812810877,181.16225065998637,182.98512382682264,7911100
2024-05-07,183.0042266845703,184.13039955093174,182.90878188854626,182.95650428655827,7688800
2024-05-08,186.726318359375,187.6807079539802,182.28841256959262,182.28841256959262,9227600
2024-05-09,188.49195861816406,188.57785019283477,186.20142924996162,186.268228953762,7977300
2024-05-10,189.70404052734375,190.24803507157247,189.22684568795714,189.48452041598773,7529800
2024-05-13,189.66586303710938,190.73478941529618,189.00733180699527,189.73267730698475,7049200
2024-05-14,192.31906127929688,192.385875547787,189.121864553999,189.9235483988948,8596200
2024-05-15,192.89170837402344,193.44525616341704,190.65843990714103,192.79626357615743,8370000
2024-05-16,193.2352752685547,195.1535932389949,192.77717231019278,192.9966778539951,8497900
2024-05-17,195.44944763183594,195.69759825802052,193.55976022547813,194.51414986383685,9260500
2024-05-20,186.65953063964844,196.48974700752038,186.48773292892272,195.06770117767758,17373300
2024-05-21,190.41983032226562,190.78248849278148,187.6330142438508,188.01476428528767,14420800
2024-05-22,189.26502990722656,191.77507962196466,188.6733129194728,189.92356116796256,9425300
2024-05-23,187.93841552734375,189.25547795628643,187.12719303061385,188.78782176676148,8069400
2024-05-24,191.55555725097656,191.6032650842563,188.54922104999036,188.73055741751145,7356200
2024-05-28,190.40072631835938,191.2692243545398,189.59904254472963,190.74430715889065,6910200
2024-05-29,189.07411193847656,189.91397939194528,187.9097555371963,188.969128506793,6120000
2024-05-30,190.23849487304688,190.7347815795727,189.35090490632123,189.5036107487647,6829100
2024-05-31,193.3879852294922,194.02742456659686,189.3031985702233,190.20986585230213,14417900
2024-06-03,192.6149444580078,193.1875695647281,190.1048947798636,193.08258611073796,6444300
2024-06-04,190.0762481689453,192.7676194373073,189.2363806080914,191.0306378288864,6848300
2024-06-05,188.26290893554688,190.70615882571187,187.9384199292547,190.6488832103386,8351600
2024-06-06,187.92889404296875,188.98826727546506,186.42095645130888,188.2629217264352,7640300
2024-06-07,190.83021545410156,191.75597461770602,188.024307437637,188.42514935958465,6964500
2024-06-10,190.5057373046875,191.67963261173603,189.38910305220256,190.15261775965763,6070800
2024-06-11,185.4951629638672,188.9118794743479,184.76983211155977,188.88324895141668,9235300
2024-06-12,182.7942657470703,187.74755082799157,182.5842988392324,187.0603890501278,12751300
2024-06-13,184.8271026611328,185.7051393894414,182.17390060566132,183.54822402834617,8587800
2024-06-14,184.941650390625,185.97239310049383,182.68928992746697,182.7179204558384,6874000
2024-06-17,186.08689880371094,186.65953844630556,183.85363041068777,184.6553142600554,8725400
2024-06-18,188.01475524902344,188.93097569239987,185.2756616981407,185.7242259848272,9023000
2024-06-20,189.6085968017578,190.35301959036525,187.16536154039684,187.43258948693125,8731100
2024-06-21,187.34669494628906,188.17700929825324,185.36156268713378,187.73799820567726,20972100
2024-06-24,189.8090362548828,190.14306392636604,188.11022368178232,188.7878322423663,9785900
2024-06-25,189.0359649658203,190.94474426582192,188.72101463378038,189.05504227358247,6862500
2024-06-26,188.42515563964844,188.91190371760356,187.3276132855566,188.44424751166255,7758600
2024-06-27,190.08580017089844,190.74433141255324,187.91933141310852,188.43471002085207,7913500
2024-06-28,193.03485107421875,193.35935463256504,190.20986578187188,190.88747429822308,15307600
2024-07-01,196.079345703125,197.64454410688455,193.416605054855,193.5883881973363,10205800
2024-07-02,199.30520629882812,199.33383682530447,195.43038637882975,195.92665854630712,7802900
2024-07-03,199.17160034179688,200.78452135813035,198.1790268412077,199.99237611377828,5560900
2024-07-05,196.532470703125,199.0084419463454,196.27336816071954,198.64377422771068,8093100
2024-07-08,196.89715576171875,198.55739478921961,195.74554496023563,196.77239292168676,8707000
2024-07-09,199.25794982910156,201.30205403205485,197.1658441534367,197.33859380980596,9058900
2024-07-10,199.42111206054688,199.58425558028438,197.2906255075793,197.82804290048543,8328500
2024-07-11,199.08523559570312,199.70903519908063,197.09870937690485,197.8952440238618,10658100
2024-07-12,196.67642211914062,199.08520875553353,193.95093996868792,195.77432240821722,15443400
2024-07-15,201.58038330078125,203.07747876015205,198.38465354242032,198.83570341075963,10719700
2024-07-16,205.0064239501953,205.12159527581198,199.68981390311083,201.5323940342005,11557000
2024-07-17,208.1253662109375,208.78754638356358,204.67053414664076,205.17916232258048,11572500
2024-07-18,201.51319885253906,207.90465837072435,200.80304644620205,206.93538878296755,12415100
2024-07-19,201.32125854492188,203.787638142558,200.49593484279177,202.68399960778325,8095900
2024-07-22,201.80108642578125,203.61487723988253,201.25407758649305,201.97383607849395,7663200
2024-07-23,201.84906005859375,202.9526838167723,200.9085797907141,202.5112401709101,5557300
2024-07-24,200.1792449951172,203.4805398970385,199.6802229423339,201.10054238495405,7119000
2024-07-25,200.25601196289062,201.71472666285024,199.66101627259542,200.23681430218042,6403800
2024-07-26,203.6820831298828,204.56498521561846,200.20803848586095,200.8030488593653,8027800
2024-07-29,202.3480987548828,204.99680458777706,202.06019244524745,204.07550732564854,6533600
2024-07-30,206.51312255859375,207.08892060425245,204.37304460068856,204.63214713164874,8850700
2024-07-31,204.21949768066406,207.66473846208044,204.09473484474648,206.11965617262393,9071600
2024-08-01,199.5746612548828,205.20796693510616,198.05836812142135,204.6033650548551,10918600
2024-08-02,191.1102752685547,196.41729340747878,188.95099978059565,195.6591542348571,18041700
2024-08-05,187.04122924804688,188.2600243620043,183.20251739365065,186.22551176510183,13927000
2024-08-06,192.26190185546875,194.4307836748442,186.17754637997143,187.5210898263343,10605800
2024-08-07,192.31947326660156,197.4537566355557,192.12754058739833,195.30407255531497,9204400
2024-08-08,195.8319091796875,196.6476414155857,193.6534358098913,194.30602452731497,7761200
2024-08-09,197.50172424316406,198.1447067098513,194.7186494132603,195.26567287144812,5540200
2024-08-12,197.87603759765625,198.78772889996102,195.44805308023797,198.0871679594775,6936000
2024-08-13,199.5554656982422,199.69941155528463,197.11787513313567,199.35392685485715,6387800
2024-08-14,201.76271057128906,202.26173259433187,198.76850521541047,199.36351554061437,6999800
2024-08-15,203.01988220214844,205.26552518971098,202.5880300343132,204.41141236229493,7001000
2024-08-16,205.34230041503906,205.45745708775618,203.0582621159896,203.15423577226989,7931200
2024-08-19,206.7626190185547,206.83939501460688,205.1983538600032,205.37108886847773,6090800
2024-08-20,205.87014770507812,207.29046717628404,205.06400698142428,206.33078908750494,5640000
2024-08-21,205.94691467285156,206.33078003410972,204.25787193885594,205.78375651861572,5202300
2024-08-22,207.8950653076172,208.05820882254338,205.6973943235858,205.92772233240674,5247100
2024-08-23,209.50732421875,210.35184563489813,207.77030919614816,208.82596096633335,7214000
2024-08-26,210.33262634277344,210.82205685305937,209.25779166440867,210.17907434771442,5105200
2024-08-27,211.30189514160156,211.53222313341251,210.3518232928703,210.65891263842738,5185200
2024-08-28,212.3671417236328,213.25005838467985,210.35182667608916,210.40940501408693,6506400
2024-08-29,213.25006103515625,213.98900257334432,210.1119097835547,213.19246805291826,6416100
2024-08-30,215.7356414794922,216.38821556365377,212.98135535356386,213.52837890369267,8574100
2024-09-03,211.4170684814453,215.06384784728323,210.39981213405102,213.336424500989,8956100
2024-09-04,210.4862060546875,213.11572940311365,208.4516931045851,212.1272474569603,7389500
2024-09-05,208.85475158691406,211.89692943579365,207.31926075481468,211.2731298787107,8067900
2024-09-06,203.8931884765625,209.9199649722642,202.57841969666674,208.8259326693763,7777000
2024-09-09,208.0677947998047,209.35375986693387,205.54383685302398,206.51312105129102,8935100
2024-09-10,197.2714080810547,209.82399812562028,192.52100489184315,209.78561744862617,28406900
2024-09-11,198.8740692138672,199.3251190484655,193.6918138354718,196.97391086092546,13658700
2024-09-12,198.2694854736328,200.36157653556083,196.6284296106188,199.27713568329062,9054400
2024-09-13,196.0814208984375,199.46908315177689,194.83383653849526,198.51899663631963,10226700
2024-09-16,199.47866821289062,199.8145613678539,197.3001950685702,197.53052305856136,8634900
2024-09-17,200.8126220703125,201.4651960832742,199.28673756042474,199.35390740598294,7573300
2024-09-18,199.1619873046875,202.81835838288768,198.36545275492742,200.58230673818105,8259900
2024-09-19,201.99305725097656,203.36540464959074,198.97966838098475,201.32128546025103,11635200
2024-09-20,202.5784454345703,202.8951409629487,201.05256077890448,201.46521533060852,20885000
2024-09-23,202.9143524169922,203.25983714020322,201.52282201422125,202.49209168378687,7223500
2024-09-24,203.05825805664062,204.36342068093103,201.88744976234233,202.6359974070873,7323200
2024-09-25,201.7147216796875,203.68206451343198,200.19842867858037,203.14463253149498,8976500
2024-09-26,201.32125854492188,203.16383862893971,200.582302352154,202.61682975945425,7807500
2024-09-27,202.01222229003906,203.87399998332447,200.88940076897532,202.15616813497374,7032500
2024-09-30,202.3577117919922,202.45368545325593,196.98350891876606,197.99117378793656,8663800
2024-10-01,198.69174194335938,200.6590849232253,197.87602436679808,200.47674374625123,8540100
2024-10-02,198.93165588378906,200.52472495596922,197.39617979497947,198.73013169432915,5810900
2024-10-03,196.9547119140625,198.16391556637382,196.10059907948147,197.85681157736644,7251300
2024-10-04,203.94537353515625,204.37987213930614,199.78381659479555,202.09150201972523,10211700
2024-10-07,203.6653594970703,205.9827100132501,202.4680757269759,203.7619212935509,6718900
2024-10-08,203.49156188964844,204.0515878849043,201.20319174460775,203.32741862551052,6021800
2024-10-09,206.069580078125,206.8613454534999,202.1687285781039,202.47769976692018,7024000
2024-10-10,205.5095672607422,207.41171960680364,204.18675618891916,207.41171960680364,7927100
2024-10-11,214.63409423828125,216.89351339672228,207.74966888805528,208.24209865254014,18320700
2024-10-14,213.85202026367188,215.99556259342347,211.34157550325287,215.51278305488955,9048900
2024-10-15,214.73065185546875,217.68525985149523,214.18029092153253,215.95691583331498,9235800
2024-10-16,215.9376220703125,215.97623794909032,213.42716268516796,214.67274209136121,6382500
2024-10-17,216.69076538085938,218.07152251645772,215.61899422056717,216.5459374132235,6470200
2024-10-18,217.60801696777344,218.13907733966104,215.4162087479307,217.2507648690765,7000500
2024-10-21,215.31967163085938,217.9266781613519,215.22310983099362,217.46321393517286,5870000
2024-10-22,216.40109252929688,217.52114457858949,213.48511476638754,215.33898639973629,9586800
2024-10-23,215.71554565429688,217.05767211185088,214.86584899630188,215.95693541093075,6180500
2024-10-24,217.23146057128906,217.3087070595921,214.02581233964898,214.18995560232,6002200
2024-10-25,214.65341186523438,217.84940969268465,213.2726696126605,217.25076784703845,6369700
2024-10-28,217.7335662841797,217.86874396216535,215.2713877542694,215.65762021512975,6843000
2024-10-29,215.22308349609375,218.9404913371286,215.1361867268046,217.45353704067085,6580000
2024-10-30,216.68109130859375,218.5156474524891,213.94855766414204,214.87548602178538,7110900
2024-10-31,214.27684020996094,217.91700157327347,214.18029315501,216.96109290971893,7829900
2024-11-01,215.26170349121094,218.36113930912322,215.02996405127206,215.86034529447858,6923500
2024-11-04,212.21055603027344,216.05347672838175,211.62156445041862,214.9817056480971,8229600
2024-11-05,213.86166381835938,214.3154777176928,212.42297563395553,212.45194122469928,5600700
2024-11-06,238.55099487304688,239.45862265494782,226.68428170878914,226.90635614480942,23987800
2024-11-07,228.2388458251953,236.1467765550335,227.11879382619438,236.07918035167899,16451100
2024-11-08,228.81814575195312,231.0968653627636,227.6594780097169,231.0968653627636,9502100
2024-11-11,231.04859924316406,233.76183232238978,230.7685936247478,231.734152593889,9017100
2024-11-12,231.30929565429688,233.1438664671285,230.53684556117094,232.265204302032,6861000
2024-11-13,232.85418701171875,235.68326750644812,232.03345605640476,232.29416108376773,11472600
2024-11-14,233.5397491455078,235.87640014281013,232.7479984317867,234.07080953881766,10172200
2024-11-15,236.8612823486328,237.93305345699474,233.14388893789499,233.14388893789499,11518800
2024-11-18,236.5908966064453,239.3910115292734,234.3218272931725,239.2268682839051,9051400
2024-11-19,234.71771240234375,236.70676140391376,233.2307581603698,233.90664645217612,6792700
2024-11-20,232.48728942871094,236.1853820806055,230.42099380614764,235.9826082126915,9015300
2024-11-21,236.33021545410156,237.03508413180523,233.771489998293,234.8529113632746,8783500
2024-11-22,239.98968505859375,240.5690116009233,234.65979541625032,235.219821387118,7997300
2024-11-25,241.6697540283203,245.55130530795057,240.4821205914916,240.99386567944467,10295400
2024-11-26,241.3607940673828,242.3553186985206,239.78692811975665,241.86288889278865,6212100
2024-11-27,241.1869659423828,242.53875732525523,240.20210641192003,240.76213237626226,5472300
2024-11-29,241.119384765625,243.09878358106323,240.8586797210085,241.25456243074825,5494800
2024-12-02,237.76889038085938,241.63112616369568,236.5909072884335,240.95523784835137,8899700
2024-12-03,236.38816833496094,240.46281387900356,236.20470976229734,239.68071342355267,6657700
2024-12-04,235.0170440673828,236.89989581875426,233.8873418565162,236.2722736572103,7346300
2024-12-05,237.02540588378906,238.66685314495626,236.19502460109126,236.93850911465168,6572500
2024-12-06,238.84068298339844,239.20760013056864,236.40747009501496,237.2378514526948,5519700
2024-12-09,235.41293334960938,239.3331004642951,235.36465245379455,238.61859624597477,7076500
2024-12-10,234.49563598632812,239.4199922894347,233.87767887717348,235.49016047866672,9108300
2024-12-11,235.14256286621094,235.85708177176627,233.8390524294808,235.59637673776825,7884400
2024-12-12,233.21145629882812,235.692949917877,232.73832710066324,234.63082916006218,6113800
2024-12-13,231.67623901367188,234.36049197314819,230.90378883302319,233.73288448883088,10392700
2024-12-16,231.32861328125,232.38106899290696,229.33956421642742,232.32313781366128,9032000
2024-12-17,230.15065002441406,230.78792251755053,228.4802370347638,230.43065565931622,8083600
2024-12-18,222.4358367919922,230.8362124328699,221.62477071445954,230.76861622644446,11322400
2024-12-19,224.93663024902344,228.21952494296886,224.27039218428922,224.27039218428922,11790800
2024-12-20,229.4168243408203,230.97137492047273,223.61380532033132,223.93244155838863,32348400
2024-12-23,230.17959594726562,230.40167037895355,226.79048935961865,227.93950685968346,8611500
2024-12-24,233.96458435058594,234.13839262104892,230.836182814854,231.1837698892596,3729100
2024-12-26,234.7660369873047,234.8818993636749,232.49696722830464,233.11492445771663,4451800
2024-12-27,232.8638458251953,235.0073878325532,231.77275951756664,234.3604651162079,5730200
2024-12-30,231.07757568359375,232.54521468407714,228.94368391501692,230.54651531283838,5723800
2024-12-31,231.4541473388672,233.12456023279114,230.79755957752477,231.78243385290807,4871000
2025-01-02,231.73416137695312,234.9011937371106,231.20310097714537,232.6224738942401,9220900
2025-01-03,234.9011688232422,236.4460689618726,231.9851768098756,235.49016034360332,9491100
2025-01-06,233.75595092773438,238.45338882592614,233.4938994273639,236.52199744283416,9917800
2025-01-07,236.00759887695312,238.03603585964578,233.8044559653357,235.00793797890452,8753400
2025-01-08,235.9687957763672,237.05580229045634,233.41625568415455,235.59998364793563,8675300
2025-01-10,232.8048095703125,236.628762281155,231.70810291840846,235.92996814062778,10256800
2025-01-13,237.01698303222656,237.3372500960213,231.96043318189513,232.61069705427852,10005300
2025-01-14,240.18093872070312,240.4235751387901,235.05645875545392,235.5126164062056,12407400
2025-01-15,244.91722106933594,246.19833373301464,236.50257655181815,243.0246450469622,18448500
2025-01-16,246.7806854248047,249.46910144518222,244.89782419787434,246.51863391142942,15292300
2025-01-17,251.52664184570312,252.94363035716344,244.71340648745428,246.65449800073918,17678100
2025-01-21,255.2826690673828,256.4667361674549,251.8566434643502,252.40986169721276,13712100
2025-01-22,255.09825134277344,255.62235436148842,252.5845413063042,255.1564817205521,9021900
2025-01-23,258.11663818359375,258.99980869731013,256.03965618936724,256.8937411358266,10749700
2025-01-24,257.0393371582031,259.2327800677332,255.26325143834285,255.92321545084891,7666300
2025-01-27,258.0196228027344,258.13608356694,254.53536671960657,256.38911286643724,7522300
2025-01-28,259.2716369628906,259.4560134282911,257.0296487623303,258.01962450201626,7375400
2025-01-29,258.72802734375,262.7072701402544,257.78659694764065,259.33947579733757,7684900
2025-01-30,260.3294677734375,261.75617104949805,258.766873890751,260.71768010583645,8753500
2025-01-31,259.4268493652344,262.8431891272981,259.09686738707205,261.3000250446993,7193800
2025-02-03,258.9512939453125,260.2712514893426,253.99181967172157,254.11796573208338,8381400
2025-02-04,260.04803466796875,261.8920656979003,258.97071346699056,261.8920656979003,5626000
2025-02-05,262.4646911621094,262.66852710369653,260.4265390771867,260.98947222246505,5704400
2025-02-06,268.744140625,268.8218008796745,263.20233210063896,264.42522935273706,7264400
2025-02-07,267.6764831542969,270.3454837389774,266.61859193134063,269.10318646976515,6857900
2025-02-10,263.0567321777344,268.0453220031556,261.64942897239877,268.01620681498275,8627400
2025-02-11,266.890380859375,268.08416285966723,261.71738476219014,262.299718167667,7196400
2025-02-12,267.33685302734375,268.3073988294126,265.2016404153094,266.0071803987953,6683900
2025-02-13,268.1811828613281,268.812031614192,265.74510378599365,267.3853283146615,8398700
2025-02-14,268.4432678222656,271.0055230328968,268.30740680766394,269.20029238564155,5688600
2025-02-18,271.70428466796875,271.72368491952835,267.89001749911944,268.6082414686908,7919800
2025-02-19,271.0249328613281,271.99547872654324,269.0547259396898,270.18056269758443,7007200
2025-02-20,258.94158935546875,270.52990776080935,257.9128132494212,270.47167738640707,13846700
2025-02-21,256.4570007324219,261.27092900098586,255.0982425996441,260.4168439978953,12835600
2025-02-24,253.64239501953125,259.13568691818347,250.99279474898321,257.6701535179273,10372800
2025-02-25,249.81846618652344,255.2535282245515,245.88776780849437,254.50621867157093,9608400
2025-02-26,251.1675262451172,253.2250783593955,249.36229586835162,249.58553203875115,5943600
2025-02-27,251.4198455810547,255.87467629942992,250.2648938568394,252.51656693419218,8204400
2025-02-28,256.8548889160156,257.0101797673479,250.29402075476108,253.0503667238304,10467100
2025-03-03,252.94361877441406,258.47574118143245,250.2261026277376,256.22406802064074,9058300
2025-03-04,242.87908935546875,249.65350978324315,238.70573940367385,247.7609336031201,13465600
2025-03-05,244.12135314941406,245.5965867262712,240.53033710346665,243.84960154438141,7861400
2025-03-06,239.27833557128906,242.015281613365,236.66758002130527,240.80209946195242,9983200
2025-03-07,235.14381408691406,239.4530394207747,232.36805275623323,238.00692097749285,20498700
2025-03-10,225.38014221191406,230.5143228718976,221.96381691976234,229.25262520540508,18887200
2025-03-11,222.39085388183594,226.44774284176466,220.01301974210133,224.9239788967364,18143000
2025-03-12,221.18736267089844,227.4182791975453,220.56621400526214,227.10769746005099,16054000
2025-03-13,218.55718994140625,222.7402395654928,217.62545954737027,222.5461333861297,16467900
2025-03-14,225.59364318847656,226.27302221151962,220.87679052941755,221.40087868737876,11962100
2025-03-17,227.0397491455078,228.72850399973166,223.67196918142557,224.37074846283141,9586000
2025-03-18,228.04913330078125,229.2137852248078,226.6418449421928,227.4182844946614,10344900
2025-03-19,232.06719970703125,235.19235827185224,227.9714953720013,228.79646520042016,10120600
2025-03-20,231.97012329101562,234.63912397597252,229.2428922333378,229.59228927901535,8328500
2025-03-21,234.51295471191406,235.16321853294548,229.5340506915364,230.80546314828078,19326900
2025-03-24,240.75357055664062,241.36501910335522,237.21108457850144,238.2495608050386,9422700
2025-03-25,243.733154296875,244.4028332211237,240.32652930123646,241.96675395701018,9287700
2025-03-26,243.63609313964844,247.16887900045046,242.42291097853027,245.1598570425021,12779300
2025-03-27,240.8118133544922,243.25759285817858,239.89949795497841,242.18028645376282,8022500
2025-03-28,235.697021484375,242.16084438052914,234.00826669006625,239.66654971371304,11978400
2025-03-31,238.0748748779297,238.61837812715723,230.36873927152533,232.35836101622476,13603000
2025-04-01,236.48318481445312,238.45339153399044,233.78506877067235,235.47380892493115,8054700
2025-04-02,238.57955932617188,239.9674326166383,234.34797933558323,234.4838551459041,7758800
2025-04-03,221.9541015625,228.21411845193424,220.6050436132751,227.36974842028587,17188500
2025-04-04,205.3434295654297,212.58923458837728,204.02511643608108,210.2553432331429,27170700
2025-04-07,209.40576171875,216.8371082788502,197.41405089517536,200.93930233618102,22914400
2025-04-08,211.77871704101562,222.4911845873146,208.24370556467724,218.27260941397304,19485700
2025-04-09,228.83859252929688,231.9048767833682,206.04652973562588,207.5113154920403,24022400
2025-04-10,221.77833557128906,224.9422782580252,214.9329086419956,224.60048894505405,18896400
2025-04-11,230.65492248535156,232.97905393688654,219.71785872027854,220.9971025358475,20284500
2025-04-14,229.2096710205078,234.15087913970558,228.14526363842643,231.53380246810318,13017800
2025-04-15,227.65699768066406,233.04739831448416,227.35427768752865,230.55727455130136,10912900
2025-04-16,224.21963500976562,228.09643576900157,222.5790672431111,226.55352634462056,9322300
2025-04-17,226.5144805908203,228.83859723978307,225.13757837531108,225.38170933973876,9557900
2025-04-21,223.61419677734375,226.36798622449223,221.02639969234494,225.21569525952322,8716200
2025-04-22,230.05923461914062,230.44985307295167,225.93830305999933,226.53398316406202,10701400
2025-04-23,235.22508239746094,240.99632733668028,234.36573659509583,234.5805730456871,14126800
2025-04-24,238.8967742919922,239.70729080846584,232.00251886579326,234.111813783322,9055200
2025-04-25,237.83236694335938,239.85376339709086,236.07462117887317,238.90653414902246,8588600
2025-04-28,237.51011657714844,241.04512791658067,235.18598519677712,238.81865487510098,7394300
2025-04-29,238.8772735595703,239.49248838967188,236.01606566197046,236.50432761587396,7216800
2025-04-30,238.8772735595703,239.46319386448346,232.8325881861533,235.54733835838334,12991700
2025-05-01,241.09396362304688,242.6173383874093,236.48477003311547,237.1390391998316,8689600
2025-05-02,246.58203125,247.66597331622904,243.60364543700763,245.36137644120922,7165000
2025-05-05,246.63084411621094,249.16981191085782,244.70709107270193,245.28323652822158,5450700
2025-05-06,243.3985595703125,246.71873456309945,243.1544286178849,244.13095242759528,6369900
2025-05-07,243.53526306152344,246.52342342169658,242.98841213293886,243.98447055318667,8724100
2025-05-08,247.51950073242188,249.87292678022158,245.64457673393773,245.66411138304096,8320100
2025-05-09,247.13864135742188,249.51158700328907,246.41600839213655,248.5253033443988,5087600
2025-05-12,253.94500732421875,257.4116847639064,252.62672400889193,256.7281061698435,9603900
2025-05-13,256.8355407714844,257.4800500721763,254.27705311794927,254.90201286940857,8589000
2025-05-14,259.4038391113281,260.3803630716006,256.13247788418613,256.8258015516586,8643100
2025-05-15,261.2103576660156,263.19269990894253,258.5444666020599,260.7025759874391,9214600
2025-05-16,261.2787170410156,262.1575825394603,258.495618128322,261.2201279945288,8932900
2025-05-19,258.6616516113281,262.0208961622138,255.78089422806747,259.3159059261038,12145000
2025-05-20,259.4428405761719,260.3998446453458,256.14218530617444,256.3570217379832,8436300
2025-05-21,254.91180419921875,259.41356502066975,254.60908417787425,258.1440958860731,7464000
2025-05-22,254.5504913330078,256.1422002145729,252.79273047922572,253.34935623964725,6514100
2025-05-23,254.5895233154297,255.8394726451303,249.9901043492613,250.78108627971244,6671800
2025-05-27,259.06201171875,259.0717566921421,255.83946524243134,255.8883093139594,7506600
2025-05-28,257.30426025390625,260.45844302460614,256.7281147573034,259.9897008471859,5535400
2025-05-29,258.1636047363281,259.17919788181575,256.3668044334763,258.5835028383828,5081200
2025-05-30,257.80230712890625,259.10107079095377,256.56213251620557,257.265230909512,10977700
2025-06-02,258.4468078613281,258.8081169206428,255.75159247660167,256.84529442949264,6011200
2025-06-03,260.0189514160156,260.3216713749027,256.708551613589,257.53860270778875,6998400
2025-06-04,258.0171203613281,260.8490334291481,257.9780510648975,259.67722274650265,5915700
2025-06-05,255.8004150390625,258.5248949172323,254.19890174190374,258.5248949172323,8173800
2025-06-06,259.49169921875,260.39008449229345,258.056207934954,258.12454195712064,7738100
2025-06-09,260.4779357910156,261.61070691825,257.1675357719009,259.75531775168025,8285000
2025-06-10,262.2943115234375,262.58725675736963,259.6088709415357,259.63816546492893,7538100
2025-06-11,261.8548889160156,263.2903803018637,259.550306718951,262.3724454128917,7434100
2025-06-12,261.9427490234375,261.9915930968164,258.91554891738133,260.5951413369258,6618000
2025-06-13,258.73004150390625,260.7514235020915,256.54260751477483,258.8569645888739,7098300
2025-06-16,264.0129699707031,265.3508326588525,260.5853915714537,260.731864186611,8566000
2025-06-17,263.19268798828125,264.2375756229939,261.51306583381086,261.87440467845437,6739300
2025-06-18,267.5284729003906,271.20021221292876,263.3880211997966,263.66144669321045,9586400
2025-06-20,268.5440673828125,270.7900603895567,267.3820015798645,269.1006931474805,13969700
2025-06-23,271.73724365234375,272.0106691007072,265.7218539872092,268.60261086911663,8094600
2025-06-24,274.6571350097656,276.0730768529508,272.9482181016434,273.6317669842048,9267900
2025-06-25,277.391357421875,277.60619385702887,274.3153133103271,274.8914587952529,6826900
2025-06-26,281.97125244140625,282.61576173740934,277.79173169250225,278.0163428990485,8942100
2025-06-27,280.3697204589844,281.92241945147737,278.34833893885445,279.10025150036057,17868600
2025-06-30,283.10400390625,285.77966944457916,282.13725493022537,283.58249100733053,12689200
2025-07-01,283.59228515625,284.2953834962509,279.86195702454677,284.0610273166312,9338300
2025-07-02,285.1449279785156,285.94568458607114,282.8989353292775,285.1839972718727,8158700
2025-07-03,290.4435729980469,290.83605832396694,285.74348111805267,286.66583810355576,6541600
2025-07-07,286.4892272949219,290.4828336535378,284.63469143869315,289.70765491378785,8825700
2025-07-08,277.4717712402344,284.2618850781592,275.048135846527,283.83993409983367,15440900
2025-07-09,277.8446350097656,281.8088060970764,277.1774068900867,281.7891623646238,11273800
2025-07-10,282.7801818847656,282.89792448782646,277.68760468940775,277.68760468940775,8410900
2025-07-11,281.47515869140625,281.98541661358325,278.3254239763715,280.16031625567433,7384700
2025-07-14,283.2806396484375,283.8693527089549,279.90521169280953,281.6812326297011,9079900
2025-07-15,281.1709899902344,286.46964738040805,280.121098345475,282.5937831680985,12526100
2025-07-16,280.4546813964844,285.2725159686822,277.6974322542774,282.98623724838524,9979800
2025-07-17,284.4580993652344,284.85058472552134,278.11937245969557,278.11937245969557,8509500
2025-07-18,285.8023986816406,287.0093204502985,282.8194857660448,284.08524890116877,12217000
2025-07-21,285.50799560546875,288.65773001934355,285.125302200427,285.5374312562634,7898100
2025-07-22,285.9593505859375,288.11806478082025,283.7515869549163,286.0280437522998,6717500
2025-07-23,291.1893005371094,291.41496386649595,287.05830810847374,287.34287268108,7083500
2025-07-24,290.9832458496094,293.96618832212596,290.6398398939318,291.8369396401929,7001200
2025-07-25,293.0144348144531,293.2891775825394,290.40436354527543,291.13049296035166,5918500
2025-07-28,292.6807861328125,293.8091927274499,291.2482011503524,292.0724293571669,5840400
2025-07-29,291.4640808105469,295.63430134586406,290.63985258046154,294.36850837533046,7635700
2025-07-30,294.0054626464844,294.9670472888904,291.79769880383014,291.83695632333047,8061700
2025-07-31,290.6790771484375,295.33011989507037,289.9529777509294,293.5246633224064,14749700
2025-08-01,283.93804931640625,286.32242707449086,278.9043429750852,284.9487133421405,12007100
2025-08-04,288.73626708984375,288.79513839592664,284.81135364584816,284.81135364584816,6649500
2025-08-05,285.9004821777344,290.23752439689997,281.8480045472989,289.1581672885365,7182300
2025-08-06,285.880859375,287.7844445938785,284.7131953506969,286.81300825463615,6330200
2025-08-07,281.55364990234375,287.9512476179058,281.0336001027858,287.4410196836242,8057100
2025-08-08,283.33953857421875,285.7631740586469,279.36554536006525,283.55541003235584,6634100
2025-08-11,284.12451171875,285.8514833981763,283.3591547144072,283.96751157110066,5510100
2025-08-12,287.3527526855469,289.2170807199043,284.88985973561466,286.02808831162713,8570900
2025-08-13,285.0762634277344,289.0207905053278,281.769528771024,288.43207746741234,8420400
2025-08-14,288.6381530761719,288.67741059714604,284.20301143696577,285.1253385944976,6322400
2025-08-15,285.0370178222656,289.95298150728627,284.3796115875491,289.30536719380285,7340500
2025-08-18,286.0575256347656,286.42057536605495,282.9960976961236,284.55624732082714,5386900
2025-08-19,285.203857421875,286.9897003409671,284.0950645111781,285.3706494849781,6031500
2025-08-20,286.7541809082031,287.82371628155875,281.87747451352897,285.35103146886894,7374200
2025-08-21,285.9986572265625,287.27424223237057,284.0362003285711,286.45983579537915,6624000
2025-08-22,290.6790771484375,291.5818204071259,284.6837862966605,287.6961645212777,8552800
2025-08-25,289.3642272949219,291.76824867106194,288.61851412970407,290.6790696581532,5856300
2025-08-26,292.9653625488281,293.13215460321874,287.99052751038425,288.63814183000835,6714700
2025-08-27,293.66204833984375,295.4184556440125,291.4641062014755,291.6701557907686,6056500
2025-08-28,295.4184265136719,295.5852185641284,293.0929201153854,294.38811877937053,6410500
2025-08-29,295.7618713378906,297.2631495608047,294.10359298088383,296.37022814205386,6796400
2025-09-02,294.0741271972656,294.8198403269102,288.97172816852793,294.62361263793457,7221900
2025-09-03,293.8877258300781,294.9278255320024,290.8164761661132,294.9278255320024,6316900
2025-09-04,298.1168518066406,298.7153868216896,292.68083750021106,294.3685517279064,6605800
2025-09-05,288.8540344238281,299.42185399614533,288.7853412459479,297.9500113286781,9837700
2025-09-08,287.41162109375,290.8949700189617,285.9692141135519,289.3544641521949,8188500
2025-09-09,292.2588806152344,293.3872872696363,286.8228669749493,287.1074315912692,7848200
2025-09-10,294.89837646484375,295.8796048140829,289.8548483762926,291.13046319713106,7787300
2025-09-11,299.8241271972656,299.9909491896388,295.1436788264331,295.5852136096933,7942500
2025-09-12,301.1488037109375,301.7767742987404,297.9990690164523,299.27465392414524,6846700
2025-09-15,303.1014404296875,304.13174819496044,301.40393449781925,301.40393449781925,7122000
2025-09-16,303.385986328125,305.06387836899023,301.3646583866889,304.1807788708881,10525600
2025-09-17,305.89794921875,307.03617773944126,302.973877849489,304.563492987762,8657800
2025-09-18,307.3501892089844,307.556238792954,303.7981171700278,305.9372178866198,8050700
2025-09-19,308.8710632324219,309.8719053836384,303.31730709863126,307.7132209495945,23568600
2025-09-22,306.5749816894531,307.8113389670314,303.74903930910966,303.9845245259009,7520200
2025-09-23,306.8693542480469,310.37234675445063,304.74989735202223,305.9666409066948,8584400
2025-09-24,307.53662109375,310.63727651453155,305.81947137817144,308.15476983779797,7310500
2025-09-25,307.5660705566406,309.7247551863121,305.947019653492,308.22347685107957,7083200
2025-09-26,310.12701416015625,311.8441636854759,307.8113297451866,308.988785738579,7258100
2025-09-29,309.7640075683594,312.0404647281687,307.7721150397051,311.10828573544467,6462400
2025-09-30,309.50885009765625,311.45169300349573,304.28870810842403,310.31346452838187,11823300
2025-10-01,304.87750244140625,308.6846738574029,301.63946033115474,308.0763169713923,9235200
2025-10-02,301.77679443359375,304.73030161726365,300.39328868596704,304.1808160870063,7600000
2025-10-03,304.21026611328125,305.809673335546,302.42442308322387,302.7188095956571,6029900
2025-10-06,304.8511047363281,307.38512889871987,300.8578215934895,305.8371035459471,7214500
2025-10-07,303.3819885253906,305.66951307877287,300.43386159315816,305.01875022701944,8454200
2025-10-08,299.77325439453125,304.4567493262524,299.2999640741864,303.894722712774,6489900
2025-10-09,301.2522277832031,303.7270945284432,299.1422058887319,300.77893750215213,7060300
2025-10-10,296.6772155761719,306.1230715472904,296.5983188157025,301.3804193716138,8597400
2025-10-13,303.6580505371094,305.1271791148808,301.17334440263704,301.321238204041,10788700
2025-10-14,297.85052490234375,302.70165257420854,290.0907186231138,301.5578902761218,16178800
2025-10-15,301.40997314453125,307.7499381556482,301.1634734465224,302.1001843350741,11354800
2025-10-16,294.360107421875,304.3581201926382,292.9106878973514,301.0747572360179,10549400
2025-10-17,293.3938293457031,295.3559575215809,290.08088749555986,294.97143359875633,10153500
2025-10-20,298.1265869140625,299.43798218705626,293.9854099500461,294.32064593592156,6894900
2025-10-21,292.9303894042969,299.7929328501146,292.8416531202475,297.436411288458,7372700
2025-10-22,289.9920959472656,293.8868032880077,286.4721030595595,293.6008552074487,8054100
2025-10-23,290.4161071777344,292.2204718178062,288.4145307332595,290.25834375227123,5438800
2025-10-24,296.2334899902344,298.36325106738366,291.31336547241364,291.93451945757295,7228300
2025-10-27,299.89154052734375,300.2662249001909,296.7955198233114,297.92941246883,5642200
2025-10-28,301.0845947265625,303.6580673748709,298.915415308335,300.59159530101573,6336000
2025-10-29,301.2325134277344,303.93414060421026,298.7675163425421,299.2605157595805,7520300
2025-10-30,305.10748291015625,308.2330823767899,300.82825156305904,301.50859316866377,7514600
2025-10-31,306.7639465332031,308.4894444595929,302.9481359332913,304.22008283002725,7721300
2025-11-03,305.0187683105469,307.9471862719047,301.9227172950412,306.6456604912348,7770000
2025-11-04,304.920166015625,307.84858401169095,300.82827651560933,302.415720333495,7085200
2025-11-05,307.3161315917969,308.7162632770978,301.35085025066564,305.27510663609064,6865200
2025-11-06,309.0317687988281,310.4318702971036,305.9160088624015,306.6357687557767,7206100
2025-11-07,309.8106994628906,310.0276204199649,303.3327096940284,307.5232049313688,7302300
2025-11-10,312.45318603515625,315.08578608051664,309.8106862822301,310.5896337890794,5794100
2025-11-11,311.200927734375,314.58289630207906,310.86569176259013,313.0546102409576,5030200
2025-11-12,315.92388916015625,317.7381233989844,311.782682032414,311.83200002815875,10578300
2025-11-13,305.14697265625,316.14085517487956,304.77228823247975,314.7604626322791,8973300
2025-11-14,299.35906982421875,303.3326737235763,297.012418045434,303.20448907001065,10327000
2025-11-17,296.1644592285156,301.31137424610444,293.5022804823602,299.74363974118836,8344000
2025-11-18,295.2179260253906,298.70837045931603,292.8613742767781,295.3066623130797,8077300
2025-11-19,299.0238342285156,300.18733563828084,295.0798391737984,295.54325979633944,5546600
2025-11-20,294.20233154296875,305.5807663052954,293.9854105998292,302.05087369332443,7501600
2025-11-21,293.84735107421875,297.456110287291,288.71030575970536,297.0715864028587,11766800
2025-11-24,293.8276672363281,295.6221924256846,290.386540762355,294.0642973394352,10940200
2025-11-25,298.7576599121094,300.236658228506,291.42182585555855,295.848951187077,8877200
2025-11-26,303.33270263671875,304.21022597199055,298.95486530692773,300.7296512123902,7910900
2025-11-28,308.6965026855469,309.3275563846455,303.9242719247256,304.7722465716023,4322400
2025-12-01,304.5947570800781,309.6430660312097,304.2200727283419,308.5683309692949,7727300
2025-12-02,303.5693359375,306.1329390093465,302.7903884074122,304.4172805196406,7249000
2025-12-03,307.75982666015625,307.98658713845214,302.50443592551073,302.89885953876745,8535300
2025-12-04,311.67425537109375,314.0307770729326,308.61765279183703,308.8740221323167,9627800
2025-12-05,310.62908935546875,314.02092784192007,310.2741141188276,311.22069468967254,6518900
2025-12-08,310.79669189453125,312.0390600856641,308.96274846028484,310.64879808375287,7417200
2025-12-09,296.30255126953125,314.336450228146,295.8193913272319,310.5403783790639,18049200
2025-12-10,305.76806640625,306.8329619363725,294.2811866679717,296.292632599085,18874100
2025-12-11,312.9363098144531,313.5476242674454,304.9102649889192,304.9102649889192,9721900
2025-12-12,314.06036376953125,315.7858618718594,312.16726270211575,315.2041261224818,8982900
2025-12-15,315.53936767578125,318.35934027084556,313.9322146909975,315.11539535630396,10864100
2025-12-16,311.1319580078125,315.0463750601788,309.99806522837446,314.62240273148194,8331300
2025-12-17,310.5699157714844,314.8984348971578,310.254388930852,313.97159360923496,8718700
2025-12-18,308.61767578125,313.2518829489097,307.8485977928193,311.575672673722,11444900
2025-12-19,312.7686767578125,314.099781180705,308.8049723403709,309.39657764946713,24494400
2025-12-22,318.56634521484375,318.7043994886834,313.0644852104395,313.0644852104395,8354600
2025-12-23,321.3666076660156,323.1907116116738,318.56637445826755,319.07908304324746,6668300
2025-12-24,324.5612487792969,325.36974495293686,320.9426198260136,321.6722493328215,4289300
2025-12-26,323.3188781738281,326.2275566521161,321.96806459862194,324.502058709128,4158300
2025-12-29,319.2171325683594,323.1808371734579,319.0002116144308,322.4216288798564,8635300
2025-12-30,318.89178466796875,320.39049219725354,317.97478280166575,320.2623075229155,7904300
2025-12-31,317.70855712890625,320.3313177342217,317.5310845539587,319.79886991908165,5048500
2026-01-02,320.92291259765625,321.1694123071354,316.2492576445291,317.9846252281575,8054000
2026-01-05,329.36309814453125,332.52814635317964,320.63700140675104,320.94265867445506,10752600
2026-01-06,331.41326904296875,332.6612412306879,327.49110960074296,329.44229029813283,7660800
2026-01-07,323.8660583496094,328.9767653957764,321.49890717343806,327.9764350864437,9815200
2026-01-08,326.63934326171875,328.2339475379842,322.53888044956136,323.27183137637843,11737100
2026-01-09,326.0450744628906,328.7291759216584,325.0348299492433,326.1936353875406,6738100
2026-01-12,321.3899841308594,322.90536610933975,318.16114900395775,318.8049332018166,12805100
2026-01-13,307.9298095703125,323.73732718365267,307.6029755260753,321.20178657189985,19371200
2026-01-14,304.9287414550781,308.78159262538577,303.19546018048277,305.2556057077196,25951500
2026-01-15,306.30548095703125,309.95031666446005,304.8098971346673,305.5230197927318,14751400
2026-01-16,309.48480224609375,314.17950872864606,307.0383983149945,307.38506061636195,14652500
2026-01-20,299.8477478027344,308.1774060521912,298.9761500928895,303.2845981841295,12900600
2026-01-21,299.15447998046875,302.4823658305288,298.2729680555718,300.53118494697816,10270100
2026-01-22,300.729248046875,305.2555953909441,300.0062112868251,301.9474777854751,10535800
2026-01-23,294.875732421875,299.4813025896872,293.67730062328087,299.11484222180513,11107900
2026-01-26,298.1640319824219,298.8969527426069,294.60833256531976,294.96487880777863,11752700
2026-01-27,297.44097900390625,299.08512378237486,295.3016109870806,298.45122352878457,11527400
2026-01-28,297.89654541015625,299.03558292254246,295.2025300603667,297.4013222225187,9556700
2026-01-29,303.49261474609375,303.898671192008,299.3327275624257,299.51100066931883,11580000
2026-01-30,302.9676818847656,304.98817089860455,299.66947824936375,302.333781642444,11953200
2026-02-02,305.1961669921875,306.3450582127215,298.49082554616626,301.55130128288636,9839400
2026-02-03,311.8420715332031,313.22869052113475,306.14700443281885,306.77099053389486,12688000
2026-02-04,314.23895263671875,316.25947197584406,311.40629013300924,311.40629013300924,9848800
2026-02-05,307.1968688964844,312.9909865673853,302.6210112179966,311.99062599899656,9388000
2026-02-06,319.3199462890625,321.15227836348157,311.7034102684662,311.7034102684662,17797400
2026-02-09,319.0228271484375,323.2817350541263,317.05181803840316,318.27007812796035,11477500
2026-02-10,315.2392883300781,323.01429884581904,312.1094739861534,319.4684837021083,9902200
2026-02-11,307.8505554199219,322.1724018130651,305.78052608370194,320.1518827061323,8703500
2026-02-12,299.7487487792969,310.6238322045743,297.1537535117247,309.2966374972976,13443400
2026-02-13,299.6595764160156,301.3829738793206,293.6871852314235,295.66807823097014,9114500
2026-02-17,304.1958312988281,305.29521237973853,299.6100592744303,299.8675850307636,8896800
2026-02-18,305.8300476074219,309.2966101142475,304.2849535938903,305.51309749540866,7209600
2026-02-19,305.10699462890625,306.2262038721237,302.2049939958365,304.2354272061944,6737700
2026-02-20,307.82086181640625,308.0288471084009,302.75966472033866,305.4536802835111,7792700
2026-02-23,294.8262023925781,308.02884001734253,292.2807478108573,305.84984577889935,12955400
2026-02-24,294.459716796875,296.886322684036,288.5962907533433,293.98432184665864,13554100
2026-02-25,300.40240478515625,300.75898123488724,294.1725181992404,295.7869507950724,8095500
2026-02-26,303.20538330078125,306.05787397622345,300.73918125790124,301.67017313360896,7007800
2026-02-27,297.4310607910156,300.0557680991628,291.636973162459,297.13393894248406,18620800
2026-03-02,294.7172546386719,297.11414843979566,290.4088063693875,291.9935267958635,8508900
2026-03-03,297.3914489746094,299.5011046657454,286.73423592223537,289.4975898716125,10278200
2026-03-04,296.52978515625,298.12438947518206,292.99388398032096,297.12402886142485,8055700
2026-03-05,290.74554443359375,298.3620800816865,289.63624924146006,295.1332451958745,12732500
2026-03-06,286.7144470214844,287.21955415339994,280.99955170429564,283.6044306839189,13496500
2026-03-09,287.1502685546875,288.31898819476027,277.77073879547015,282.7724816341387,12241100
2026-03-10,285.97161865234375,289.9532025593205,284.43640849634494,286.52626625452876,8344900
2026-03-11,284.77313232421875,287.70487537204474,282.13854132603683,286.05081661783123,10205000
2026-03-12,280.1874084472656,281.167940752382,276.4336079693154,280.1279538528093,13760500
2026-03-13,280.7321472167969,284.4463214441296,280.2468381234208,281.9504072447318,9091200
2026-03-16,283.4261474609375,286.506421278288,281.89093739443587,283.6044205599556,8149000
2026-03-17,284.1492004394531,288.97266988082987,283.2181783456238,286.23902796907333,8961200
2026-03-18,284.9910583496094,286.6451172582804,282.3960934275981,284.08974843243266,10057000
2026-03-19,285.2188415527344,286.7441374214082,281.9008401776293,284.1392586396808,9846700
2026-03-20,283.8223571777344,287.9327042603992,282.54467268192724,285.32782503235495,22436500
2026-03-23,287.14031982421875,292.9245231806114,285.2188513876401,291.4982779446762,11470800
2026-03-24,289.6065368652344,292.6571288676103,282.64369950840546,283.4360748065673,11092300
2026-03-25,292.59771728515625,294.7965097163498,289.6461758443202,291.3398308899875,12188200
2026-03-26,288.8736267089844,292.1718002190451,287.95251872814185,289.78482055260446,8669200
2026-03-27,280.13787841796875,287.3384134369941,279.05829538327214,286.3777093696089,9873300
2026-03-30,281.0589904785156,284.50575515603197,279.6327451103039,282.01972478590784,11734400
2026-03-31,291.3497314453125,292.25104134220237,282.22772810140145,285.71408872506316,12956900
2026-04-01,292.5580749511719,295.8661624411999,290.1116710297465,292.567989087923,11267200
2026-04-02,291.7855224609375,292.7957669317203,285.9616926535428,289.1212191631598,6669300
2026-04-06,294.125,295.4987855589938,291.88509063240025,292.7412191857173,7142600
2026-04-07,296.0662536621094,296.8427544058445,291.38734983011653,291.8253790066561,7849100
2026-04-08,306.5888366699219,309.8640903908154,303.96066179364243,306.5888366699219,10590200
2026-04-09,308.938232421875,309.8640846884941,304.73715687535,305.5734164156603,6586600
2026-04-10,308.4803161621094,308.9581744354404,305.344449093958,308.6097380099313,6069700
2026-04-13,312.2732238769531,312.33295236293975,304.0900871089203,306.0910825316173,8318200
2026-04-14,309.7247009277344,312.91036189245165,307.4847916064935,308.4305432499699,11455500
2026-04-15,304.5579833984375,312.8307129741003,302.8954898881459,312.54203541599225,9885800
2026-04-16,308.5599670410156,308.5599670410156,303.8312695552229,303.98059076810495,8208600
2026-04-17,308.8984375,313.4877482505245,308.69932229637936,311.068653468178,11082400
2026-04-20,315.5683898925781,315.70777661938337,308.9780833700189,309.45594165814435,10772000
2026-04-21,311.5962829589844,318.8038038717339,311.3474041387296,316.0661368489313,7084300
2026-04-22,311.6161804199219,313.73663281642627,310.5410372905177,313.43799038623484,5545900
2026-04-23,310.29217529296875,313.57736372602733,307.5047445243564,312.11395497732667,6969700
2026-04-24,306.8974609375,309.7545850384977,306.5092257615542,309.7545850384977,5215300
2026-04-27,310.232421875,311.1781431330245,305.50372444273444,305.50372444273444,7925300
2026-04-28,310.0532531738281,314.03531438457196,309.7745101043047,313.78643555890045,7398600
2026-04-29,307.86309814453125,310.65052875636707,305.91189671624613,309.1771855961317,8031800
2026-04-30,311.82525634765625,312.6913497643884,305.1951210592971,305.6928786901284,8865400
2026-05-01,311.06866455078125,314.6624601726697,310.43152018106696,312.54203812020876,6135400
2026-05-04,306.270263671875,309.2568094519629,305.13539207341324,309.22694520939064,7338200
2026-05-05,308.0124206542969,309.5753869306937,305.42407485773,306.32999740556414,6316800
2026-05-06,313.4877624511719,314.84167905955115,309.95369528217543,310.0532528884956,8629500
2026-05-07,304.8964538574219,314.8814709002291,304.76706239082745,313.23887676443206,8359600
2026-05-08,300.74517822265625,307.60426284206056,299.1523476664256,306.86759124184925,9464300
2026-05-11,298.6545715332031,301.83026757429667,297.5395993270601,300.74515961007836,9512000
2026-05-12,303.5126953125,304.6873960201211,294.2245209852311,298.67447538308426,9498200
2026-05-13,298.9034729003906,301.6411400127173,298.72428743531935,300.91440289675086,7709500
2026-05-14,298.56500244140625,302.38777761395096,297.4699295162906,300.8945046380796,7364300
2026-05-15,296.4743957519531,299.44104214981957,295.1205095874812,298.86362628854243,8699300
2026-05-18,299.3813171386719,299.908939014877,295.8870488301784,296.6635495230975,7546300
2026-05-19,294.3738708496094,300.436555061437,293.935841710235,299.7396822358739,8066900
2026-05-20,300.625732421875,301.57145376364997,292.35300240137923,295.3694126574367,9327000
2026-05-21,301.6411437988281,302.6167597554335,298.8636475324957,299.8790926087445,7874400
2026-05-22,305.0059814453125,306.07119010408854,302.4773640852478,303.31359328873907,5973900
2026-05-26,305.3643493652344,308.54004556072954,304.0701916446211,307.1065011172144,7725400
2026-05-27,297.93780517578125,304.52811132231307,294.42363753054383,303.63215366632585,11779200
2026-05-28,295.3992614746094,299.7197941661088,294.4236455581874,296.23549066837876,9757700
2026-05-29,297.9676818847656,298.53513289689414,293.87612858626386,295.070728717322,13969000
2026-06-01,295.2499084472656,298.20659004481905,293.94578586060317,296.3549462063085,7930000
2026-06-02,299.6102600097656,300.7152977310929,293.9457758280521,295.17027051801705,8296200
2026-06-03,299.50079345703125,300.60580089187994,295.23002417973413,298.5749714904202,7003900
2026-06-04,309.4957580566406,311.5066879726736,303.0746723882986,304.36883009196185,10345200
2026-06-05,310.9691162109375,313.58732636819616,308.211549706599,312.8805189963161,9118800
2026-06-08,309.7147521972656,314.88147906470095,309.3862455138746,311.84516953437026,6827000
2026-06-09,311.2976379394531,315.0009559692908,307.62418415256917,312.1040028799189,11594600
2026-06-10,307.75360107421875,313.3384270822022,307.64407859799763,311.1582462393224,7446200
2026-06-11,312.0840759277344,313.30857066124145,307.4947650619962,308.1717081621576,9116600
2026-06-12,319.28167724609375,319.85906276888113,314.1348496322589,314.5529794375797,7426200
2026-06-15,317.96759033203125,324.4583697274161,317.41010417767774,322.4673390673774,7988900
2026-06-16,329.6549377441406,330.26218746993305,322.56684357389287,322.8455866314347,11094900
2026-06-17,331.9645080566406,336.25517637046335,330.01330666560995,330.69024974688585,12246400
2026-06-18,323.761474609375,336.57375116590936,322.70623086248213,335.4388795655989,20111000
2026-06-22,329.993408203125,331.2776010100568,325.28461010223134,328.22139226156105,10182500
2026-06-23,332.6414794921875,333.86594380335947,325.7425357353925,327.9924099173137,7582200
2026-06-24,331.95458984375,333.02973300317086,328.291070440402,331.57628916780243,7907400
2026-06-25,333.6170654296875,341.90972446819404,333.2586945227413,333.4577793441399,10043100
2026-06-26,327.57427978515625,334.8913229247855,326.03124330500606,334.49312290223526,17640900
2026-06-29,327.91278076171875,330.8993264933345,325.73259994718205,326.80774304304947,7981800
2026-06-30,325.86199951171875,328.95806779511634,325.2149206632551,327.41503128103255,8080100
2026-07-01,332.5718078613281,334.13477419390347,323.5524415571975,326.89735842569155,15210200
2026-07-02,332.9700012207031,338.4751995750331,330.2820977776739,336.5040683580973,8413900
2026-07-06,337.7200012207031,339.7200012207031,334.1099853515625,335.0,8673500
2026-07-07,339.2200012207031,341.3999938964844,337.0899963378906,340.9800109863281,7115800
2026-07-08,330.6199951171875,336.5299987792969,330.1300048828125,336.5299987792969,18505200
2026-07-09,335.4700012207031,337.0,330.80999755859375,331.4599914550781,15570600
2026-07-10,336.4700012207031,338.5899963378906,335.7699890136719,337.4700012207031,6299000
2026-07-13,334.5299987792969,338.3500061035156,332.5,338.3399963378906,7120300
2026-07-14,342.8900146484375,344.7300109863281,325.75,327.0,14537900
2026-07-15,346.9100036621094,351.239990234375,344.04998779296875,345.8500061035156,10750000
2026-07-16,343.1499938964844,349.3399963378906,341.1099853515625,349.2799987792969,12432400
2026-07-17,341.1000061035156,346.1300048828125,335.04998779296875,339.0299987792969,9250900
2026-07-20,338.8699951171875,344.260009765625,337.3699951171875,341.79998779296875,7723300
2026-07-21,345.2300109863281,345.739990234375,337.29998779296875,340.1199951171875,6015300
2026-07-22,348.2099914550781,349.07000732421875,344.25,345.07000732421875,8040200
2026-07-23,349.8999938964844,349.9200134277344,345.4200134277344,346.5799865722656,10913000
2026-07-24,353.2099914550781,353.3699951171875,347.5,350.6400146484375,7520800
2026-07-27,356.20001220703125,359.04998779296875,352.5799865722656,357.8900146484375,7884900
2026-07-28,357.30999755859375,359.29998779296875,354.1499938964844,357.29998779296875,6533800
2026-07-29,344.7099914550781,357.3699951171875,343.7799987792969,356.5,8265300
2026-07-30,350.8500061035156,352.2799987792969,345.3699951171875,347.5400085449219,7606500
2026-07-31,351.7900085449219,354.4700012207031,349.70001220703125,353.29998779296875,6603400
2026-08-03,352.6400146484375,355.6199951171875,350.8399963378906,353.75,6436600
2026-08-04,357.5199890136719,363.0,353.8699951171875,355.0,8477200
2026-08-05,359.239990234375,362.1700134277344,358.20001220703125,358.9700012207031,5269500
2026-08-06,356.29998779296875,362.80999755859375,354.95001220703125,362.80999755859375,5820100
2026-08-07,357.5199890136719,358.8500061035156,353.3299865722656,355.760009765625,4566200
2026-08-10,359.7900085449219,359.989990234375,356.5,357.9599914550781,5327500
2026-08-11,362.0400085449219,363.1199951171875,358.6000061035156,360.04998779296875,4576500
2026-08-12,365.17999267578125,366.0899963378906,361.29998779296875,362.9700012207031,4366800
2026-08-13,363.1099853515625,366.5,361.5199890136719,366.5,5102700
2026-08-14,362.8399963378906,365.8999938964844,361.45001220703125,363.0,5058000
2026-08-17,361.20001220703125,365.75,360.9800109863281,361.94000244140625,3169371
