Date,Close,High,Low,Open,Volume
2021-08-18,137.28482055664062,139.42906213346512,137.07303812526223,137.92897360512268,8065500
2021-08-19,136.13763427734375,137.26711319275807,135.0169745771691,135.14934359246888,9517700
2021-08-20,136.52593994140625,136.6847666544991,135.1493879034477,136.1994538326342,6974100
2021-08-23,138.2730712890625,138.61720922433867,136.98476556806037,137.06417890748125,7934600
2021-08-24,139.1290283203125,139.9055503326464,138.42310044223206,138.53781759345077,7670900
2021-08-25,141.99685668945312,142.7557268411463,139.2437526342198,139.87025372820824,11335000
2021-08-26,142.72923278808594,144.56463968480463,142.1997835712516,143.1792551972781,11027500
2021-08-27,143.87635803222656,143.97342326928566,142.29684312594244,142.72922708456065,8780200
2021-08-30,141.57330322265625,144.26464578252833,141.07915772926103,144.0175730358307,7937600
2021-08-31,141.1409149169922,142.39393051292402,140.61147910341145,141.5732989428694,12340800
2021-09-01,140.93795776367188,141.8556545374964,140.27615293325061,141.37916098395274,8729900
2021-09-02,141.59097290039062,142.60573513284578,140.68208168979936,141.20271183127355,8813300
2021-09-03,140.7350311279297,141.9703949614903,140.43500265595986,141.5291916688678,7959700
2021-09-07,140.48793029785156,142.40275058960086,140.2673286956069,141.17620621969866,9285600
2021-09-08,139.86143493652344,140.81443560419146,139.45552200856193,140.20557294447673,7852700
2021-09-09,140.47027587890625,141.9174218250843,139.4908042439383,139.65846361294814,7904300
2021-09-10,138.85549926757812,141.820385900014,138.73196288557895,141.67919761645615,8311600
2021-09-13,141.06150817871094,141.22916757343177,139.482006417122,139.88790588012023,10052800
2021-09-14,138.599609375,142.367475815019,137.88484872788126,141.58213448951287,11685600
2021-09-15,139.56138610839844,140.02906037851577,138.0701172807047,138.29071885960727,11691500
2021-09-16,139.49960327148438,141.93505318133947,138.73191412917842,140.66438600479788,10880900
2021-09-17,139.13784790039062,140.31145013956012,138.53781795435447,138.87313672681844,25581600
2021-09-20,134.97288513183594,136.3847272540793,132.79334030701713,135.79351659818047,15819900
2021-09-21,134.99050903320312,136.3758933566516,134.63755190675133,135.47583518041282,8999900
2021-09-22,137.5759735107422,138.75839475605022,136.8612265410329,136.94945909495695,11236200
2021-09-23,142.2262725830078,142.693960413254,139.12903062880142,139.42022638825827,12336100
2021-09-24,143.86752319335938,144.3528493713746,141.90859351342442,142.45568113348585,10102400
2021-09-27,147.34422302246094,147.71483211012122,145.2529240762158,145.59706204793278,13220900
2021-09-28,146.55006408691406,149.3914139186296,146.1794549955321,147.97955822002362,13387900
2021-09-29,146.4353485107422,147.2736319500807,145.63235540524306,146.66478280628706,7777100
2021-09-30,144.4411163330078,147.35306035884318,143.64694243625956,147.2912854433882,13161200
2021-10-01,147.47657775878906,148.5089915737775,144.3616844167561,144.7146415713932,11285000
2021-10-04,147.31771850585938,150.3973211187617,146.24118182006316,147.33537040063734,14120000
2021-10-05,149.7234649658203,151.03729209525454,147.95689013320944,148.4362684606215,12292900
2021-10-06,150.04306030273438,150.11407982266005,147.36213099429037,149.1287059952723,8692600
2021-10-07,150.99285888671875,152.25342439767934,150.50460834306915,151.97823233096315,10195400
2021-10-08,151.1083221435547,152.1025683058946,150.2916180036915,150.93078012107802,8190100
2021-10-11,147.93031311035156,152.05822390960523,147.77052930704255,151.62324785909158,12154700
2021-10-12,146.79397583007812,147.97464984992072,146.2702221541923,147.14018749412315,13032600
2021-10-13,142.92347717285156,146.83834088548312,142.5683932068052,145.64879469908428,22753500
2021-10-14,145.1161651611328,145.59552990274406,142.0890247015042,143.5892796203178,15176800
2021-10-15,147.90367126464844,148.4007944536037,145.7109922703993,146.7851440894991,14267400
2021-10-18,147.85037231445312,149.67908081294712,147.28222973680852,147.7882251588793,12672900
2021-10-19,149.64358520507812,149.71459117839504,147.8770102294829,148.60493659348077,8053900
2021-10-20,151.65869140625,151.68532202969575,148.65819495147218,149.4038794991268,8185600
2021-10-21,150.4691619873047,152.09369792803645,149.74122207639823,151.58768893451537,8415200
2021-10-22,152.4931640625,152.76835622047847,150.64669728681417,150.93964771015538,8817900
2021-10-25,151.7475128173828,153.5407187367024,151.3391538978106,153.3187877804457,10159200
2021-10-26,152.15582275390625,153.12345179247123,151.39237990036722,151.8007387248317,8015100
2021-10-27,148.9866943359375,151.5344574331487,148.55170477604668,151.197131583494,9847000
2021-10-28,151.23255920410156,151.3657122960777,149.1020284589784,149.40385116451375,7212900
2021-10-29,150.8153839111328,152.9015400943602,150.37152204624095,151.96054156249457,8140100
2021-11-01,150.7354736328125,152.98141331145612,150.0341643863311,152.7239658757041,7435500
2021-11-02,151.33023071289062,152.4132544993455,149.95425653709114,150.73545757534345,7173800
2021-11-03,151.38351440429688,151.91615401764597,150.15845142094682,151.02843035912286,8402700
2021-11-04,149.39503479003906,151.09059052676537,147.79714276032698,150.91304847297408,9574200
2021-11-05,149.18199157714844,150.99294222102063,148.61384887067965,149.93654870143243,7975600
2021-11-08,150.07855224609375,151.72971871249374,149.7944877328828,150.06967988635157,6413700
2021-11-09,148.94229125976562,149.5548228210101,147.89478372561797,148.56057654512898,7990300
2021-11-10,148.8002471923828,149.98092137799472,148.3297546994323,148.6493357838505,6999200
2021-11-11,148.79136657714844,149.74122387123737,148.16107680416025,148.71147469687327,5815300
2021-11-12,148.12559509277344,148.9067963781285,147.11359049383185,148.82689094078785,8113400
2021-11-15,147.8592529296875,148.95114925561447,147.3621298396911,148.43628144496697,6492500
2021-11-16,146.79397583007812,148.31198915432927,146.58091728851684,148.30310324910553,9706100
2021-11-17,146.00390625,146.97152175403755,145.04516310583514,146.66082661144287,9909600
2021-11-18,144.74331665039062,146.34122162932857,144.30832726719532,145.93286286698344,8122500
2021-11-19,142.85250854492188,143.90890200666547,141.54755350930802,143.1898479147129,12193600
2021-11-22,145.89736938476562,147.34434954562852,144.69006482715585,145.72869974467815,14549900
2021-11-23,149.38613891601562,149.63470046131974,146.80285977133175,146.91826818364734,12354400
2021-11-24,148.21434020996094,150.41589097481364,147.75272013898643,149.54592562787454,9629800
2021-11-26,143.74913024902344,144.38829256567678,140.9883218157802,143.93555823537744,13619300
2021-11-29,143.12767028808594,146.27909173433054,141.8759903237604,144.97413697643654,12104400
2021-11-30,140.9971160888672,142.59502099551682,140.51773784407993,141.29006645055168,18922600
2021-12-01,140.16270446777344,144.93866264967122,140.0828125800053,142.9235259138965,12253400
2021-12-02,143.10992431640625,144.92087445985865,140.97050723729842,141.8848614412083,12969900
2021-12-03,140.5177459716797,143.6602947274543,139.54125825516905,143.36734434882544,12681800
2021-12-06,142.1777801513672,144.35269972875173,141.55637649291216,142.9323368989255,11186500
2021-12-07,144.31724548339844,145.0451718589263,143.06555184084783,143.7047139755295,9851600
2021-12-08,142.66607666015625,144.9386470831941,142.1866982938537,144.39713510383055,11705700
2021-12-09,142.44418334960938,142.86140112182352,140.83739170785046,141.72511561031556,11189600
2021-12-10,141.87599182128906,143.54490297320115,141.26346037186278,143.20757721722893,10405400
2021-12-13,140.1893310546875,141.84937010986525,139.6211884042916,141.59193618595006,12069000
2021-12-14,141.2634735107422,142.82586231088433,139.6389375511274,139.77209068487107,12563600
2021-12-15,140.20712280273438,141.90267879784327,139.68336892327952,141.90267879784327,14014200
2021-12-16,142.39974975585938,143.6514433164565,140.8817363989839,142.38199149061748,19542800
2021-12-17,139.1595916748047,141.4854374701664,137.75698630762074,141.43217620423144,28082000
2021-12-20,136.6561737060547,137.33083876838214,134.79194872025192,137.16216911640348,15148000
2021-12-21,138.5648193359375,139.53243512926292,137.6770954421142,137.96117359002164,11291300
2021-12-22,139.10630798339844,139.42588907307973,137.8102389026166,138.26297313566954,7273000
2021-12-23,139.60340881347656,141.2545752554857,139.5590334698338,139.91411749249906,8055200
2021-12-27,140.4023895263672,140.43789251579588,138.7867258227818,139.9052664008299,6188100
2021-12-28,140.8284912109375,142.16894915945403,140.33136809216552,140.43789060459122,6342300
2021-12-29,140.7574462890625,141.7073170054263,140.3934763764977,141.01489370842265,6398900
2021-12-30,140.6864471435547,142.2488495131852,140.58879699545278,141.24571740501003,6948200
2021-12-31,140.57102966308594,141.40547842240093,140.2248180201573,140.6597938907987,5805900
2022-01-03,143.5448760986328,144.37933829115383,141.60075961724544,141.91146823636186,13120900
2022-01-04,148.9866943359375,149.65248721881213,145.7908830799029,145.86190261288044,20195800
2022-01-05,146.26290893554688,150.35305666868305,146.2182539602125,149.87081836471359,17539400
2022-01-06,147.8167724609375,149.4688970905359,146.3432404311652,149.0581041320163,14047500
2022-01-07,149.2813720703125,149.61179428581275,147.40597253919904,147.9507304123867,13913300
2022-01-10,149.42425537109375,151.20140571744204,147.82569762411396,150.9870836967746,12922500
2022-01-11,149.5760955810547,150.49593074021448,148.5222955104893,150.26373034449165,11854100
2022-01-12,150.42445373535156,151.45144970525382,149.29920867510359,150.44231844512177,12568000
2022-01-13,150.23692321777344,151.6479356400798,149.9332912555357,150.33515869106003,13623400
2022-01-14,141.0028076171875,143.80696704190223,140.11868858094584,143.56584119078562,40158400
2022-01-18,135.0908966064453,139.11852392455683,134.4389640627138,139.11852392455683,32324800
2022-01-19,133.0011749267578,135.9482259220611,132.6618271194621,135.35882662442782,22380000
2022-01-20,131.86700439453125,134.50148394816767,131.5990882170737,133.05475566739287,14860800
2022-01-21,129.56295776367188,131.73305036392497,128.8395935635875,131.72412482042682,20705400
2022-01-24,129.4468536376953,129.92016633763484,124.64228141213015,127.0624254247593,28471400
2022-01-25,130.85784912109375,131.14362998848688,125.73176723317908,128.28587582168265,18915900
2022-01-26,132.09915161132812,134.46572790599552,130.34879187913316,132.8135899951292,20709100
2022-01-27,129.768310546875,134.2960532760623,128.7145244442906,133.43872445171925,17536800
2022-01-28,130.92930603027344,131.06325730708755,126.96418471517951,128.76813912804664,14117000
2022-01-31,132.70645141601562,132.87611846705255,129.1967785653274,130.06303303761217,13985700
2022-02-01,134.9837188720703,135.26949975485968,132.4385493152921,132.7868362494526,14584900
2022-02-02,133.9031524658203,134.79619735234516,132.2331628885896,134.40325542198886,12441100
2022-02-03,132.79574584960938,135.43022502268056,132.42959424753613,133.95670669969624,12474900
2022-02-04,136.24293518066406,137.0823996126492,132.8583008211923,133.1530072894499,16654400
2022-02-07,136.69837951660156,137.18954327472105,134.7158188915654,136.87698575835253,12572300
2022-02-08,139.27032470703125,141.52972681281014,138.24332870505225,138.42193492799018,20411400
2022-02-09,139.850830078125,140.59204531797832,139.154256179702,139.84189090841247,9131100
2022-02-10,139.27032470703125,142.0209041459754,138.61840586125626,139.9043924692594,16455600
2022-02-11,137.45748901367188,141.27079509704313,136.60909896280472,138.96673729060922,16830000
2022-02-14,136.18040466308594,137.24311651458467,134.2424991078371,136.394726691121,17026500
2022-02-15,138.17189025878906,139.26140598689534,137.39494565622124,137.98434485810958,9500000
2022-02-16,138.42196655273438,139.4043214434998,137.29673482704487,137.29673482704487,9076500
2022-02-17,135.2337646484375,137.28777037013128,134.55505552050664,136.63585149548837,11367500
2022-02-18,135.86781311035156,137.65390241829718,134.96584291547984,135.85888756945263,11733300
2022-02-22,135.626708984375,136.8501896226984,134.32287121151697,134.49255190326284,11333500
2022-02-23,132.786865234375,136.9038032915814,132.14387173452778,136.74304810322687,11799000
2022-02-24,129.08963012695312,129.4825720239917,124.829802563923,127.65182743648874,25655100
2022-02-25,132.1438446044922,134.07282470800104,129.41112960457934,129.71476157639572,18367700
2022-02-28,126.63375854492188,129.54507976037877,125.81215894350672,128.1965869841619,31315300
2022-03-01,121.85598754882812,125.4549578093996,119.29295275889072,125.06201582903597,36840400
2022-03-02,124.38325500488281,125.06196401819835,121.99882747744763,122.60609128513316,19405600
2022-03-03,123.49917602539062,125.90146904114475,122.40073458898442,124.88339837713274,16640800
2022-03-04,120.02521514892578,120.93612465647561,118.23912555666925,120.50746696983305,21016000
2022-03-07,115.39033508300781,118.4981274537443,115.15813469277981,118.03374030007176,27560100
2022-03-08,114.57765197753906,117.69436964681233,113.65781009895336,115.7743287538605,19207800
2022-03-09,119.16790008544922,120.7753834480156,118.27485528699926,118.6856482632882,17536200
2022-03-10,117.75688171386719,119.17681960117045,116.38159878958473,117.75688171386719,15604200
2022-03-11,115.10454559326172,119.73945036069834,114.6848134403135,118.31951237610286,20061800
2022-03-14,116.2476577758789,118.70353135182195,115.40819335508925,115.61360350181646,15786900
2022-03-15,118.31057739257812,119.26614191873468,117.10497502644601,117.70331343810263,15096600
2022-03-16,123.5973892211914,123.67777360587253,120.05200043706434,120.44494231139302,20354900
2022-03-17,125.16023254394531,125.19596196959098,121.38265657551736,122.22212093000873,17050500
2022-03-18,125.11558532714844,125.78536894533065,123.65099236046133,125.19595609090248,23656500
2022-03-21,124.71371459960938,125.7049949818154,123.89211492836945,125.33885692986003,12676100
2022-03-22,127.36605834960938,128.53594497980174,126.56232339617782,127.0535008129565,13548600
2022-03-23,124.82980346679688,126.44621240575664,124.31183583757078,125.90145452215526,12093200
2022-03-24,125.64248657226562,125.66035128539696,124.23147402412725,125.29419961351387,10017600
2022-03-25,126.74089813232422,127.86612951266908,125.74069246090657,125.99966941983426,8383500
2022-03-28,125.80323028564453,125.89254022606215,123.15088585128902,125.02628558578935,10818100
2022-03-29,126.08007049560547,128.24125111182605,125.24061974905737,128.0179898902712,11316500
2022-03-30,125.50850677490234,126.91951915565257,124.94589783245077,126.72304821486571,8771000
2022-03-31,121.7398910522461,125.33886101976842,121.68629691009977,124.87447384198948,17353900
2022-04-01,120.83787536621094,122.71327467434422,119.48938278389681,122.70433550626453,15721300
2022-04-04,121.37372589111328,122.29356097416841,118.6767266940052,119.77516801737328,17416400
2022-04-05,119.96125030517578,121.81455681141192,119.66435939964433,120.61801521489215,12110300
2022-04-06,118.296875,119.25950875410467,117.82005397387346,118.37784150003151,12914700
2022-04-07,117.9369888305664,118.6837118408115,115.81378055076945,117.81103637870505,12994200
2022-04-08,120.09619140625,120.46504333323581,118.29686282037471,118.45879580376541,13126900
2022-04-11,119.65535736083984,121.36471411773648,119.26850828352293,119.65535736083984,10466400
2022-04-12,118.34185791015625,121.07684557650222,117.58614305279367,118.88166208129542,12989900
2022-04-13,114.52729034423828,116.28163332387601,113.36672234851824,114.20341058432129,30838000
2022-04-14,113.46566772460938,115.42693623777015,112.47603147089522,113.80753769886891,18835200
2022-04-18,115.5708999633789,116.2726371281174,112.9438745829109,113.06082848906898,11834400
2022-04-19,117.96400451660156,118.14394839833008,115.36397466799782,115.56190195566656,15015400
2022-04-20,118.37785339355469,120.1141992428093,118.16192897732081,119.2235401973993,13430200
2022-04-21,117.4601821899414,119.48442709549727,116.92039178513346,118.95362839270985,12174200
2022-04-22,114.08643341064453,117.42419417133756,113.97847808212015,117.20826978650032,14318800
2022-04-25,114.05045318603516,114.36534121775318,110.75768504496217,113.36671318273149,17149000
2022-04-26,110.67671966552734,113.72658852220916,110.54177548664798,112.13417857248098,17209500
2022-04-27,109.23725891113281,111.16254033859113,109.05732876168437,110.05595687808226,17215200
2022-04-28,110.96461486816406,111.24351552742803,108.98535573632448,110.48779378683241,13015600
2022-04-29,107.38394165039062,111.2075152904747,106.970096856543,110.70370543081577,14874800
2022-05-02,108.36457061767578,108.59848527575916,106.35832291641712,107.85176220134701,18545000
2022-05-03,110.68572235107422,111.71133933209506,108.66147722581275,109.3362256008999,15720900
2022-05-04,114.34735107421875,114.6172531567878,110.42481349388046,110.47879802873133,17128500
2022-05-05,111.48641204833984,113.44768073684472,109.90300762862368,112.68296736106554,15055400
2022-05-06,111.30648040771484,111.81928883996807,109.02133201335472,111.3784552068824,14417900
2022-05-09,109.63311767578125,110.95562560295745,108.40957339376078,109.8580338031542,14312300
2022-05-10,106.96109008789062,111.36044804845142,105.76453489907055,110.75767460345868,16382400
2022-05-11,106.28634643554688,110.55975212521275,106.10641630996078,107.32996038285035,14630300
2022-05-12,106.1963882446289,106.44829318230772,103.79428590675552,105.26073643046848,16318800
2022-05-13,107.14102935791016,108.18464334933826,106.12441106396625,107.42892855325138,10443200
2022-05-16,106.3943099975586,107.47390449274835,105.46765679747341,106.64621492217657,10269000
2022-05-17,109.92100524902344,110.63174100418398,108.68846245378626,108.89538830205638,11160200
2022-05-18,108.04068756103516,109.73206091727765,107.53687772584509,109.1292874553332,12664900
2022-05-19,106.43930053710938,107.64485448806897,105.82752842704669,106.33134519432458,12765800
2022-05-20,105.56661987304688,107.66283962146207,103.47939869073286,107.47391091670589,13150100
2022-05-23,112.09818267822266,113.87052264145763,108.36457405173863,108.37357261761396,24376700
2022-05-24,113.68159484863281,114.69821315602941,110.7576855302295,111.88226603730769,19324900
2022-05-25,114.47330474853516,115.03109918853824,112.61099957820115,113.60962768471744,12780400
2022-05-26,116.45256042480469,117.1273087149103,115.34597707281246,115.48991294158193,15990900
2022-05-27,118.09893798828125,118.09893798828125,116.18264861231768,117.10031005362546,11177800
2022-05-31,118.96261596679688,119.79030554101354,116.69547163525124,117.11830126017365,17015000
2022-06-01,116.8753890991211,119.53838766189638,115.75980045765246,119.53838766189638,10768000
2022-06-02,118.75572967529297,118.76472137947515,115.75984484751297,116.86642848479626,8374800
2022-06-03,117.10033416748047,118.54879455606064,116.94739285039942,118.04498463443115,8596000
2022-06-06,116.71343994140625,119.10655015404784,116.47054047659618,117.93698387715038,11323500
2022-06-07,117.01936340332031,117.24427951928476,115.71483894849432,115.90377452613217,6722200
2022-06-08,115.15705108642578,116.46156181020615,114.16742155143083,116.05671554803848,8422100
2022-06-09,112.73695373535156,115.24702532084513,112.70096633250233,114.59026723066327,13560100
2022-06-10,107.55489349365234,111.01860043856597,107.34796763897491,110.28986752765447,12945200
2022-06-13,104.3520736694336,106.11541510077954,103.5153854881623,105.13478418220184,16805600
2022-06-14,102.61572265625,105.54863061899442,101.86000782996334,103.95622759852188,13357900
2022-06-15,103.83026885986328,105.21574595775589,101.81501571695783,104.01919755503046,14083500
2022-06-16,102.04893493652344,102.79565804880956,100.64546064462745,102.43579090978898,16724900
2022-06-17,101.68907928466797,103.1285411394623,100.90637554756806,102.14791011034775,30919900
2022-06-21,104.20811462402344,105.28770900850158,103.49737902308273,104.24410201869186,11680500
2022-06-22,103.62335205078125,104.54100677343308,102.91261630869728,103.35344996911567,9842700
2022-06-23,102.48976135253906,103.62334035817103,100.29458500067808,103.47039906563577,11851500
2022-06-24,105.54862976074219,105.99846197193934,101.50913842608239,101.86900556781907,14841100
2022-06-27,104.70292663574219,106.61021738399344,104.03717698915855,106.21436290359,11280500
2022-06-28,104.19912719726562,107.32096366353588,104.0011999373796,105.86350491119775,11590900
2022-06-29,103.7313003540039,105.09878712022906,103.2184919586827,104.36106264162848,9338400
2022-06-30,101.31118774414062,102.63369523768095,99.79975158922215,101.8149975078157,15172600
2022-07-01,102.6067123413086,102.93958372702629,100.00668316019895,101.34718099541236,10573600
2022-07-05,102.21646118164062,102.2981438930075,99.20315438309007,100.53735380769287,12514200
2022-07-06,101.55388641357422,102.55226983215822,100.55550299499022,101.40867040658897,10656200
2022-07-07,104.1224594116211,104.28583174661338,102.92439792988112,103.01515879940784,10347400
2022-07-08,103.79570770263672,104.96654153657856,103.11499084043402,104.52180845883026,8807800
2022-07-11,102.43426513671875,103.67771032387522,101.85338735174581,103.06052681176529,7939500
2022-07-12,102.53412628173828,104.53997139779834,101.88971506636604,102.18015402152832,11250900
2022-07-13,101.5720443725586,102.08938895660343,100.18337603417554,101.42682143863202,12979900
2022-07-14,98.02322387695312,98.23198008574157,96.26243412106608,98.01414571362936,26204800
2022-07-15,102.51596069335938,103.36004991253749,97.72371490368113,99.07607744194745,18863900
2022-07-18,101.46312713623047,105.13899436116151,101.00931585478635,104.1678384958555,13977900
2022-07-19,103.97721862792969,104.32211956736683,102.26181286734892,102.67931833517505,11862300
2022-07-20,103.9590835571289,104.140605290037,102.99700590841762,103.55972743519882,11667500
2022-07-21,104.66703033447266,104.85763023564225,102.89716916317614,103.86832499748431,11595900
2022-07-22,104.15877532958984,105.51113111422731,103.16946305855971,104.59443031576312,7645500
2022-07-25,104.57627868652344,105.70172878892247,104.16784435548219,105.13900027541744,9394000
2022-07-26,102.94255065917969,104.90301874241396,102.58857840936416,103.99539616860788,10675100
2022-07-27,104.59442901611328,105.04824032709473,102.83364583824078,103.47805706888111,9337400
2022-07-28,104.20413970947266,105.26606332469507,103.04238398730452,104.60349583569682,10384800
2022-07-29,104.70333862304688,105.73802778300616,104.18599404306724,104.91208793316274,12944500
2022-08-01,103.65956115722656,104.47642276270157,102.62487209849485,103.92277250369129,14740400
2022-08-02,102.04400634765625,103.83202392770305,101.89878341189517,103.3963620450305,14942900
2022-08-03,103.114990234375,103.55972330950938,101.39050614200849,102.96976731414584,14394500
2022-08-04,101.98047637939453,102.85179324862285,100.76425848875998,102.42520951663785,18033900
2022-08-05,105.06639099121094,105.45666897459219,101.69911207627526,102.1347670335409,14174600
2022-08-08,103.78662872314453,105.91954015635945,103.63233456416441,105.51111281209211,10332500
2022-08-09,104.72146606445312,105.2751162615139,103.80477246078976,104.14966646690586,10233800
2022-08-10,107.45343780517578,108.3429109896172,106.64565425457806,107.06315981474907,12847300
2022-08-11,109.04178619384766,110.00386400088433,108.28845772154732,108.82395869358888,11684900
2022-08-12,110.84793090820312,110.9568480985828,108.40643114752942,109.52280291932867,9906700
2022-08-15,111.14745330810547,111.38343710291792,109.45927486177466,109.94939185502653,8456200
2022-08-16,112.2093734741211,112.76302378413506,110.61196277026787,110.99316257973668,9555000
2022-08-17,111.26543426513672,111.7827857159737,110.44857958922745,111.00222984487874,8149300
2022-08-18,110.40320587158203,111.15653424619167,109.41390062088134,110.9477780139152,9531800
2022-08-19,107.6712646484375,109.81325450067376,107.1993039515802,109.47743857634038,13464500
2022-08-22,105.89231872558594,106.33705875021747,104.8304020292738,105.96493018976378,8967600
2022-08-23,104.84854125976562,106.45503685692613,104.72147467208859,105.91046477765177,7607000
2022-08-24,105.1026840209961,105.65633427758321,103.87738815584142,104.63979462581788,9771300
2022-08-25,107.59864044189453,107.77108399260915,104.99376160893569,105.42942341647736,10758900
2022-08-26,104.07706451416016,108.90561566350064,104.01353121974553,108.42457687370283,11276200
2022-08-29,103.82294464111328,104.24952835453824,102.97885537880298,103.46897239478419,8117300
2022-08-30,103.84109497070312,104.90301164833747,102.88808856280961,104.37658892922275,10745400
2022-08-31,103.22390747070312,104.40381253734783,102.86992833363875,103.90462432920928,10738300
2022-09-01,103.93185424804688,104.0407645161226,101.57203713673447,102.82455369187618,9979800
2022-09-02,103.20576477050781,106.60027134757371,102.7338040664549,105.16623290567586,10666600
2022-09-06,103.23300170898438,104.14970255489472,101.71727349492883,103.76850269111036,9751900
2022-09-07,105.19345092773438,105.38405082502955,102.34351678313175,102.67933268210457,10647900
2022-09-08,107.64403533935547,107.81648584340637,104.04077263111942,104.63072868611559,11435000
2022-09-09,108.16136932373047,108.96008153820604,107.70755808354569,108.13414175725697,9299700
2022-09-12,109.44112396240234,110.32151890539954,108.72410134825628,109.4774296937704,8614600
2022-09-13,105.63819122314453,107.93447523588812,105.08454089699559,107.16299743006753,12904600
2022-09-14,105.39313507080078,106.95424007081796,104.26767810095566,105.91955089744567,9345700
2022-09-15,106.9814682006836,108.35197321088188,105.06638414248548,105.39312880144128,10821400
2022-09-16,106.26445007324219,106.55488901296111,104.71241633993696,106.54581084854817,14844100
2022-09-19,107.24468231201172,107.76202688119582,104.83948120367455,105.28421430798113,8201300
2022-09-20,105.1299057006836,106.81808394188472,104.04983281394483,106.5639507743249,9619000
2022-09-21,102.09845733642578,105.82878652068666,102.03492403576533,105.77433138429497,12606300
2022-09-22,100.93669128417969,103.10590837390453,100.80962469584004,102.90623032805375,11684500
2022-09-23,99.05791473388672,100.14705891608078,97.26082614080553,99.88385449632825,18138600
2022-09-26,96.92501831054688,99.48451376623828,96.26245076554312,98.02324082588356,15753600
2022-09-27,96.07183837890625,98.17752226112906,94.98269416984998,97.79632248042036,12793600
2022-09-28,98.01416015625,98.68580584898338,95.88124848511528,96.16260926812394,12762600
2022-09-29,96.35321044921875,97.36974324411146,94.75579286845979,97.07022614935472,12713900
2022-09-30,94.84656524658203,97.67835035733043,94.7558043681104,96.26245433965065,15973400
2022-10-03,97.7781753540039,98.3499750383792,94.8102458896218,95.8630913175498,12248100
2022-10-04,102.35258483886719,102.5522628939969,99.71140700180528,100.3921238672329,16013600
2022-10-05,101.08885192871094,101.60166568533853,99.66029532864067,100.5027770678327,10943500
2022-10-06,99.02842712402344,100.90570268312112,98.84528135626117,100.23720735631875,11521400
2022-10-07,97.0504379272461,98.6346692694972,96.40025430458641,98.46067587865328,11681100
2022-10-10,96.14385223388672,98.26837563973788,95.71345192116682,97.73725002819839,8931700
2022-10-11,93.36915588378906,95.73177451175344,93.26842359438685,95.57609987779172,12739700
2022-10-12,94.88013458251953,95.90576927707119,92.74645167540932,93.22264195688732,13181000
2022-10-13,100.15480041503906,100.64014301929672,93.18599660094291,93.38746115061146,22398700
2022-10-14,101.82147216796875,105.53022733591538,101.39107181576125,102.52659124378432,33387100
2022-10-17,106.09798431396484,107.15109015904487,104.68773925856723,105.68590275946444,22276300
2022-10-18,108.82687377929688,110.01734224434209,107.1052797864678,109.57778960158558,21539700
2022-10-19,106.69320678710938,108.81773002672348,105.92397912132705,108.04850236094116,17072000
2022-10-20,106.3452377319336,108.70785647438998,105.90568498102753,107.28845894082309,12207400
2022-10-21,111.93126678466797,112.07778202749257,106.52838184082461,106.64742591227989,20593300
2022-10-24,112.0686264038086,112.7279624850652,111.10710044077992,111.7847483080427,12624200
2022-10-25,112.36165618896484,112.88362938644316,110.70416369964258,111.58327608557636,11289100
2022-10-26,113.6528549194336,114.65101135359498,112.52648804820234,112.63637971430619,11667000
2022-10-27,114.10157775878906,115.56676517888995,113.74443854346963,114.6510221680063,10727600
2022-10-28,115.45687103271484,115.64001682526549,113.59791399072567,114.73343327498077,11859500
2022-10-31,115.27372741699219,116.69313187506613,115.00816110608834,115.1088933959679,13295200
2022-11-01,117.35245513916016,117.4715061957716,115.68581021224358,116.18031225073543,13386900
2022-11-02,116.27188110351562,119.37624908165756,115.96968425941513,116.89458657625418,16546100
2022-11-03,116.48249816894531,117.37992232993088,115.30119593470816,115.66748751829829,12474400
2022-11-04,119.6692886352539,119.80665846924897,117.63635202879402,118.57956620175044,14953200
2022-11-07,120.30113220214844,121.14361393665178,119.48612163494533,119.96231182336089,12011200
2022-11-08,120.37440490722656,120.933008651379,119.17478390907824,120.18210671759188,9884100
2022-11-09,118.80850982666016,120.35610386313091,118.33231952221442,120.25538554057319,9494000
2022-11-10,123.69859313964844,123.85426780688121,121.36344518489224,121.45502509415026,16351600
2022-11-11,123.9000244140625,124.69671631227637,122.5080912121442,123.79929213024351,10704700
2022-11-14,122.62714385986328,124.2937887909948,122.62714385986328,123.44215454020792,11085600
2022-11-15,121.73887634277344,124.27548835872932,120.51178407947867,123.33226021587494,14038300
2022-11-16,121.90369415283203,122.30662327701408,120.90553771446262,121.793809472829,7893400
2022-11-17,121.37255096435547,121.69306655050822,120.21872000583411,120.87805597445403,8820200
2022-11-18,122.56301879882812,123.32308703557402,121.13446219892091,123.23152113511634,9468500
2022-11-21,121.8396224975586,123.22238955104531,121.5648967723734,122.47148747354531,7800500
2022-11-22,123.66194152832031,123.87257250104194,122.42569673267217,122.70957485671438,9185700
2022-11-23,124.9805908203125,124.99890959133656,123.49709174931083,123.57035286027893,7316200
2022-11-25,125.21866607666016,125.58495757983758,124.59595375350835,124.98056402378218,3220500
2022-11-28,123.03009796142578,125.19125235733154,122.88357570367214,124.60517729944853,9906900
2022-11-29,125.05384063720703,125.12710174155866,123.08499911034217,123.3139348215184,7925300
2022-11-30,126.53736877441406,126.53736877441406,121.96781986765325,124.62346914087333,14761200
2022-12-01,124.76083374023438,126.97693016591022,124.01907015859663,126.53736345683684,8858500
2022-12-02,123.77182006835938,123.94581346398753,122.10516119774077,123.15827397065328,8931900
2022-12-05,120.30113220214844,123.23152046335792,119.59602027727311,122.92932364992845,10154500
2022-12-06,120.50263214111328,123.72605179142124,118.92755287864071,122.15097252894866,13966700
2022-12-07,120.42019653320312,121.8670720542558,119.34877897086182,120.24620313901356,11739400
2022-12-08,121.68395233154297,121.77551826122537,120.35611360640029,121.18029081233001,8907300
2022-12-09,121.02458953857422,122.4897698494312,120.87806731555004,121.06121310776614,7957800
2022-12-12,122.9018783569336,123.30479355320443,120.51178848674357,121.24437173314853,8841600
2022-12-13,122.78282928466797,125.53921082280596,121.86708623866639,125.35606500823162,10025400
2022-12-14,122.16929626464844,124.27550829168251,121.57405483682821,122.50811675672065,9966100
2022-12-15,119.13816833496094,120.95133553882994,118.17663540287936,120.09968729391343,12087800
2022-12-16,118.39640808105469,118.95501187828005,117.6088685304276,118.2682046180749,21133700
2022-12-19,119.10152435302734,120.2645217974707,118.21325258477675,118.72606639466815,9017200
2022-12-20,119.67845916748047,120.92387025075503,119.22974005117493,119.93486609876084,8549900
2022-12-21,121.02458953857422,121.77549147859867,120.66745035315796,121.04289433660604,8051700
2022-12-22,119.6509780883789,120.23705302180252,117.59055643559027,120.05390722506925,8648200
2022-12-23,120.2187271118164,120.36524932975423,118.7169093107731,119.57770987474812,5091900
2022-12-27,120.6399917602539,121.07954450202355,119.55025531923499,120.48431712198402,5411000
2022-12-28,121.29932403564453,122.16927709178944,119.9714855059647,120.74072024622446,8827700
2022-12-29,121.99527740478516,122.04106734709401,121.16194796340132,121.729704123271,6585200
2022-12-30,122.80113983154297,123.01175680553759,121.281003123464,121.61982355638521,9292500
2023-01-03,123.73516845703125,125.21868136420498,122.60880867277817,123.84506709990178,11054800
2023-01-04,124.88903045654297,126.0794851365286,124.14728088810833,124.53189125792152,11687600
2023-01-05,124.861328125,125.19343120817186,123.33918312865411,125.14730304288749,8381300
2023-01-06,127.25064086914062,127.6565462748384,124.06799395823543,125.58090514907298,10029100
2023-01-09,126.72480010986328,128.1177948868488,126.27278062442917,127.8594940162174,8482300
2023-01-10,127.85952758789062,127.97022396827164,126.66948519341291,127.11228479128243,9048700
2023-01-11,128.80967712402344,128.92037347696242,127.39824231868354,128.13623677339942,8703700
2023-01-12,128.68052673339844,129.94435701771593,128.4314458628536,129.1510003099014,11001700
2023-01-13,131.92776489257812,132.37057853485908,124.35398778566517,125.0919964464557,20200000
2023-01-17,129.88900756835938,130.57165384016318,128.44066460814747,130.23033070426126,14292900
2023-01-18,125.98680877685547,129.8244278394277,125.8392042538952,128.15469214292324,13392600
2023-01-19,124.3078384399414,125.36871603171208,123.23772676781353,124.83367427199015,13303400
2023-01-20,124.61229705810547,124.99052845761037,123.20086191004604,124.68609933676584,13092500
2023-01-23,126.63258361816406,127.26911592047743,124.37244350192479,124.649184436544,10487100
2023-01-24,127.72113800048828,129.41854812235326,124.53849050290523,125.848449232367,6945000
2023-01-25,128.33917236328125,128.33917236328125,126.6140887370127,127.35209716969135,8967000
2023-01-26,129.13255310058594,129.2063553652818,127.63809595043652,128.6159513240574,7487600
2023-01-27,129.4462432861328,130.31338840568634,128.9204073189552,129.71376423474106,7489900
2023-01-30,128.3484344482422,129.23403349962402,128.14548173306235,128.44067672474193,6729300
2023-01-31,129.11412048339844,129.21559684362194,127.53662689744111,129.0403182144774,9188700
2023-02-01,128.77276611328125,129.96280818647722,127.41667951434165,127.49971585355509,8841800
2023-02-02,128.1731414794922,129.5753562429886,127.30598253465021,129.15099677428282,11822100
2023-02-03,130.15652465820312,131.3004385410896,127.42591149773286,127.47202559211956,11501200
2023-02-06,130.92222595214844,131.21743502591008,129.17868782973096,129.36318646266028,8406200
2023-02-07,132.51815795898438,133.1546901998994,130.23956397477656,130.42407668185118,10447900
2023-02-08,131.58642578125,132.8779302241988,131.25432262787135,131.5956457857201,6958000
2023-02-09,129.5384521484375,132.232171333837,129.03107040131695,132.02921863498875,6443100
2023-02-10,130.1104278564453,130.33183468351544,127.85028770927389,128.94807368610296,6582900
2023-02-13,131.5218505859375,131.66944103130464,129.83366081928747,130.35026256892732,7134600
2023-02-14,132.10302734375,132.66575729505092,130.62702427939897,131.45727512332502,9249400
2023-02-15,132.65650939941406,132.73953165108261,130.35024189968968,130.63621681744115,6728300
2023-02-16,130.8299560546875,132.27828479759046,130.7007915549268,131.8354853567696,8165300
2023-02-17,131.21743774414062,131.76171364927728,129.21559867888436,130.05506958755439,7948800
2023-02-21,128.80967712402344,130.3871564587718,127.99786633222567,129.7875324452297,9996300
2023-02-22,127.82259368896484,128.62517043791877,126.78939014306161,128.15469683962553,11107500
2023-02-23,128.84658813476562,129.30784176770013,127.25065450618847,127.97942905263373,8068000
2023-02-24,130.0089111328125,130.40559648197427,128.16389704227882,128.32995563012386,9126900
2023-02-27,131.1436309814453,132.2045086636795,130.73772554869174,131.09750280475183,10014700
2023-02-28,132.24139404296875,132.61961124344361,130.90374753112508,131.86316276615307,11019800
2023-03-01,131.50340270996094,132.34288763092906,130.81152231767038,131.0882772898551,7139200
2023-03-02,130.1381072998047,131.39270367337005,128.726658226856,131.217439116247,11106800
2023-03-03,132.5273895263672,132.6011917925285,130.14731922895072,130.54399057368198,9513100
2023-03-06,131.7525177001953,132.877963812771,131.6049131333064,132.324467801457,9261300
2023-03-07,127.87796783447266,131.2820223008746,127.13073911284208,131.00526727307,11747600
2023-03-08,127.12149810791016,127.85027262027845,126.28201315690055,127.30599673718818,10002500
2023-03-09,120.23959350585938,126.70637844043762,119.20638987379802,126.16208845622894,25888100
2023-03-10,123.29307556152344,124.77831264323943,117.91486420009788,118.96652883128668,37599700
2023-03-13,121.07907104492188,123.50526950628984,119.38166116059536,121.04217695019429,42901100
2023-03-14,124.18793487548828,125.02741994179004,121.11598371273358,124.79679310443318,29648100
2023-03-15,118.32077026367188,120.83922509421075,116.90934238977314,120.82999101320628,34280600
2023-03-16,120.61780548095703,121.72481120547572,116.25434372316819,118.0901309142938,24558500
2023-03-17,116.06063079833984,118.52372338026191,115.72852763693783,118.43148110430431,38396000
2023-03-20,117.2875747680664,119.43701841508131,116.24514407761322,117.14919726872469,22875500
2023-03-21,120.43331146240234,121.52186314469817,120.1012083247568,120.47020555487761,17807800
2023-03-22,117.32447052001953,120.53479879711034,117.23222120408215,120.44254244300132,17250200
2023-03-23,117.01082611083984,119.49237307549467,116.25437038337026,117.9886886645242,16677600
2023-03-24,115.23037719726562,115.94070464118424,113.56986142967864,115.89457646612907,22311100
2023-03-27,118.532958984375,119.35398985556544,116.5034388565988,116.96469247134272,18853900
2023-03-28,118.8927230834961,119.31706847934788,117.84105848314509,118.73589856099942,10820500
2023-03-29,119.13258361816406,120.12889311989855,117.86874617402837,120.0181967562647,14595300
2023-03-30,118.77281188964844,120.03664235445191,117.75805529278875,119.87981780655501,12134700
2023-03-31,120.2119140625,120.23958815310226,118.86506139871327,119.61228999766035,13105200
2023-04-03,120.07355499267578,121.25436322479173,119.38167450934169,119.84292816489776,11775400
2023-04-04,118.4683837890625,120.4702229073124,117.53665649917986,120.38720063002806,11579900
2023-04-05,118.64502716064453,119.14708434890063,117.57581658451342,117.89193428485298,9614700
2023-04-06,118.51485443115234,119.082000683968,117.94770817833668,118.0778721943855,8760200
2023-04-10,118.90534973144531,119.22146032380778,117.35267385939126,117.65019263184118,9477300
2023-04-11,119.4910888671875,119.88158090625643,118.57993368261997,119.28654339146377,10516300
2023-04-12,119.47249603271484,121.26690103116188,119.06340506045575,120.10471721761407,11821000
2023-04-13,119.92808532714844,119.97456133339055,117.9198281563234,119.43532049173513,12450200
2023-04-14,128.9838104248047,129.3464112241228,125.42287735108336,125.65531412466714,43931300
2023-04-17,130.00653076171875,130.22036860936103,127.98898138025827,130.11809586712968,16050500
2023-04-18,131.46624755859375,131.8195560320996,129.26275124856613,130.41564287639508,13760100
2023-04-19,131.2989044189453,131.55923250733605,130.53650488378904,131.30819678395326,9158100
2023-04-20,130.91769409179688,131.49413278576523,130.01583822017926,130.08092733043537,10586200
2023-04-21,130.66661071777344,131.1965732102885,129.03026143588656,129.92282461761334,11842500
2023-04-24,130.84329223632812,131.18730827572392,130.20176453203194,130.5922707591097,7567500
2023-04-25,127.9982681274414,130.12739670771012,127.96108448954054,129.79268721934886,10629300
2023-04-26,125.72968292236328,128.1284318863963,124.5860980839009,127.95177768638719,14416100
2023-04-27,127.42182159423828,128.2214045340633,126.1294739087224,126.44558446505003,9041100
2023-04-28,128.5282440185547,128.60262548886095,126.13878716546598,126.96626151575278,9887300
2023-05-01,131.28030395507812,133.29785370973943,130.9363020252192,132.26583373334603,20415800
2023-05-02,129.1604461669922,132.4052681693228,128.7048650486828,131.4662146588088,14113400
2023-05-03,126.42700958251953,128.92803160871594,126.22246408088758,128.71419374312444,12930900
2023-05-04,124.69767761230469,126.1852786601543,122.5499640622479,125.47867596517398,17089200
2023-05-05,127.13359069824219,128.19350155079115,126.36189910230048,126.85466380297957,11261400
2023-05-08,127.44046020507812,128.27722704115507,126.89189855490372,127.83095234103517,7484900
2023-05-09,126.82681274414062,127.3288699653478,125.7111189961569,126.38052389549456,7343600
2023-05-10,126.89187622070312,128.36087829464017,125.39498286959376,128.2586055494036,8133400
2023-05-11,126.49211120605469,127.19871398090439,125.42289339867627,125.51587379473234,7057300
2023-05-12,124.67908477783203,127.36605317835334,123.77722900657062,127.20799788265374,9988600
2023-05-15,125.72968292236328,126.13877387252892,124.54891444607372,124.83713374637769,7639500
2023-05-16,124.88362884521484,126.3898145056844,124.5489193443534,125.94353990014044,6477200
2023-05-17,128.7235107421875,128.85367479660817,125.94357539702828,126.3526522917661,12711500
2023-05-18,129.69972229003906,129.9135601537646,128.0819572058346,128.5561373131233,10999600
2023-05-19,129.4021759033203,130.62015634556295,128.4259529385829,129.96932211998757,13492200
2023-05-22,128.33297729492188,131.689364532914,127.9889754446489,131.09432702029443,11402500
2023-05-23,126.99415588378906,129.26274112947746,126.87329840506368,127.87741281159326,9514900
2023-05-24,125.83195495605469,126.77100850099497,125.59022584449683,125.88773750589009,8578000
2023-05-25,126.1387939453125,126.69664790918623,125.12537295819699,125.34851738110962,8472500
2023-05-26,127.31956481933594,127.93320128450898,126.10159843916215,126.5478730561906,8579900
2023-05-30,127.80304718017578,128.04477632756996,126.46420903839032,127.18941066738822,7399900
2023-05-31,126.17597198486328,127.2265764509332,124.9579914943427,127.1243037131586,14219900
2023-06-01,127.9145736694336,128.51890344883446,125.93420833382801,126.92904427567287,12248100
2023-06-02,130.60159301757812,131.54063260172768,129.55097412008783,129.7555196432597,12922500
2023-06-05,129.3185272216797,130.26687328356348,128.42597790551955,130.26687328356348,8511900
2023-06-06,129.55093383789062,130.2575505843406,128.50032945388895,128.9372974591774,9329500
2023-06-07,130.80609130859375,131.3453462034374,129.07676153782333,129.7461804288836,9281400
2023-06-08,130.84329223632812,130.99205516218504,129.6811084783462,130.78750968583515,7368100
2023-06-09,131.10362243652344,131.83813052835976,130.35983616853576,130.49000018411496,7249100
2023-06-12,131.0943603515625,131.39188627692613,129.9414686710039,131.15944946779217,7596600
2023-06-13,132.04269409179688,132.83297065646826,130.29476491165087,130.61087553751943,7701600
2023-06-14,131.54994201660156,133.52100162444762,130.81543375282095,132.9538552409123,9068700
2023-06-15,133.03749084472656,133.325710136213,130.19246737973887,130.71312341427088,9343100
2023-06-16,133.19557189941406,133.85569861958822,132.48896917108857,133.0003329420945,13813500
2023-06-20,132.51686096191406,132.95384326002164,131.13153259272033,132.5912424367851,8428600
2023-06-21,132.3216094970703,133.90217667494477,131.7358643045841,132.8608503119899,9926500
2023-06-22,129.7740936279297,132.58193366281853,129.18834845257769,132.31229907643169,10075200
2023-06-23,129.09539794921875,129.40220202550213,127.95179873580885,128.80716441468397,9919500
2023-06-26,129.4114990234375,130.1738842559491,128.01687839601942,129.11397314658396,8429700
2023-06-27,129.42079162597656,130.0158291939676,128.80715514394416,129.2348450460071,8154000
2023-06-28,128.8536376953125,129.43009050189633,128.26790671248017,129.3836003129569,7558600
2023-06-29,133.3535919189453,133.47446355650607,130.02511047983398,130.22965593410052,15423200
2023-06-30,135.222412109375,135.74306818320116,133.5674635089359,134.4414279986358,14212800
2023-07-03,136.31021118164062,137.11908654933129,135.7430649319183,135.91971913562398,8021600
2023-07-05,135.4021759033203,136.14171413854416,135.14006000089324,135.68301845141943,8934900
2023-07-06,134.0635223388672,134.23201930820707,132.4065640524601,133.88565490395533,9709500
2023-07-07,135.12132263183594,136.52552097664736,133.866908872023,134.71879262942724,8981500
2023-07-10,135.87957763671875,136.6659395090326,135.2710974449543,135.2710974449543,9100100
2023-07-11,138.0045928955078,138.37905430721347,136.40381499872336,136.99356851026602,11260900
2023-07-12,138.68800354003906,140.29815234336888,137.6114570388081,138.03271374432256,11323200
2023-07-13,139.3619842529297,139.83005031333101,138.31352084858835,139.20284350650235,11234900
2023-07-14,140.2045440673828,143.12527238693303,138.93140351809885,141.87085848397194,27028400
2023-07-17,143.58399963378906,143.93036406904477,140.74751945536332,140.74751945536332,17262400
2023-07-18,143.8460693359375,144.53879798376371,143.05972175958414,143.58395347715305,13491700
2023-07-19,144.39842224121094,145.29711562742418,142.49807461798855,142.99422364567243,12510000
2023-07-20,146.1770477294922,146.58894821231368,144.5481867273733,144.6605180284174,9935900
2023-07-21,145.05369567871094,146.1676953908266,144.8103064253035,145.84941384000646,10636400
2023-07-24,147.90890502929688,148.64844326937535,144.84774837498787,145.07242527179113,14381400
2023-07-25,146.8042755126953,147.64678887686114,145.99920115581102,147.25361502130073,9944700
2023-07-26,147.6842041015625,148.14291400130324,146.29873250733112,146.70127676307158,8728600
2023-07-27,146.05535888671875,148.63907877636402,145.61537558273733,147.69359033815113,10778400
2023-07-28,146.88851928710938,147.53445284492707,146.4485359733566,147.234883659289,9103800
2023-07-31,147.87147521972656,149.2007814689445,147.1131960024418,147.14127883075832,8892700
2023-08-01,147.14126586914062,147.90890120016138,146.17705075722094,147.37529894065986,6853900
2023-08-02,145.4749298095703,145.74641613115145,144.1081848752588,145.62471438118453,8299400
2023-08-03,146.36427307128906,146.89786098978126,144.4920086983106,145.10048890583116,6084000
2023-08-04,146.05535888671875,147.7216731631504,145.75578970773367,146.4110794314577,6209400
2023-08-07,146.74807739257812,147.6280439392386,146.5983070977639,146.5983070977639,7251800
2023-08-08,145.92430114746094,146.01790580284208,142.84441801525406,144.46393710846394,8623400
2023-08-09,143.96778869628906,145.58730795628765,143.6682337702767,145.40008434199916,6277800
2023-08-10,143.75247192382812,145.51240519701045,143.31248860553254,144.5201072567677,5995100
2023-08-11,144.5856170654297,144.65115317660656,142.88186387000218,143.25631104053193,5180700
2023-08-14,144.8852081298828,145.02562226899528,143.15335756484984,143.7992911732594,5044300
2023-08-15,141.19683837890625,143.48100350640703,140.6351532778257,143.08782964934886,10300300
2023-08-16,140.5977020263672,141.3185278436564,140.12026544675294,140.9815196692057,6978200
2023-08-17,139.13731384277344,141.5993314684171,138.92199318247168,141.24361099584877,9953900
2023-08-18,139.4556427001953,139.95179172208907,138.02336129220063,138.21994109410372,8517500
2023-08-21,139.9330596923828,140.5134714627281,138.56631446042414,140.09220047778916,8327000
2023-08-22,137.03103637695312,140.08282221486544,136.534887452353,139.72708740694694,9673300
2023-08-23,137.95779418945312,138.16374441088766,136.16979258953467,137.00294965470403,7858000
2023-08-24,137.82676696777344,139.86754299375357,137.60210433741545,138.07952671117278,6534000
2023-08-25,137.6582489013672,139.1279690919885,136.53489306897146,137.8735553172173,6695500
2023-08-28,138.13565063476562,139.11859219835208,137.73312068749019,138.14502109769722,5094100
2023-08-29,139.25901794433594,139.34328069655484,137.77992738593437,138.27609058280225,6337000
2023-08-30,138.6973419189453,139.62410359982832,137.78929259629226,139.12795470612008,6277300
2023-08-31,136.98423767089844,138.87522886814105,136.63787329971225,138.79096610726893,10933900
2023-09-01,137.44296264648438,138.62248430088263,136.39448466943944,136.75957572562794,7903500
2023-09-05,135.92640686035156,138.7441742202353,135.74853943819002,137.76123245014202,7854700
2023-09-06,135.7017364501953,136.24468058187983,134.9060183286584,135.45833292470454,8629200
2023-09-07,134.54090881347656,135.99191644968522,134.2319835011811,134.92472640913843,8373700
2023-09-08,134.64390563964844,134.91537771193597,133.53926213708527,134.21327851187928,7107900
2023-09-11,135.23365783691406,135.785972381945,134.51283207562778,135.50512987768147,6854200
2023-09-12,136.9936065673828,137.91102656774117,134.84986974127222,135.27112644775508,8363200
2023-09-13,137.0591278076172,138.26673213964824,136.50681320165899,137.92972395420438,8325900
2023-09-14,139.71775817871094,140.32623851403181,138.09825315552496,138.39780809031097,10034900
2023-09-15,139.30584716796875,140.16708718154675,138.83778101161687,139.40882229373597,19863400
2023-09-18,139.5960235595703,139.61475020241627,138.31352706736544,138.69734468236973,6512400
2023-09-19,139.41818237304688,140.15773491994022,137.80804789167848,139.95178466264682,7943400
2023-09-20,138.82843017578125,140.65388539898544,138.67864557176296,140.09220027603982,7332000
2023-09-21,137.74252319335938,139.34331591065376,137.26510080327012,138.15442374210164,8052400
2023-09-22,136.42254638671875,138.08886061958907,135.91704126570235,137.88291038548203,7071700
2023-09-25,137.09658813476562,137.1621242596877,134.52222401576978,136.06685105771544,7044700
2023-09-26,135.6736297607422,136.5255134713151,135.01834009270283,135.36471871200064,7468400
2023-09-27,136.46934509277344,136.7595437767897,135.28045325041472,135.91703054679127,6717800
2023-09-28,138.1637420654297,139.36199008748372,136.68465153852856,136.93741122131527,8868100
2023-09-29,135.75791931152344,139.2590452079911,135.6081347051916,139.10927488590553,11917800
2023-10-02,134.58775329589844,136.3195895900525,133.52056297766828,135.58005131127518,9170600
2023-10-03,133.595458984375,134.41924577010903,133.25845075431442,134.05415471123064,9431100
2023-10-04,134.19454956054688,134.30688084770995,132.86522933598312,134.04476498816743,8128700
2023-10-05,134.76036071777344,134.94898016017183,132.80827611780975,133.94934604024704,8576200
2023-10-06,136.83509826660156,137.57066825366812,134.04369376953446,134.76983853766583,10270600
2023-10-09,136.5238800048828,137.11798531189535,135.32621539355333,135.47710521963256,6964900
2023-10-10,137.353759765625,138.4099742700089,137.0048395969311,137.13686461127318,11288800
2023-10-11,137.8252410888672,138.8437256523832,136.75961605388252,138.16473594337253,8698200
2023-10-12,137.50460815429688,138.58911237840664,136.86334810356874,137.96670276001075,10484400
2023-10-13,139.56988525390625,144.38881902981274,139.41899543795483,140.0414051365208,29427000
2023-10-16,139.42843627929688,141.00331097441395,138.36279673046786,140.93729128323395,12663500
2023-10-17,139.12667846679688,140.80528837588392,138.4288237446185,139.16440812185908,11482700
2023-10-18,137.59893798828125,139.07950296279404,137.0896884480104,138.24019813274663,9620300
2023-10-19,137.01425170898438,138.64572098900047,136.62761631159904,137.1934315805182,11143600
2023-10-20,134.80755615234375,136.87281591727077,134.02483127766632,136.33529063565342,13332900
2023-10-23,132.9686279296875,135.49596799323533,132.71400312369968,134.79812766595725,10133400
2023-10-24,133.12890625,133.6570061539827,132.36504643247912,133.14777107218316,8881400
2023-10-25,132.40277099609375,133.1383408268775,131.56346622047414,132.56310041145807,8242600
2023-10-26,132.7422637939453,133.60043337964612,131.48801925860812,131.79922408824612,9109400
2023-10-27,127.9610824584961,131.17685187363318,127.48956252277439,131.03538725912878,17434700
2023-10-30,129.592529296875,130.17720937589277,128.29112975104002,128.6683543097979,9855500
2023-10-31,131.13909912109375,131.3088537506683,129.63966944313077,129.86600415268222,9672500
2023-11-01,131.02593994140625,132.52536963058716,130.5827101254128,131.3182799499032,9432000
2023-11-02,133.36468505859375,133.42126514351625,131.29942562105097,132.1104404141124,10186200
2023-11-03,134.85470581054688,135.58085056324327,133.77021568051663,134.0908457932642,9538700
2023-11-06,135.8731689453125,135.9769038934277,134.6566396092663,135.01499931905428,7625100
2023-11-07,135.8071746826172,136.04293466432486,134.6849692569924,135.3356547192018,6297900
2023-11-08,136.47669982910156,136.58985998285516,135.43935045421637,135.90144506478217,7618200
2023-11-09,136.07119750976562,137.3537321294573,135.5148075176755,137.15570184261244,7992500
2023-11-10,138.08934020996094,138.13649508786227,135.87320484508217,136.68421982018057,7983300
2023-11-13,137.476318359375,137.91954814389777,136.89163838389518,137.40087346098358,6676300
2023-11-14,139.9848175048828,140.7486773711874,138.17418298003085,138.32505839820212,9927700
2023-11-15,141.21075439453125,141.60682929840053,140.003664861889,140.003664861889,8365300
2023-11-16,142.8233642578125,142.8988091629842,141.5408296491821,141.5408296491821,8126200
2023-11-17,144.11534118652344,144.15305644499725,142.90823707069305,143.53064675784515,7812400
2023-11-20,144.55856323242188,144.99236786773022,143.26660332342516,143.41749314350156,7019000
2023-11-21,144.25677490234375,144.87918451834597,143.87956480214766,144.47366999047435,7083500
2023-11-22,144.59628295898438,145.11495768637337,144.19076839406415,144.67172786384498,5174500
2023-11-24,144.7943115234375,145.64305590080474,144.54912637778605,144.84146638712082,3496900
2023-11-27,144.4642791748047,144.7849092752855,144.0116240688526,144.69059953295755,6259100
2023-11-28,144.7943115234375,145.1055163561744,144.02102643967882,144.4925462972237,6582700
2023-11-29,145.5299072265625,146.76528704849733,145.22812758688474,145.3884426243466,9126100
2023-11-30,147.18966674804688,147.23682162015268,145.586501823976,146.08631181107492,9869800
2023-12-01,147.9063262939453,148.86823070778377,146.94443626974908,146.94443626974908,8916000
2023-12-04,148.99085998535156,149.04744006979425,147.0010454744615,147.1330704680428,9607500
2023-12-05,148.9719696044922,149.4717794508536,148.02892998650574,148.30240514427905,9135600
2023-12-06,147.4065399169922,150.1507890224694,147.11419989902313,149.79242931546503,9366000
2023-12-07,147.85922241210938,148.3496071985717,147.2556774401739,147.76492705409748,8130900
2023-12-08,149.4906768798828,149.73586205376884,148.038387493204,148.30243749266455,7369400
2023-12-11,150.0376434326172,150.22624852159782,149.14174407807883,149.4906786018212,8093900
2023-12-12,151.37673950195312,151.4993248802861,149.83015494063707,150.16021020801867,10223000
2023-12-13,151.88597106933594,152.80072072522947,150.66945619346848,151.37673596516078,12379100
2023-12-14,154.6490936279297,155.45066878084032,152.49896415125406,152.6121243164545,13643000
2023-12-15,155.8184814453125,155.86563631908845,153.1402515347454,153.79095137977095,20309300
2023-12-18,156.76148986816406,157.61023425667324,156.19567466546889,156.46914985499157,8469600
2023-12-19,158.85504150390625,158.87390632782794,156.12023201068527,156.5445970162341,10345700
2023-12-20,157.0633087158203,159.76040358559035,156.96899896366102,158.42128856488605,10734700
2023-12-21,157.95913696289062,158.5155268873352,156.24279794080266,157.3367273577614,7601700
2023-12-22,157.86483764648438,158.64756231245275,157.7045226266562,157.95914737092147,6576300
2023-12-26,158.7984619140625,159.15682162146308,157.65737749239696,157.92144185918576,4683600
2023-12-27,159.75091552734375,159.81693521176237,158.0345907978248,158.2797759335722,6428600
2023-12-28,160.59967041015625,160.93916529174086,159.373715871676,159.70378553614376,6320100
2023-12-29,160.41107177734375,160.96746179209865,159.96784193110983,160.3167620438129,6435100
2024-01-02,162.27830505371094,162.36317518980186,159.28887034656313,159.458610618745,9977400
2024-01-03,161.57098388671875,162.2405339755657,160.6656594972967,162.07079374672327,9852300
2024-01-04,162.6432342529297,164.4840152154625,161.81772058185265,161.9126118704199,11972500
2024-01-05,163.45921325683594,164.51244261762304,162.7001265545649,162.7001265545649,10066000
2024-01-08,163.22201538085938,163.54462255510825,160.8214137681895,163.22201538085938,11229900
2024-01-09,161.93157958984375,163.00377577413855,161.40022316605578,162.8424721796584,9923600
2024-01-10,162.27316284179688,162.33009181707794,160.309026324343,161.3053268268902,9670200
2024-01-11,161.58998107910156,161.64691005258496,160.0148785803073,161.61844556584327,11919500
2024-01-12,160.4039306640625,167.29261232317756,160.26159373589286,164.91099163359718,19436500
2024-01-16,159.3981475830078,159.49302439057672,155.8968705158976,156.43771030633505,17206400
2024-01-17,158.5441436767578,160.4228865888299,157.97483948873983,158.7813573746924,11107500
2024-01-18,158.85728454589844,158.9616591633274,156.788787827513,158.57262518214884,9382300
2024-01-19,161.5994415283203,161.8461530163083,158.53464490339175,158.98060777035218,13115700
2024-01-22,161.40969848632812,163.1840524158629,161.03016233915122,161.7418034738899,12837500
2024-01-23,160.34698486328125,161.06810933054288,159.8251118048267,160.99219920582442,8360800
2024-01-24,161.7797393798828,162.26365010364287,160.2236181256864,160.6980455138972,9967100
2024-01-25,164.094970703125,164.142416344373,162.1687963911467,163.49718747582935,8873500
2024-01-26,163.46871948242188,164.20882513921873,162.9942920368661,163.78184333389387,7443000
2024-01-29,163.8957061767578,164.00008079702863,162.5388505916141,163.43077653240536,6971200
2024-01-30,167.25466918945312,167.71959885740603,163.99060578443397,163.99060578443397,10822100
2024-01-31,165.44232177734375,169.1808119667958,165.42334062759713,167.18821111627943,11521800
2024-02-01,164.8445587158203,165.8977882402984,162.66218953700178,164.75916524911648,9354800
2024-02-02,165.79339599609375,166.82765873693674,164.398578274706,164.4365405747899,8607600
2024-02-05,165.57516479492188,166.134985659533,164.07597245364303,164.96789829400674,7820200
2024-02-06,166.14451599121094,166.87512391545872,164.87303928994038,165.67957182983469,6764800
2024-02-07,166.4575958251953,166.87509426680478,165.0627925456374,166.70430734707855,7225500
2024-02-08,165.85983276367188,166.34374353104843,164.69274533742478,166.04960084038564,6060300
2024-02-09,166.05911254882812,166.14452050456146,164.7876502913963,166.04962921080383,6296700
2024-02-12,166.79920959472656,167.76704572264995,164.81610617285773,165.8408712827099,8539300
2024-02-13,165.34744262695312,167.21668785869483,163.79132123629455,166.35324093999716,8397600
2024-02-14,167.02694702148438,167.09337382211206,165.49928986921168,166.11605431558004,7056700
2024-02-15,170.67050170898438,170.99312333219834,167.14076082984667,167.14076082984667,8723400
2024-02-16,169.8734893798828,170.77489862748652,169.04799026069725,170.42382695213206,8152600
2024-02-20,170.53770446777344,171.2303790396539,169.28522340114444,170.02532914014753,9668000
2024-02-21,171.64785766601562,171.73326561657646,169.38959269081207,170.7464483434242,7024000
2024-02-22,173.7068634033203,174.03895391200567,171.97045729976963,172.52079484720994,9296500
2024-02-23,174.57981872558594,175.72792504973566,173.82073190790015,174.40901731437765,7105800
2024-02-26,173.98204040527344,175.02578661879247,173.1470434344582,174.3520932485434,7145400
2024-02-27,174.0674285888672,174.15282205509578,172.91932226723353,173.93458948194154,5717100
2024-02-28,174.94985961914062,175.72791305734785,173.60248748692752,174.04843594056865,6131600
2024-02-29,176.54393005371094,176.89500171310078,174.4469689552258,176.16439390725577,9643000
2024-03-01,175.81332397460938,176.90451583340356,175.6330536993716,176.20235797152844,6311800
2024-03-04,177.13221740722656,177.99567880021087,174.84548820991387,175.26298666271404,7063600
2024-03-05,178.90660095214844,179.61824215364595,176.82860632723535,176.82860632723535,6617800
2024-03-06,179.83648681640625,180.34887662379856,178.03366810951513,179.5708085749355,7572900
2024-03-07,178.26133728027344,180.7568299062852,177.08476665622948,180.19700907849818,7618300
2024-03-08,178.59347534179688,180.71891558839314,178.3088159683026,178.80222458380084,6172200
2024-03-11,178.65988159179688,178.8022185128998,176.69575949029132,177.70154336122792,5762600
2024-03-12,180.13059997558594,180.43424047505954,178.2993170776544,179.28611974419184,5708400
2024-03-13,181.59185791015625,181.92394844272968,180.1306132360268,180.62402184480607,7795500
2024-03-14,178.35623168945312,181.82904361105847,177.53073267534398,181.25972495957816,10310900
2024-03-15,180.5670928955078,181.17435946088082,176.9424601771041,176.9424601771041,17214200
2024-03-18,182.80638122558594,182.84432904958828,180.17804920335632,180.88020701359716,9013800
2024-03-19,183.87857055664062,184.01140965328761,182.5406962541158,182.85382008443563,8478700
2024-03-20,186.2886962890625,186.5069288762153,183.70780963606143,184.25814725101966,9367000
2024-03-21,188.87905883789062,189.23013052665834,186.2886889495495,186.46897370163362,11203800
2024-03-22,186.56387329101562,190.2264543237517,186.4879631504267,188.8316362569857,8108800
2024-03-25,184.85592651367188,186.86749435505874,184.41944687042397,186.54488715000187,8620000
2024-03-26,185.7193603515625,186.60180291274617,184.13477445009167,184.63766637481814,5961500
2024-03-27,189.3155517578125,189.3914618944576,186.33614766678855,186.45000563256713,8725800
2024-03-28,190.05564880371094,190.4541661440958,188.38565483061902,189.28707861308453,8628300
2024-04-01,188.76519775390625,190.66290757030683,188.41412607095276,189.76149830319193,7309000
2024-04-02,188.68931579589844,189.56226070437157,187.94921001527166,188.24335276419012,7014700
2024-04-03,188.15792846679688,189.353480421599,187.5886097387711,188.8600718225351,9353400
2024-04-04,186.72634887695312,190.5725384067868,186.6309186395937,190.06671300400296,9243800
2024-04-05,188.44422912597656,189.08366842916283,186.21096089165496,187.21307291356746,6532300
2024-04-08,189.42724609375,189.90444089970362,188.60647044499663,188.60647044499663,8001000
2024-04-09,188.1579132080078,189.80901778367087,186.02008971749524,189.03596449913155,7351500
2024-04-10,186.55453491210938,188.08156408606877,185.3233641819326,186.63088782709028,7681400
2024-04-11,186.516357421875,187.60437557468177,184.4262563759214,187.0603664982784,10137700
2024-04-12,174.452880859375,180.31283283345405,174.21428344257563,179.730669116781,31532300
2024-04-15,174.54833984375,178.90990796764004,173.8898085897857,176.08490791538944,14766600
2024-04-16,172.55364990234375,174.8060100362722,171.45609307815093,174.55785940954902,16451800
2024-04-17,171.86651611328125,174.0997847395688,171.02664843317345,173.09767254177333,9017100
2024-04-18,172.98313903808594,174.9969019564357,171.76152134535386,172.839986403325,9557700
2024-04-19,177.3256072998047,177.40196022253804,173.1358371435667,174.08067361637623,13402300
2024-04-22,180.77096557617188,181.45812735942548,177.49740116944542,177.5069543871332,11529700
2024-04-23,183.37644958496094,183.46234116906865,181.8303428196935,182.41252116114381,9144400
2024-04-24,184.27357482910156,184.41672746658654,181.49629715923766,181.8398780520335,6964900
2024-04-25,184.55032348632812,185.0943325814848,182.46020780549338,183.48141172959566,9802300
2024-04-26,184.66485595703125,185.98190375230607,184.25446084078007,184.74120887546937,6413700
2024-04-29,184.46441650390625,185.39971421292185,183.653179537329,184.65529150697463,5387800
2024-04-30,182.99468994140625,186.0964565277787,182.8992451443853,184.01587936793962,8153700
2024-05-01,183.10919189453125,185.5906107156563,182.08798801756038,183.50049513128624,7445300
2024-05-02,182.91835021972656,184.67442393414981,180.87595665640484,184.26404331556682,6501700
2024-05-03,181.8207550048828,183.74862604851333,179.86426800149363,183.2428007323514,8922800
2024-05-06,183.24281311035156,183.43368812810877,181.16225065998637,182.98512382682264,7911100
2024-05-07,183.0042266845703,184.13039955093174,182.90878188854626,182.95650428655827,7688800
2024-05-08,186.72634887695312,187.6807386275388,182.28844236186254,182.28844236186254,9227600
2024-05-09,188.4919891357422,188.57788072431907,186.2014593966942,186.26825911130967,7977300
2024-05-10,189.7040252685547,190.24801976902737,189.2268304675511,189.4845051748557,7529800
2024-05-13,189.66583251953125,190.73475872572587,189.007301395376,189.7326467786561,7049200
2024-05-14,192.3190460205078,192.38586028369684,189.12184954887874,189.92353333016814,8596200
2024-05-15,192.89169311523438,193.44524086083933,190.65842482501571,192.79624832491854,8370000
2024-05-16,193.23526000976562,195.15357782872618,192.77715708757773,192.99666261404684,8497900
2024-05-17,195.449462890625,195.69761353618276,193.55977533673882,194.51416504960696,9260500
2024-05-20,186.65953063964844,196.48974700752038,186.48773292892272,195.06770117767758,17373300
2024-05-21,190.4198455810547,190.78250378063117,187.6330292793257,188.0147793513531,14420800
2024-05-22,189.26502990722656,191.77507962196466,188.6733129194728,189.92356116796256,9425300
2024-05-23,187.9384307861328,189.25549332200828,187.12720822353947,188.78783709451415,8069400
2024-05-24,191.5555419921875,191.60324982166694,188.5492060306778,188.73054238375408,7356200
2024-05-28,190.4007568359375,191.26925501132146,189.59907293381323,190.7443377315382,6910200
2024-05-29,189.07415771484375,189.91402537165112,187.90980103166342,188.96917425774282,6120000
2024-05-30,190.2384796142578,190.7347662809771,189.35088971872463,189.50359554891975,6829100
2024-05-31,193.38795471191406,194.02739394811206,189.30316869724464,190.2098358362469,14417900
2024-06-03,192.61489868164062,193.18752365227232,190.1048496000283,193.08254022323226,6444300
2024-06-04,190.0762481689453,192.7676194373073,189.2363806080914,191.0306378288864,6848300
2024-06-05,188.26290893554688,190.70615882571187,187.9384199292547,190.6488832103386,8351600
2024-06-06,187.92884826660156,188.9882212410521,186.42091104225034,188.2628758687044,7640300
2024-06-07,190.83021545410156,191.75597461770602,188.024307437637,188.42514935958465,6964500
2024-06-10,190.50570678710938,191.67960190610873,189.38907271350078,190.15258729864658,6070800
2024-06-11,185.4951934814453,188.91191055404266,184.7698625098068,188.88328002640114,9235300
2024-06-12,182.7942657470703,187.74755082799157,182.5842988392324,187.0603890501278,12751300
2024-06-13,184.82713317871094,185.70517005199585,182.1739306851581,183.5482543347633,8587800
2024-06-14,184.94163513183594,185.97237775666235,182.68927485451107,182.71790538052034,6874000
2024-06-17,186.08688354492188,186.65952314056108,183.85361533502265,184.6552991186537,8725400
2024-06-18,188.0147705078125,188.930991025547,185.27567673463204,185.72424105772285,9023000
2024-06-20,189.6085968017578,190.35301959036525,187.16536154039684,187.43258948693125,8731100
2024-06-21,187.34669494628906,188.17700929825324,185.36156268713378,187.73799820567726,20972100
2024-06-24,189.80902099609375,190.14304864072443,188.1102085595612,188.78781706567207,9785900
2024-06-25,189.03599548339844,190.9447750915495,188.7210451005136,189.0550727942404,6862500
2024-06-26,188.4251251220703,188.9118731211911,187.32758294573782,188.44421699099226,7758600
2024-06-27,190.08580017089844,190.74433141255324,187.91933141310852,188.43471002085207,7913500
2024-06-28,193.03485107421875,193.35935463256504,190.20986578187188,190.88747429822308,15307600
2024-07-01,196.07933044433594,197.64452872629258,193.41659000327897,193.5883731323922,10205800
2024-07-02,199.30520629882812,199.33383682530447,195.43038637882975,195.92665854630712,7802900
2024-07-03,199.1715850830078,200.78450597577336,198.17901165846095,199.9923607921085,5560900
2024-07-05,196.532470703125,199.0084419463454,196.27336816071954,198.64377422771068,8093100
2024-07-08,196.8971405029297,198.5573794017683,195.74552979069207,196.77237767256634,8707000
2024-07-09,199.25794982910156,201.30205403205485,197.1658441534367,197.33859380980596,9058900
2024-07-10,199.42108154296875,199.58422503774028,197.2905953160313,197.82801262669597,8328500
2024-07-11,199.085205078125,199.70900458588088,197.09867916383936,197.89521368869632,10658100
2024-07-12,196.6764373779297,199.085224201204,193.9509550160253,195.77433759701847,15443400
2024-07-15,201.58038330078125,203.07747876015205,198.38465354242032,198.83570341075963,10719700
2024-07-16,205.00640869140625,205.12158000845062,199.6897990400412,201.5323790339862,11557000
2024-07-17,208.1253662109375,208.78754638356358,204.67053414664076,205.17916232258048,11572500
2024-07-18,201.51319885253906,207.90465837072435,200.80304644620205,206.93538878296755,12415100
2024-07-19,201.32125854492188,203.787638142558,200.49593484279177,202.68399960778325,8095900
2024-07-22,201.8011016845703,203.6148926358178,201.25409280392114,201.97385135034514,7663200
2024-07-23,201.8490753173828,202.95269915898984,200.9085949784075,202.5112554797567,5557300
2024-07-24,200.17922973632812,203.48052438660613,199.68020772158312,201.1005270559385,7119000
2024-07-25,200.25599670410156,201.71471129291234,199.66100105914288,200.23679904485417,6403800
2024-07-26,203.6820831298828,204.56498521561846,200.20803848586095,200.8030488593653,8027800
2024-07-29,202.3480987548828,204.99680458777706,202.06019244524745,204.07550732564854,6533600
2024-07-30,206.51315307617188,207.0889512069194,204.37307480201562,204.6321773712648,8850700
2024-07-31,204.21949768066406,207.66473846208044,204.09473484474648,206.11965617262393,9071600
2024-08-01,199.57464599609375,205.207951245614,198.05835297856282,204.6033494115887,10918600
2024-08-02,191.1102752685547,196.41729340747878,188.95099978059565,195.6591542348571,18041700
2024-08-05,187.04124450683594,188.26003972022244,183.2025323392783,186.2255269573448,13927000
2024-08-06,192.26190185546875,194.4307836748442,186.17754637997143,187.5210898263343,10605800
2024-08-07,192.31948852539062,197.4537723017031,192.1275558309593,195.30408805090468,9204400
2024-08-08,195.83189392089844,196.64762609323657,193.65342072084405,194.30600938741946,7761200
2024-08-09,197.5017547607422,198.14473732678184,194.71867950080318,195.26570304351597,5540200
2024-08-12,197.87603759765625,198.78772889996102,195.44805308023797,198.0871679594775,6936000
2024-08-13,199.55545043945312,199.6993962854889,197.11786006073427,199.35391161147854,6387800
2024-08-14,201.7626953125,202.26171729780307,198.76849018306535,199.36350046327019,6999800
2024-08-15,203.0198974609375,205.26554061728052,202.58804526064463,204.41142772567014,7001000
2024-08-16,205.34231567382812,205.45747235510242,203.05827720505397,203.15425086846594,7931200
2024-08-19,206.76263427734375,206.83941027906192,205.19836900335173,205.37110402457384,6090800
2024-08-20,205.87010192871094,207.29042108410096,205.06396138430696,206.3307432087116,5640000
2024-08-21,205.94691467285156,206.33078003410972,204.25787193885594,205.78375651861572,5202300
2024-08-22,207.8950653076172,208.05820882254338,205.6973943235858,205.92772233240674,5247100
2024-08-23,209.50732421875,210.35184563489813,207.77030919614816,208.82596096633335,7214000
2024-08-26,210.3326416015625,210.82207214735465,209.25780684522277,210.17908959536388,5105200
2024-08-27,211.30191040039062,211.5322384088343,210.3518384830516,210.6589278507846,5185200
2024-08-28,212.36712646484375,213.25004306245233,210.35181156210248,210.4093898959632,6506400
2024-08-29,213.25006103515625,213.98900257334432,210.1119097835547,213.19246805291826,6416100
2024-08-30,215.7356414794922,216.38821556365377,212.98135535356386,213.52837890369267,8574100
2024-09-03,211.4170684814453,215.06384784728323,210.39981213405102,213.336424500989,8956100
2024-09-04,210.48619079589844,213.1157139537024,208.45167799328414,212.12723207920712,7389500
2024-09-05,208.85472106933594,211.89689847369655,207.31923046160043,211.27309900776237,8067900
2024-09-06,203.89321899414062,209.91999639189612,202.57845001745773,208.82596392525963,7777000
2024-09-09,208.0677947998047,209.35375986693387,205.54383685302398,206.51312105129102,8935100
2024-09-10,197.2714080810547,209.82399812562028,192.52100489184315,209.78561744862617,28406900
2024-09-11,198.8740692138672,199.3251190484655,193.6918138354718,196.97391086092546,13658700
2024-09-12,198.26950073242188,200.3615919553569,196.62844474311245,199.27715101962826,9054400
2024-09-13,196.0814208984375,199.46908315177689,194.83383653849526,198.51899663631963,10226700
2024-09-16,199.4786834716797,199.81457665233654,197.30021016072058,197.5305381683303,8634900
2024-09-17,200.8126220703125,201.4651960832742,199.28673756042474,199.35390740598294,7573300
2024-09-18,199.16200256347656,202.81837392180947,198.36546795268998,200.58232210578782,8259900
2024-09-19,201.99302673339844,203.3653739246752,198.9796383186764,201.32125504416572,11635200
2024-09-20,202.57843017578125,202.89512568030523,201.05254563504943,201.46520015567114,20885000
2024-09-23,202.91433715820312,203.25982185543435,201.52280686007273,202.49207645675105,7223500
2024-09-24,203.05828857421875,204.36345139466172,201.88748010395994,202.63602786120398,7323200
2024-09-25,201.71473693847656,203.68207992104146,200.19844382266885,203.1446478984502,8976500
2024-09-26,201.32125854492188,203.16383862893971,200.582302352154,202.61682975945425,7807500
2024-09-27,202.01222229003906,203.87399998332447,200.88940076897532,202.15616813497374,7032500
2024-09-30,202.3577117919922,202.45368545325593,196.98350891876606,197.99117378793656,8663800
2024-10-01,198.6917266845703,200.6590695133516,197.87600917065313,200.47672835038065,8540100
2024-10-02,198.93167114257812,200.52474033695253,197.39619493599187,198.73014693766058,5810900
2024-10-03,196.95472717285156,198.16393091884422,196.10061427209934,197.8568269060444,7251300
2024-10-04,203.94537353515625,204.37987213930614,199.78381659479555,202.09150201972523,10211700
2024-10-07,203.6653289794922,205.9826791484361,202.46804538880093,203.7618907615038,6718900
2024-10-08,203.49154663085938,204.05157258412177,201.20317665741186,203.32740337902976,6021800
2024-10-09,206.06959533691406,206.86136077091666,202.16874354804747,202.47771475974207,7024000
2024-10-10,205.5095672607422,207.41171960680364,204.18675618891916,207.41171960680364,7927100
2024-10-11,214.6341094970703,216.89352881613823,207.74968365741609,208.2421134569088,18320700
2024-10-14,213.8520050048828,215.99554718168815,211.34156042358927,215.51276767760157,9048900
2024-10-15,214.7306671142578,217.68527532023913,214.1803061412129,215.95693117924253,9235800
2024-10-16,215.93763732910156,215.9762532106081,213.42717776656056,214.6727572607701,6382500
2024-10-17,216.6907501220703,218.0715071604394,215.6189790372494,216.54592216463283,6470200
2024-10-18,217.60800170898438,218.13906204363374,215.4161936428324,217.25074963533817,7000500
2024-10-21,215.3196563720703,217.92666271781536,215.22309457904748,217.46319852448005,5870000
2024-10-22,216.40106201171875,217.521113903058,213.48508466002997,215.3389560319398,9586800
2024-10-23,215.71554565429688,217.05767211185088,214.86584899630188,215.95693541093075,6180500
2024-10-24,217.23147583007812,217.30872232380713,214.02582737326665,214.18997064746745,6002200
2024-10-25,214.65341186523438,217.84940969268465,213.2726696126605,217.25076784703845,6369700
2024-10-28,217.73355102539062,217.868728693903,215.27137266803004,215.65760510182318,6843000
2024-10-29,215.2230987548828,218.94050685947278,215.13620197943288,217.45355245759362,6580000
2024-10-30,216.68109130859375,218.5156474524891,213.94855766414204,214.87548602178538,7110900
2024-10-31,214.27685546875,217.91701709128074,214.18030840692387,216.96110835965536,7829900
2024-11-01,215.26171875,218.36115478761525,215.0299792936343,215.86036059570225,6923500
2024-11-04,212.2105712890625,216.0534922634922,211.6215796668568,214.9817211061429,8229600
2024-11-05,213.8616485595703,214.3154624265246,212.42296047781522,212.45192606649232,5600700
2024-11-06,238.55101013183594,239.4586379717928,226.68429620853013,226.90637065875526,23987800
2024-11-07,228.23883056640625,236.14676076756385,227.11877864228583,236.07916456872846,16451100
2024-11-08,228.8181610107422,231.09688077350958,227.65949319123993,231.09688077350958,9502100
2024-11-11,231.048583984375,233.76181688441483,230.76857838445073,231.734137289825,9017100
2024-11-12,231.30931091308594,233.14388184693877,230.53686076900374,232.26521962387952,6861000
2024-11-13,232.85418701171875,235.68326750644812,232.03345605640476,232.29416108376773,11472600
2024-11-14,233.5397491455078,235.87640014281013,232.7479984317867,234.07080953881766,10172200
2024-11-15,236.86126708984375,237.93303812916133,233.1438739185833,233.1438739185833,11518800
2024-11-18,236.59091186523438,239.3910269686542,234.32184240561926,239.22688371269956,9051400
2024-11-19,234.7176971435547,236.7067460158184,233.23074299824628,233.90663124611376,6792700
2024-11-20,232.48728942871094,236.1853820806055,230.42099380614764,235.9826082126915,9015300
2024-11-21,236.33021545410156,237.03508413180523,233.771489998293,234.8529113632746,8783500
2024-11-22,239.98968505859375,240.5690116009233,234.65979541625032,235.219821387118,7997300
2024-11-25,241.6697540283203,245.55130530795057,240.4821205914916,240.99386567944467,10295400
2024-11-26,241.3607635498047,242.3552880551951,239.78689780117762,241.86285831172583,6212100
2024-11-27,241.18698120117188,242.53877266956593,240.20212160840157,240.76214760817405,5472300
2024-11-29,241.119384765625,243.09878358106323,240.8586797210085,241.25456243074825,5494800
2024-12-02,237.76889038085938,241.63112616369568,236.5909072884335,240.95523784835137,8899700
2024-12-03,236.38816833496094,240.46281387900356,236.20470976229734,239.68071342355267,6657700
2024-12-04,235.01705932617188,236.89991119978995,233.88735704195787,236.2722889974968,7346300
2024-12-05,237.02542114257812,238.66686850941545,236.19503980642355,236.93852436784667,6572500
2024-12-06,238.84068298339844,239.20760013056864,236.40747009501496,237.2378514526948,5519700
2024-12-09,235.41294860839844,239.33311597717812,235.3646677094542,238.6186117125457,7076500
2024-12-10,234.49563598632812,239.4199922894347,233.87767887717348,235.49016047866672,9108300
2024-12-11,235.142578125,235.85709707692163,233.8390676036829,235.59639202600604,7884400
2024-12-12,233.21145629882812,235.692949917877,232.73832710066324,234.63082916006218,6113800
2024-12-13,231.6762237548828,234.3604765375674,230.9037736251097,233.7328690945859,10392700
2024-12-16,231.32861328125,232.38106899290696,229.33956421642742,232.32313781366128,9032000
2024-12-17,230.150634765625,230.78790721651086,228.4802218867217,230.43064038196303,8083600
2024-12-18,222.43582153320312,230.83619659782678,221.6247555113085,230.76860039603835,11322400
2024-12-19,224.93661499023438,228.21950946148152,224.27037697069503,224.27037697069503,11790800
2024-12-20,229.41680908203125,230.97135955828864,223.61379044750802,223.93242666437249,32348400
2024-12-23,230.1796112060547,230.4016856524641,226.79050439374112,227.93952196997523,8611500
2024-12-24,233.964599609375,234.13840789117347,230.8361978696138,231.18378496668848,3729100
2024-12-26,234.76602172851562,234.88188409735528,232.49695211699543,233.11490930624282,4451800
2024-12-27,232.86386108398438,235.0074032318014,231.77277470486047,234.3604804730654,5730200
2024-12-30,231.0775909423828,232.54523003977909,228.9436990328983,230.54653053655986,5723800
2024-12-31,231.4541473388672,233.12456023279114,230.79755957752477,231.78243385290807,4871000
2025-01-02,231.73416137695312,234.9011937371106,231.20310097714537,232.6224738942401,9220900
2025-01-03,234.9011688232422,236.4460689618726,231.9851768098756,235.49016034360332,9491100
2025-01-06,233.75596618652344,238.4534043913479,233.49391466904717,236.52201288218131,9917800
2025-01-07,236.00759887695312,238.03603585964578,233.8044559653357,235.00793797890452,8753400
2025-01-08,235.96878051757812,237.05578696137664,233.41624059042408,235.5999684129956,8675300
2025-01-10,232.80479431152344,236.62874677173156,231.70808773150114,235.9299526770056,10256800
2025-01-13,237.01695251464844,237.33721953720658,231.96040331538282,232.61066710404023,10005300
2025-01-14,240.18096923828125,240.4236056871978,235.0564886219116,235.51264633062303,12407400
2025-01-15,244.91722106933594,246.19833373301464,236.50257655181815,243.0246450469622,18448500
2025-01-16,246.7806854248047,249.46910144518222,244.89782419787434,246.51863391142942,15292300
2025-01-17,251.52664184570312,252.94363035716344,244.71340648745428,246.65449800073918,17678100
2025-01-21,255.28265380859375,256.46672083789156,251.85662841034198,252.4098466101375,13712100
2025-01-22,255.09823608398438,255.62233907134996,252.5845261978736,255.15646645827997,9021900
2025-01-23,258.1166687011719,258.999839319307,256.03968646138014,256.89377150881944,10749700
2025-01-24,257.0393371582031,259.2327800677332,255.26325143834285,255.92321545084891,7666300
2025-01-27,258.0196228027344,258.13608356694,254.53536671960657,256.38911286643724,7522300
2025-01-28,259.2716064453125,259.4559828890109,257.02961850864546,258.0195941318063,7375400
2025-01-29,258.72808837890625,262.7073321141327,257.7866577607091,259.3395369767374,7684900
2025-01-30,260.3294982910156,261.75620173432395,258.76690422515134,260.7177106689235,8753500
2025-01-31,259.4268798828125,262.8432200467561,259.0968978658329,261.3000557826277,7193800
2025-02-03,258.9512634277344,260.27122081620666,253.99178973862072,254.11793578411613,8381400
2025-02-04,260.04803466796875,261.8920656979003,258.97071346699056,261.8920656979003,5626000
2025-02-05,262.4646911621094,262.66852710369653,260.4265390771867,260.98947222246505,5704400
2025-02-06,268.7441101074219,268.8217703532776,263.20230221236784,264.4251993255983,7264400
2025-02-07,267.6764831542969,270.3454837389774,266.61859193134063,269.10318646976515,6857900
2025-02-10,263.0567321777344,268.0453220031556,261.64942897239877,268.01620681498275,8627400
2025-02-11,266.8903503417969,268.0841322055861,261.7173548361182,262.29968817500816,7196400
2025-02-12,267.3368225097656,268.3073682010428,265.20161014147436,266.0071500330046,6683900
2025-02-13,268.1811828613281,268.812031614192,265.74510378599365,267.3853283146615,8398700
2025-02-14,268.4432678222656,271.0055230328968,268.30740680766394,269.20029238564155,5688600
2025-02-18,271.7043151855469,271.7237154392855,267.8900475882826,268.6082716385242,7919800
2025-02-19,271.02490234375,271.9954480996811,269.0546956439582,270.18053227508295,7007200
2025-02-20,258.9416198730469,270.5299396441295,257.91284364575284,270.47170926286447,13846700
2025-02-21,256.45703125,261.2709600914064,255.09827295553427,260.41687498668233,12835600
2025-02-24,253.64239501953125,259.13568691818347,250.99279474898321,257.6701535179273,10372800
2025-02-25,249.81846618652344,255.2535282245515,245.88776780849437,254.50621867157093,9608400
2025-02-26,251.16754150390625,253.22509374318383,249.36231101747035,249.5855472014318,5943600
2025-02-27,251.41983032226562,255.87466077027509,250.26487866814492,252.51655160884258,8204400
2025-02-28,256.8549499511719,257.0102408394051,250.2940802308907,253.05042685493686,10467100
2025-03-03,252.94363403320312,258.47575677394605,250.22611772259287,256.2240834773225,9058300
2025-03-04,242.87905883789062,249.6534784144641,238.70570941047404,247.76090247214182,13465600
2025-03-05,244.12136840820312,245.59660207726964,240.5303521377995,243.84961678618464,7861400
2025-03-06,239.27835083007812,242.0152970466892,236.66759511360632,240.80211481791196,9983200
2025-03-07,235.14381408691406,239.4530394207747,232.36805275623323,238.00692097749285,20498700
2025-03-10,225.38014221191406,230.5143228718976,221.96381691976234,229.25262520540508,18887200
2025-03-11,222.39085388183594,226.44774284176466,220.01301974210133,224.9239788967364,18143000
2025-03-12,221.18736267089844,227.4182791975453,220.56621400526214,227.10769746005099,16054000
2025-03-13,218.55718994140625,222.7402395654928,217.62545954737027,222.5461333861297,16467900
2025-03-14,225.5936279296875,226.27300690677845,220.87677558966877,221.40086371218152,11962100
2025-03-17,227.03976440429688,228.72851937201781,223.67198421387434,224.37076354224342,9586000
2025-03-18,228.0491180419922,229.21376988809178,226.64182977756553,227.4182692780825,10344900
2025-03-19,232.06716918945312,235.1923273433058,227.9714653930214,228.7964351129541,10120600
2025-03-20,231.97010803222656,234.63910854161898,229.2428771539436,229.59227417663809,8328500
2025-03-21,234.51296997070312,235.16323383404452,229.53406562636874,230.8054781658387,19326900
2025-03-24,240.7535858154297,241.36503440089746,237.21109961277028,238.24957590512537,9422700
2025-03-25,243.733154296875,244.4028332211237,240.32652930123646,241.96675395701018,9287700
2025-03-26,243.63609313964844,247.16887900045046,242.42291097853027,245.1598570425021,12779300
2025-03-27,240.81179809570312,243.25757744441526,239.89948275399726,242.1802711082619,8022500
2025-03-28,235.69703674316406,242.16086005777964,234.00828183952703,239.6665652294854,11978400
2025-03-31,238.0748748779297,238.61837812715723,230.36873927152533,232.35836101622476,13603000
2025-04-01,236.48318481445312,238.45339153399044,233.78506877067235,235.47380892493115,8054700
2025-04-02,238.57955932617188,239.9674326166383,234.34797933558323,234.4838551459041,7758800
2025-04-03,221.95411682128906,228.2141341410838,220.60505877931982,227.36976405138714,17188500
2025-04-04,205.34344482421875,212.58925038559218,204.02513159690807,210.25535885692955,27170700
2025-04-07,209.40577697753906,216.83712407913987,197.41406528016333,200.9393169780438,22914400
2025-04-08,211.7787322998047,222.49120061794363,208.2437205687665,218.27262514065112,19485700
2025-04-09,228.83859252929688,231.9048767833682,206.04652973562588,207.5113154920403,24022400
2025-04-10,221.77830505371094,224.94224730507602,214.93287906637536,224.60045803913644,18896400
2025-04-11,230.65492248535156,232.97905393688654,219.71785872027854,220.9971025358475,20284500
2025-04-14,229.2096710205078,234.15087913970558,228.14526363842643,231.53380246810318,13017800
2025-04-15,227.6570281982422,233.0474295546492,227.35430816452694,230.5573054576636,10912900
2025-04-16,224.21963500976562,228.09643576900157,222.5790672431111,226.55352634462056,9322300
2025-04-17,226.5144805908203,228.83859723978307,225.13757837531108,225.38170933973876,9557900
2025-04-21,223.6141815185547,226.36797077779246,221.02638461013967,225.2156798914525,8716200
2025-04-22,230.0592498779297,230.44986835764868,225.9383180454656,226.53399818903708,10701400
2025-04-23,235.22506713867188,240.99631170351697,234.36572139205154,234.58055782870665,14126800
2025-04-24,238.89678955078125,239.7073061190241,232.00253368423319,234.1118287364866,9055200
2025-04-25,237.83238220214844,239.85377878556818,236.07463632488924,238.9065494767277,8588600
2025-04-28,237.51011657714844,241.04512791658067,235.18598519677712,238.81865487510098,7394300
2025-04-29,238.87725830078125,239.49247309158469,236.01605058594708,236.50431250866183,7216800
2025-04-30,238.87725830078125,239.4631785682675,232.83257331348125,235.5473233123009,12991700
2025-05-01,241.093994140625,242.61736909781558,236.4847999672637,237.13906921679697,8689600
2025-05-02,246.58203125,247.66597331622904,243.60364543700763,245.36137644120922,7165000
2025-05-05,246.630859375,249.16982732673011,244.7071062124704,245.28325170363556,5450700
2025-05-06,243.3985595703125,246.71873456309945,243.1544286178849,244.13095242759528,6369900
2025-05-07,243.5352783203125,246.5234388677099,242.98842735746476,243.98448584012095,8724100
2025-05-08,247.51950073242188,249.87292678022158,245.64457673393773,245.66411138304096,8320100
2025-05-09,247.13865661621094,249.51160240858812,246.41602360630893,248.52531868880288,5087600
2025-05-12,253.94500732421875,257.4116847639064,252.62672400889193,256.7281061698435,9603900
2025-05-13,256.8355712890625,257.480080666336,254.2770833315241,254.90204315724205,8589000
2025-05-14,259.4038391113281,260.3803630716006,256.13247788418613,256.8258015516586,8643100
2025-05-15,261.2103576660156,263.19269990894253,258.5444666020599,260.7025759874391,9214600
2025-05-16,261.2787170410156,262.1575825394603,258.495618128322,261.2201279945288,8932900
2025-05-19,258.66162109375,262.02086524830315,255.78086405036862,259.31587533133506,12145000
2025-05-20,259.4428405761719,260.3998446453458,256.14218530617444,256.3570217379832,8436300
2025-05-21,254.9117889404297,259.4135494924094,254.60906893720573,258.144080433802,7464000
2025-05-22,254.55050659179688,256.14221556877544,252.7927456326475,253.3493714264354,6514100
2025-05-23,254.58950805664062,255.8394573114257,249.9900893661378,250.78107124918157,6671800
2025-05-27,259.06201171875,259.0717566921421,255.83946524243134,255.8883093139594,7506600
2025-05-28,257.30426025390625,260.45844302460614,256.7281147573034,259.9897008471859,5535400
2025-05-29,258.16357421875,259.1791672441841,256.3667741282984,258.5834722711684,5081200
2025-05-30,257.80230712890625,259.10107079095377,256.56213251620557,257.265230909512,10977700
2025-06-02,258.44677734375,258.8080863604011,255.75156227727646,256.84526410102234,6011200
2025-06-03,260.01898193359375,260.32170192801004,256.70858174263634,257.53863293425644,6998400
2025-06-04,258.0171203613281,260.8490334291481,257.9780510648975,259.67722274650265,5915700
2025-06-05,255.80043029785156,258.5249103385397,254.1989169051607,258.5249103385397,8173800
2025-06-06,259.49169921875,260.39008449229345,258.056207934954,258.12454195712064,7738100
2025-06-09,260.47796630859375,261.61073756854347,257.1675659016327,259.75534818459647,8285000
2025-06-10,262.2942810058594,262.58722620570774,259.60884073640483,259.63813525638966,7538100
2025-06-11,261.8548583984375,263.2903496169879,259.5502764699578,262.37241483499554,7434100
2025-06-12,261.9427185058594,261.9915625735477,258.91551875248643,260.5951109763504,6618000
2025-06-13,258.7300109863281,260.75139274608847,256.5425772552077,258.85693405632503,7098300
2025-06-16,264.0129699707031,265.3508326588525,260.5853915714537,260.731864186611,8566000
2025-06-17,263.19268798828125,264.2375756229939,261.51306583381086,261.87440467845437,6739300
2025-06-18,267.5284729003906,271.20021221292876,263.3880211997966,263.66144669321045,9586400
2025-06-20,268.5440368652344,270.79002961674195,267.3819711943445,269.1006625666469,13969700
2025-06-23,271.7372741699219,272.0106996489925,265.7218838292262,268.60264103465835,8094600
2025-06-24,274.6571044921875,276.0730461780452,272.94818777394573,273.6317365805569,9267900
2025-06-25,277.391357421875,277.60619385702887,274.3153133103271,274.8914587952529,6826900
2025-06-26,281.9712829589844,282.6157923247423,277.79176175773335,278.0163729885891,8942100
2025-06-27,280.3697509765625,281.9224501380631,278.34836923641,279.10028187976,17868600
2025-06-30,283.10400390625,285.77966944457916,282.13725493022537,283.58249100733053,12689200
2025-07-01,283.5923156738281,284.29541408948995,279.86198714070144,284.06105788465106,9338300
2025-07-02,285.1449890136719,285.945745792629,282.8989958836799,285.1840583153917,8158700
2025-07-03,290.443603515625,290.8360888827844,285.74351114178125,286.66586822419856,6541600
2025-07-07,286.4892272949219,290.4828336535378,284.63469143869315,289.70765491378785,8825700
2025-07-08,277.47174072265625,284.26185381377417,275.04810559551106,283.83990288185674,15440900
2025-07-09,277.8446044921875,281.80877514408627,277.1773764457948,281.7891314137912,11273800
2025-07-10,282.78021240234375,282.89795501811136,277.687634657396,277.687634657396,8410900
2025-07-11,281.4751281738281,281.9853860406829,278.3253938002881,280.16028588065166,7384700
2025-07-14,283.2806396484375,283.8693527089549,279.90521169280953,281.6812326297011,9079900
2025-07-15,281.17095947265625,286.4696162877272,280.12106794184945,282.5937524960941,12526100
2025-07-16,280.4546813964844,285.2725159686822,277.6974322542774,282.98623724838524,9979800
2025-07-17,284.4580993652344,284.85058472552134,278.11937245969557,278.11937245969557,8509500
2025-07-18,285.8023986816406,287.0093204502985,282.8194857660448,284.08524890116877,12217000
2025-07-21,285.50799560546875,288.65773001934355,285.125302200427,285.5374312562634,7898100
2025-07-22,285.9593811035156,288.11809552877634,283.75161723688194,286.0280742772089,6717500
2025-07-23,291.1893310546875,291.41499440772435,287.0583381931105,287.34290279554006,7083500
2025-07-24,290.9832763671875,293.9662191525474,290.6398703754944,291.83697024730424,7001200
2025-07-25,293.014404296875,293.2891470363467,290.4043332995373,291.1304626389869,5918500
2025-07-28,292.6807861328125,293.8091927274499,291.2482011503524,292.0724293571669,5840400
2025-07-29,291.464111328125,295.6343323000827,290.6398830117393,294.36853919701497,7635700
2025-07-30,294.0054626464844,294.9670472888904,291.79769880383014,291.83695632333047,8061700
2025-07-31,290.6790771484375,295.33011989507037,289.9529777509294,293.5246633224064,14749700
2025-08-01,283.9380798339844,286.32245784834123,278.9043729516421,284.9487439683445,12007100
2025-08-04,288.73626708984375,288.79513839592664,284.81135364584816,284.81135364584816,6649500
2025-08-05,285.9004821777344,290.23752439689997,281.8480045472989,289.1581672885365,7182300
2025-08-06,285.8808898925781,287.784475314663,284.71322574362773,286.8130388717205,6330200
2025-08-07,281.5536804199219,287.95127882891904,281.03363056399576,287.44105083933385,8057100
2025-08-08,283.3394775390625,285.76311250140685,279.3654851809607,283.555348950698,6634100
2025-08-11,284.12445068359375,285.85142199203483,283.3590938436637,283.9674505696709,5510100
2025-08-12,287.3527526855469,289.2170807199043,284.88985973561466,286.02808831162713,8570900
2025-08-13,285.0762939453125,289.0208214451698,281.7695589346143,288.43210834423235,8420400
2025-08-14,288.6381530761719,288.67741059714604,284.20301143696577,285.1253385944976,6322400
2025-08-15,285.0370178222656,289.95298150728627,284.3796115875491,289.30536719380285,7340500
2025-08-18,286.0574951171875,286.4205448097455,282.9960675051489,284.5562169634104,5386900
2025-08-19,285.203857421875,286.9897003409671,284.0950645111781,285.3706494849781,6031500
2025-08-20,286.754150390625,287.8236856501562,281.8774445149503,285.35100110061984,7374200
2025-08-21,285.9986572265625,287.27424223237057,284.0362003285711,286.45983579537915,6624000
2025-08-22,290.6790771484375,291.5818204071259,284.6837862966605,287.6961645212777,8552800
2025-08-25,289.3642578125,291.76827944217837,288.61854456863614,290.67910031440016,5856300
2025-08-26,292.96533203125,293.13212406826625,287.9904975110241,288.63811176318757,6714700
2025-08-27,293.6620178222656,295.41842494390727,291.46407591230917,291.6701254801894,6056500
2025-08-28,295.4184265136719,295.5852185641284,293.0929201153854,294.38811877937053,6410500
2025-08-29,295.7618408203125,297.26311888832026,294.1035626344117,296.37019756170366,6796400
2025-09-02,294.0741882324219,294.81990151683937,288.97178814468,294.6236737871366,7221900
2025-09-03,293.8876953125,294.9277949064193,290.8164459674565,294.9277949064193,6316900
2025-09-04,298.1168212890625,298.7153562428407,292.68080753910596,294.36852159403367,6605800
2025-09-05,288.85400390625,299.4218223620716,288.78531073562726,297.9499798501053,9837700
2025-09-08,287.4115905761719,290.89493913151904,285.9691837491296,289.3544334283243,8188500
2025-09-09,292.2588806152344,293.3872872696363,286.8228669749493,287.1074315912692,7848200
2025-09-10,294.89837646484375,295.8796048140829,289.8548483762926,291.13046319713106,7787300
2025-09-11,299.82415771484375,299.9909797241969,295.1437088676121,295.5852436958139,7942500
2025-09-12,301.1488037109375,301.7767742987404,297.9990690164523,299.27465392414524,6846700
2025-09-15,303.1014099121094,304.1317175736464,301.4039041511534,301.4039041511534,7122000
2025-09-16,303.385986328125,305.06387836899023,301.3646583866889,304.1807788708881,10525600
2025-09-17,305.8979187011719,307.03614710830897,302.9738476236277,304.56346260331446,8657800
2025-09-18,307.35015869140625,307.5562082549167,303.79808700514394,305.93718750933925,8050700
2025-09-19,308.8710632324219,309.8719053836384,303.31730709863126,307.7132209495945,23568600
2025-09-22,306.57501220703125,307.811369607681,303.74906954538335,303.9845547856156,7520200
2025-09-23,306.8693542480469,310.37234675445063,304.74989735202223,305.9666409066948,8584400
2025-09-24,307.53662109375,310.63727651453155,305.81947137817144,308.15476983779797,7310500
2025-09-25,307.5660400390625,309.72472445454315,305.94698929656073,308.2234462682717,7083200
2025-09-26,310.12701416015625,311.8441636854759,307.8113297451866,308.988785738579,7258100
2025-09-29,309.7640075683594,312.0404647281687,307.7721150397051,311.10828573544467,6462400
2025-09-30,309.50885009765625,311.45169300349573,304.28870810842403,310.31346452838187,11823300
2025-10-01,304.8774719238281,308.68464295873514,301.6394301376976,308.07628613361976,9235200
2025-10-02,301.7767639160156,304.7302708010082,300.3932583082978,304.1807853263183,7600000
2025-10-03,304.2102355957031,305.80964265751953,302.4243927447969,302.718779227698,6029900
2025-10-06,304.8511047363281,307.38512889871987,300.8578215934895,305.8371035459471,7214500
2025-10-07,303.38201904296875,305.66954382645594,300.4338918141804,305.0187809092415,8454200
2025-10-08,299.773193359375,304.4566873375159,299.2999031353941,303.8946608384686,6489900
2025-10-09,301.2522277832031,303.7270945284432,299.1422058887319,300.77893750215213,7060300
2025-10-10,296.67718505859375,306.1230400580682,296.59828830624,301.38038837024254,8597400
2025-10-13,303.6580810546875,305.1272097801061,301.17337467050265,301.3212684867699,10788700
2025-10-14,297.85052490234375,302.70165257420854,290.0907186231138,301.5578902761218,16178800
2025-10-15,301.4100036621094,307.7499693151439,301.1635039391426,302.1002149225357,11354800
2025-10-16,294.3600769042969,304.35808863852304,292.9106575300408,301.0747260223031,10549400
2025-10-17,293.3938293457031,295.3559575215809,290.08088749555986,294.97143359875633,10153500
2025-10-20,298.1265869140625,299.43798218705626,293.9854099500461,294.32064593592156,6894900
2025-10-21,292.93035888671875,299.7929016175946,292.841622611914,297.43638030144115,7372700
2025-10-22,289.99212646484375,293.88683421544886,286.47213320670807,293.60088610479784,8054100
2025-10-23,290.4161376953125,292.22050252499105,288.41456104050746,290.25837425327126,5438800
2025-10-24,296.2334899902344,298.36325106738366,291.31336547241364,291.93451945757295,7228300
2025-10-27,299.89154052734375,300.2662249001909,296.7955198233114,297.92941246883,5642200
2025-10-28,301.0846252441406,303.65809815329317,298.9154456060477,300.59162576862406,6336000
2025-10-29,301.2325439453125,303.9341713954877,298.7675466103937,299.26054607737746,7520300
2025-10-30,305.10748291015625,308.2330823767899,300.82825156305904,301.50859316866377,7514600
2025-10-31,306.7639465332031,308.4894444595929,302.9481359332913,304.22008283002725,7721300
2025-11-03,305.0187683105469,307.9471862719047,301.9227172950412,306.6456604912348,7770000
2025-11-04,304.920166015625,307.84858401169095,300.82827651560933,302.415720333495,7085200
2025-11-05,307.3161315917969,308.7162632770978,301.35085025066564,305.27510663609064,6865200
2025-11-06,309.03179931640625,310.4319009529449,305.9160390722913,306.63579903674446,7206100
2025-11-07,309.8106994628906,310.0276204199649,303.3327096940284,307.5232049313688,7302300
2025-11-10,312.4532165527344,315.0858168552232,309.810716541713,310.58966412464275,5794100
2025-11-11,311.2009582519531,314.58292715130625,310.86572224729366,313.05464094031504,5030200
2025-11-12,315.92388916015625,317.7381233989844,311.782682032414,311.83200002815875,10578300
2025-11-13,305.1469421386719,316.14082355780937,304.7722577523736,314.7604311532612,8973300
2025-11-14,299.3591003417969,303.3327046462357,297.0124483237873,303.20451997960254,10327000
2025-11-17,296.1644592285156,301.31137424610444,293.5022804823602,299.74363974118836,8344000
2025-11-18,295.2179260253906,298.70837045931603,292.8613742767781,295.3066623130797,8077300
2025-11-19,299.02386474609375,300.1873662746028,295.0798692888629,295.5432899586994,5546600
2025-11-20,294.2023620605469,305.58079800315744,293.98544109490615,302.05090502503106,7501600
2025-11-21,293.84735107421875,297.456110287291,288.71030575970536,297.0715864028587,11766800
2025-11-24,293.8276672363281,295.6221924256846,290.386540762355,294.0642973394352,10940200
2025-11-25,298.75762939453125,300.2366275598507,291.4217960873232,295.84892096661844,8877200
2025-11-26,303.33270263671875,304.21022597199055,298.95486530692773,300.7296512123902,7910900
2025-11-28,308.696533203125,309.3275869646093,303.9243019705234,304.77227670123045,4322400
2025-12-01,304.5948181152344,309.6431280779537,304.22013368841834,308.56839280068186,7727300
2025-12-02,303.5693359375,306.1329390093465,302.7903884074122,304.4172805196406,7249000
2025-12-03,307.75982666015625,307.98658713845214,302.50443592551073,302.89885953876745,8535300
2025-12-04,311.67425537109375,314.0307770729326,308.61765279183703,308.8740221323167,9627800
2025-12-05,310.6291198730469,314.02095869272745,310.27414460153136,311.2207252653726,6518900
2025-12-08,310.79669189453125,312.0390600856641,308.96274846028484,310.64879808375287,7417200
2025-12-09,296.30255126953125,314.336450228146,295.8193913272319,310.5403783790639,18049200
2025-12-10,305.76806640625,306.8329619363725,294.2811866679717,296.292632599085,18874100
2025-12-11,312.9363098144531,313.5476242674454,304.9102649889192,304.9102649889192,9721900
2025-12-12,314.0603332519531,315.7858311866128,312.16723236849225,315.2040954937631,8982900
2025-12-15,315.53936767578125,318.35934027084556,313.9322146909975,315.11539535630396,10864100
2025-12-16,311.1319274902344,315.0463441586525,309.9980348220149,314.6223718715413,8331300
2025-12-17,310.5699462890625,314.8984658400699,310.2544194174254,313.9716244610726,8718700
2025-12-18,308.6176452636719,313.2518519730792,307.84856735129125,311.57564186364317,11444900
2025-12-19,312.7686767578125,314.099781180705,308.8049723403709,309.39657764946713,24494400
2025-12-22,318.56634521484375,318.7043994886834,313.0644852104395,313.0644852104395,8354600
2025-12-23,321.3666076660156,323.1907116116738,318.56637445826755,319.07908304324746,6668300
2025-12-24,324.5612487792969,325.36974495293686,320.9426198260136,321.6722493328215,4289300
2025-12-26,323.31890869140625,326.22758744424,321.96809498869885,324.50208933838474,4158300
2025-12-29,319.2171325683594,323.1808371734579,319.0002116144308,322.4216288798564,8635300
2025-12-30,318.8917541503906,320.3904615362508,317.97475237184364,320.2622768741799,7904300
2025-12-31,317.70855712890625,320.3313177342217,317.5310845539587,319.79886991908165,5048500
2026-01-02,320.92291259765625,321.1694123071354,316.2492576445291,317.9846252281575,8054000
2026-01-05,329.3630676269531,332.5281155423397,320.63697169770103,320.942628937084,10752600
2026-01-06,331.41326904296875,332.6612412306879,327.49110960074296,329.44229029813283,7660800
2026-01-07,323.8660888671875,328.9767963949314,321.4989374679619,327.9764659913386,9815200
2026-01-08,326.63934326171875,328.2339475379842,322.53888044956136,323.27183137637843,11737100
2026-01-09,326.0450744628906,328.7291759216584,325.0348299492433,326.1936353875406,6738100
2026-01-12,321.38995361328125,322.9053354478686,318.1611187929736,318.80490292970194,12805100
2026-01-13,307.9297790527344,323.7372950994605,307.60294504088824,321.20175473899405,19371200
2026-01-14,304.9287414550781,308.78159262538577,303.19546018048277,305.2556057077196,25951500
2026-01-15,306.30548095703125,309.95031666446005,304.8098971346673,305.5230197927318,14751400
2026-01-16,309.48480224609375,314.17950872864606,307.0383983149945,307.38506061636195,14652500
2026-01-20,299.8477478027344,308.1774060521912,298.9761500928895,303.2845981841295,12900600
2026-01-21,299.15447998046875,302.4823658305288,298.2729680555718,300.53118494697816,10270100
2026-01-22,300.729248046875,305.2555953909441,300.0062112868251,301.9474777854751,10535800
2026-01-23,294.8757019042969,299.4812715954647,293.6772702297321,299.11481126550876,11107900
2026-01-26,298.16400146484375,298.8969221500132,294.60830241167326,294.96484861763906,11752700
2026-01-27,297.44097900390625,299.08512378237486,295.3016109870806,298.45122352878457,11527400
2026-01-28,297.89654541015625,299.03558292254246,295.2025300603667,297.4013222225187,9556700
2026-01-29,303.49261474609375,303.898671192008,299.3327275624257,299.51100066931883,11580000
2026-01-30,302.9676818847656,304.98817089860455,299.66947824936375,302.333781642444,11953200
2026-02-02,305.1961975097656,306.34508884518107,298.49085539325506,301.5513314360023,9839400
2026-02-03,311.8420715332031,313.22869052113475,306.14700443281885,306.77099053389486,12688000
2026-02-04,314.2389221191406,316.25944126204155,311.4062598905275,311.4062598905275,9848800
2026-02-05,307.1968688964844,312.9909865673853,302.6210112179966,311.99062599899656,9388000
2026-02-06,319.3199462890625,321.15227836348157,311.7034102684662,311.7034102684662,17797400
2026-02-09,319.0228271484375,323.2817350541263,317.05181803840316,318.27007812796035,11477500
2026-02-10,315.2392883300781,323.01429884581904,312.1094739861534,319.4684837021083,9902200
2026-02-11,307.8505859375,322.1724337503843,305.78055639607567,320.15191444315514,8703500
2026-02-12,299.74871826171875,310.62380057979817,297.15372325834437,309.29660600764385,13443400
2026-02-13,299.6595458984375,301.38294318623025,293.6871553220786,295.6680481198895,9114500
2026-02-17,304.19580078125,305.29518175186814,299.61002921690664,299.8675549474044,8896800
2026-02-18,305.8300476074219,309.2966101142475,304.2849535938903,305.51309749540866,7209600
2026-02-19,305.1070251464844,306.226234501648,302.2050242231491,304.2354576365961,6737700
2026-02-20,307.82086181640625,308.0288471084009,302.75966472033866,305.4536802835111,7792700
2026-02-23,294.82623291015625,308.028871901531,292.2807780649544,305.84987743753925,12955400
2026-02-24,294.459716796875,296.886322684036,288.5962907533433,293.98432184665864,13554100
2026-02-25,300.4023742675781,300.75895068108485,294.1724883145502,295.78692074637365,8095500
2026-02-26,303.20538330078125,306.05787397622345,300.73918125790124,301.67017313360896,7007800
2026-02-27,297.4310607910156,300.0557680991628,291.636973162459,297.13393894248406,18620800
2026-03-02,294.7172546386719,297.11414843979566,290.4088063693875,291.9935267958635,8508900
2026-03-03,297.3914489746094,299.5011046657454,286.73423592223537,289.4975898716125,10278200
2026-03-04,296.52978515625,298.12438947518206,292.99388398032096,297.12402886142485,8055700
2026-03-05,290.74554443359375,298.3620800816865,289.63624924146006,295.1332451958745,12732500
2026-03-06,286.7144470214844,287.21955415339994,280.99955170429564,283.6044306839189,13496500
2026-03-09,287.1502685546875,288.31898819476027,277.77073879547015,282.7724816341387,12241100
2026-03-10,285.97161865234375,289.9532025593205,284.43640849634494,286.52626625452876,8344900
2026-03-11,284.7731628417969,287.7049062038017,282.1385715612803,286.05084727233185,10205000
2026-03-12,280.18743896484375,281.16797137675815,276.43363807803536,280.1279843639117,13760500
2026-03-13,280.7321472167969,284.4463214441296,280.2468381234208,281.9504072447318,9091200
2026-03-16,283.4261474609375,286.506421278288,281.89093739443587,283.6044205599556,8149000
2026-03-17,284.1492004394531,288.97266988082987,283.2181783456238,286.23902796907333,8961200
2026-03-18,284.99102783203125,286.6450865635814,282.3960631878955,284.08971801136914,10057000
2026-03-19,285.2188720703125,286.7441681021885,281.900870340191,284.13928904174674,9846700
2026-03-20,283.82232666015625,287.9326733008621,282.5446423017302,285.3277943529036,22436500
2026-03-23,287.14031982421875,292.9245231806114,285.2188513876401,291.4982779446762,11470800
2026-03-24,289.6065368652344,292.6571288676103,282.64369950840546,283.4360748065673,11092300
2026-03-25,292.59771728515625,294.7965097163498,289.6461758443202,291.3398308899875,12188200
2026-03-26,288.87359619140625,292.1717693530369,287.95248830787267,289.78478993876473,8669200
2026-03-27,280.13787841796875,287.3384134369941,279.05829538327214,286.3777093696089,9873300
2026-03-30,281.0589904785156,284.50575515603197,279.6327451103039,282.01972478590784,11734400
2026-03-31,291.3497314453125,292.25104134220237,282.22772810140145,285.71408872506316,12956900
2026-04-01,292.5580749511719,295.8661624411999,290.1116710297465,292.567989087923,11267200
2026-04-02,291.7855224609375,292.7957669317203,285.9616926535428,289.1212191631598,6669300
2026-04-06,294.125,295.4987855589938,291.88509063240025,292.7412191857173,7142600
2026-04-07,296.0662536621094,296.8427544058445,291.38734983011653,291.8253790066561,7849100
2026-04-08,306.5888366699219,309.8640903908154,303.96066179364243,306.5888366699219,10590200
2026-04-09,308.938232421875,309.8640846884941,304.73715687535,305.5734164156603,6586600
2026-04-10,308.4803161621094,308.9581744354404,305.344449093958,308.6097380099313,6069700
2026-04-13,312.2732238769531,312.33295236293975,304.0900871089203,306.0910825316173,8318200
2026-04-14,309.7247009277344,312.91036189245165,307.4847916064935,308.4305432499699,11455500
2026-04-15,304.5579833984375,312.8307129741003,302.8954898881459,312.54203541599225,9885800
2026-04-16,308.5599670410156,308.5599670410156,303.8312695552229,303.98059076810495,8208600
2026-04-17,308.8984375,313.4877482505245,308.69932229637936,311.068653468178,11082400
2026-04-20,315.5683898925781,315.70777661938337,308.9780833700189,309.45594165814435,10772000
2026-04-21,311.5962829589844,318.8038038717339,311.3474041387296,316.0661368489313,7084300
2026-04-22,311.6161804199219,313.73663281642627,310.5410372905177,313.43799038623484,5545900
2026-04-23,310.29217529296875,313.57736372602733,307.5047445243564,312.11395497732667,6969700
2026-04-24,306.8974609375,309.7545850384977,306.5092257615542,309.7545850384977,5215300
2026-04-27,310.232421875,311.1781431330245,305.50372444273444,305.50372444273444,7925300
2026-04-28,310.0532531738281,314.03531438457196,309.7745101043047,313.78643555890045,7398600
2026-04-29,307.86309814453125,310.65052875636707,305.91189671624613,309.1771855961317,8031800
2026-04-30,311.82525634765625,312.6913497643884,305.1951210592971,305.6928786901284,8865400
2026-05-01,311.06866455078125,314.6624601726697,310.43152018106696,312.54203812020876,6135400
2026-05-04,306.270263671875,309.2568094519629,305.13539207341324,309.22694520939064,7338200
2026-05-05,308.0124206542969,309.5753869306937,305.42407485773,306.32999740556414,6316800
2026-05-06,313.4877624511719,314.84167905955115,309.95369528217543,310.0532528884956,8629500
2026-05-07,304.8964538574219,314.8814709002291,304.76706239082745,313.23887676443206,8359600
2026-05-08,300.74517822265625,307.60426284206056,299.1523476664256,306.86759124184925,9464300
2026-05-11,298.6545715332031,301.83026757429667,297.5395993270601,300.74515961007836,9512000
2026-05-12,303.5126953125,304.6873960201211,294.2245209852311,298.67447538308426,9498200
2026-05-13,298.9034729003906,301.6411400127173,298.72428743531935,300.91440289675086,7709500
2026-05-14,298.56500244140625,302.38777761395096,297.4699295162906,300.8945046380796,7364300
2026-05-15,296.4743957519531,299.44104214981957,295.1205095874812,298.86362628854243,8699300
2026-05-18,299.3813171386719,299.908939014877,295.8870488301784,296.6635495230975,7546300
2026-05-19,294.3738708496094,300.436555061437,293.935841710235,299.7396822358739,8066900
2026-05-20,300.625732421875,301.57145376364997,292.35300240137923,295.3694126574367,9327000
2026-05-21,301.6411437988281,302.6167597554335,298.8636475324957,299.8790926087445,7874400
2026-05-22,305.0059814453125,306.07119010408854,302.4773640852478,303.31359328873907,5973900
2026-05-26,305.3643493652344,308.54004556072954,304.0701916446211,307.1065011172144,7725400
2026-05-27,297.93780517578125,304.52811132231307,294.42363753054383,303.63215366632585,11779200
2026-05-28,295.3992614746094,299.7197941661088,294.4236455581874,296.23549066837876,9757700
2026-05-29,297.9676818847656,298.53513289689414,293.87612858626386,295.070728717322,13969000
2026-06-01,295.2499084472656,298.20659004481905,293.94578586060317,296.3549462063085,7930000
2026-06-02,299.6102600097656,300.7152977310929,293.9457758280521,295.17027051801705,8296200
2026-06-03,299.50079345703125,300.60580089187994,295.23002417973413,298.5749714904202,7003900
2026-06-04,309.4957580566406,311.5066879726736,303.0746723882986,304.36883009196185,10345200
2026-06-05,310.9691162109375,313.58732636819616,308.211549706599,312.8805189963161,9118800
2026-06-08,309.7147521972656,314.88147906470095,309.3862455138746,311.84516953437026,6827000
2026-06-09,311.2976379394531,315.0009559692908,307.62418415256917,312.1040028799189,11594600
2026-06-10,307.75360107421875,313.3384270822022,307.64407859799763,311.1582462393224,7446200
2026-06-11,312.0840759277344,313.30857066124145,307.4947650619962,308.1717081621576,9116600
2026-06-12,319.28167724609375,319.85906276888113,314.1348496322589,314.5529794375797,7426200
2026-06-15,317.96759033203125,324.4583697274161,317.41010417767774,322.4673390673774,7988900
2026-06-16,329.6549377441406,330.26218746993305,322.56684357389287,322.8455866314347,11094900
2026-06-17,331.9645080566406,336.25517637046335,330.01330666560995,330.69024974688585,12246400
2026-06-18,323.761474609375,336.57375116590936,322.70623086248213,335.4388795655989,20111000
2026-06-22,329.993408203125,331.2776010100568,325.28461010223134,328.22139226156105,10182500
2026-06-23,332.6414794921875,333.86594380335947,325.7425357353925,327.9924099173137,7582200
2026-06-24,331.95458984375,333.02973300317086,328.291070440402,331.57628916780243,7907400
2026-06-25,333.6170654296875,341.90972446819404,333.2586945227413,333.4577793441399,10043100
2026-06-26,327.57427978515625,334.8913229247855,326.03124330500606,334.49312290223526,17640900
2026-06-29,327.91278076171875,330.8993264933345,325.73259994718205,326.80774304304947,7981800
2026-06-30,325.86199951171875,328.95806779511634,325.2149206632551,327.41503128103255,8080100
2026-07-01,332.5718078613281,334.13477419390347,323.5524415571975,326.89735842569155,15210200
2026-07-02,332.9700012207031,338.4751995750331,330.2820977776739,336.5040683580973,8413900
2026-07-06,337.7200012207031,339.7200012207031,334.1099853515625,335.0,8673500
2026-07-07,339.2200012207031,341.3999938964844,337.0899963378906,340.9800109863281,7115800
2026-07-08,330.6199951171875,336.5299987792969,330.1300048828125,336.5299987792969,18505200
2026-07-09,335.4700012207031,337.0,330.80999755859375,331.4599914550781,15570600
2026-07-10,336.4700012207031,338.5899963378906,335.7699890136719,337.4700012207031,6299000
2026-07-13,334.5299987792969,338.3500061035156,332.5,338.3399963378906,7120300
2026-07-14,342.8900146484375,344.7300109863281,325.75,327.0,14537900
2026-07-15,346.9100036621094,351.239990234375,344.04998779296875,345.8500061035156,10750000
2026-07-16,343.1499938964844,349.3399963378906,341.1099853515625,349.2799987792969,12432400
2026-07-17,341.1000061035156,346.1300048828125,335.04998779296875,339.0299987792969,9250900
2026-07-20,338.8699951171875,344.260009765625,337.3699951171875,341.79998779296875,7723300
2026-07-21,345.2300109863281,345.739990234375,337.29998779296875,340.1199951171875,6015300
2026-07-22,348.2099914550781,349.07000732421875,344.25,345.07000732421875,8040200
2026-07-23,349.8999938964844,349.9200134277344,345.4200134277344,346.5799865722656,10913000
2026-07-24,353.2099914550781,353.3699951171875,347.5,350.6400146484375,7520800
2026-07-27,356.20001220703125,359.04998779296875,352.5799865722656,357.8900146484375,7884900
2026-07-28,357.30999755859375,359.29998779296875,354.1499938964844,357.29998779296875,6533800
2026-07-29,344.7099914550781,357.3699951171875,343.7799987792969,356.5,8265300
2026-07-30,350.8500061035156,352.2799987792969,345.3699951171875,347.5400085449219,7606500
2026-07-31,351.7900085449219,354.4700012207031,349.70001220703125,353.29998779296875,6603400
2026-08-03,352.6400146484375,355.6199951171875,350.8399963378906,353.75,6436600
2026-08-04,357.5199890136719,363.0,353.8699951171875,355.0,8477200
2026-08-05,359.239990234375,362.1700134277344,358.20001220703125,358.9700012207031,5269500
2026-08-06,356.29998779296875,362.80999755859375,354.95001220703125,362.80999755859375,5820100
2026-08-07,357.5199890136719,358.8500061035156,353.3299865722656,355.760009765625,4566200
2026-08-10,359.7900085449219,359.989990234375,356.5,357.9599914550781,5327500
2026-08-11,362.0400085449219,363.1199951171875,358.6000061035156,360.04998779296875,4576500
2026-08-12,365.17999267578125,366.0899963378906,361.29998779296875,362.9700012207031,4366800
2026-08-13,363.1099853515625,366.5,361.5199890136719,366.5,5102700
2026-08-14,362.8399963378906,365.8999938964844,361.45001220703125,363.0,5058600
2026-08-17,360.9599914550781,365.75,360.9599914550781,361.94000244140625,5281200
2026-08-18,362.3699951171875,362.7799987792969,359.29998779296875,362.3399963378906,2712211
